verse	form	lemma	gold_pos	gold_case_num_gender	ledger_class	kosha_analyses	candidate_class	proposed_action	evidence	decision
1.04	bhīmārjuna-samāḥ	bhīma-arjuna-sama	nominal	nom/pl/m	GAP		G1_compound_member_covered	none: compound; final member carries the gold cell in kosha (compounds are out of paradigm scope)	member: samāḥ	
1.09	nānā-śastra-praharaṇāḥ	nānā-śastra-praharaṇa	nominal	nom/pl/m	GAP		G1_compound_member_covered	none: compound; final member carries the gold cell in kosha (compounds are out of paradigm scope)	member: praharaṇāḥ	
1.10	bhīṣmābhirakṣitam	bhīṣma-abhi-rakṣita	nominal	nom/sg/n	GAP		G2_compound_member_gap	gap-fill candidate: compound's final member lacks the gold cell — review member paradigm	member: bhīṣmābhirakṣitam	
1.10	bhīmābhirakṣitam	bhīma-abhi-rakṣita	nominal	nom/sg/n	GAP		G2_compound_member_gap	gap-fill candidate: compound's final member lacks the gold cell — review member paradigm	member: bhīmābhirakṣitam	
1.12	harṣaṁ	harṣa	nominal	acc/sg/m	GAP		G0_sandhi_surface	none: gold form is a sandhied surface; the pausa form carries the gold cell in kosha	pausa form: harṣam	
1.13	paṇavānaka-gomukhāḥ	paṇava-ānaka-gomukha	nominal	nom/pl/m	GAP		G1_compound_member_covered	none: compound; final member carries the gold cell in kosha (compounds are out of paradigm scope)	member: gomukhāḥ	
1.16	kuntī-putraḥ	kuntī-putra	nominal	nom/sg/m	GAP		G1_compound_member_covered	none: compound; final member carries the gold cell in kosha (compounds are out of paradigm scope)	member: putraḥ	
1.16	sughoṣa-maṇi-puṣpakau	su-ghoṣa-maṇi-puṣpaka	nominal	acc/du/m	GAP		G1_compound_member_covered	none: compound; final member carries the gold cell in kosha (compounds are out of paradigm scope)	member: puṣpakau	
1.20	śastra-saṁpāte	śastra-saṁpāta	nominal	loc/sg/m	GAP		G2_compound_member_gap	gap-fill candidate: compound's final member lacks the gold cell — review member paradigm	member: saṁpāte	
1.22	raṇa-samudyame	raṇa-sam-ud-yama	nominal	loc/sg/m	GAP		G1_compound_member_covered	none: compound; final member carries the gold cell in kosha (compounds are out of paradigm scope)	member: samudyame	
1.23	yotsyamānān	yotsyamāna	participle	acc/pl/m	GAP		G3_lemma_absent	gap-fill candidate: lemma has no paradigm in kosha inflections — generate paradigm (e.g. vidyut-gap-fill)	lemma rows in kosha: 0	
1.23	priya-cikīrṣavaḥ	priya-cikīrṣu	nominal	instr/sg/m	DIVERGE	nom.pl.f;nom.pl.m;voc.pl.f;voc.pl.m	D2_number_mismatch	review: gold number absent from kosha's analyses — gold mislabel OR missing number in paradigm	suspect: gold — kosha's own paradigm of this lemma puts the form in another cell	
1.28	viṣīdan	viṣīdant	participle	nom/sg/m	GAP		G3_lemma_absent	gap-fill candidate: lemma has no paradigm in kosha inflections — generate paradigm (e.g. vidyut-gap-fill)	lemma rows in kosha: 0	
1.33	sukhāni	sukha	nominal	instr/pl/n	DIVERGE	acc.pl.n;nom.pl.n;voc.pl.n	D3_case_mismatch	review: same number, gold case absent — gold mislabel (syncretic ending) OR kosha paradigm cell gap	suspect: gold — kosha's own paradigm of this lemma puts the form in another cell	
1.35	ghnataḥ	ghnant	participle	acc/pl/m	GAP		G3_lemma_absent	gap-fill candidate: lemma has no paradigm in kosha inflections — generate paradigm (e.g. vidyut-gap-fill)	lemma rows in kosha: 0	
1.38	lobhopahata-cetasaḥ	lobha-upahata-cetas	nominal	nom/pl/m	GAP		G2_compound_member_gap	gap-fill candidate: compound's final member lacks the gold cell — review member paradigm	member: cetasaḥ	
1.38	kula-kṣaya-kṛtam	kula-kṣaya-kṛta	nominal	acc/sg/m	GAP		G1_compound_member_covered	none: compound; final member carries the gold cell in kosha (compounds are out of paradigm scope)	member: kṛtam	
1.39	kula-kṣaya-kṛtam	kula-kṣaya-kṛta	nominal	acc/sg/m	GAP		G1_compound_member_covered	none: compound; final member carries the gold cell in kosha (compounds are out of paradigm scope)	member: kṛtam	
1.39	prapaśyadbhiḥ	pra-paśyant	participle	instr/pl/m	GAP		G2_compound_member_gap	gap-fill candidate: compound's final member lacks the gold cell — review member paradigm	member: prapaśyadbhiḥ	
1.41	adharmābhibhavāt	a-dharma-abhi-bhava	nominal	abl/sg/m	GAP		G2_compound_member_gap	gap-fill candidate: compound's final member lacks the gold cell — review member paradigm	member: adharmābhibhavāt	
1.41	kula-striyaḥ	kula-strī	nominal	nom/pl/f	GAP		G2_compound_member_gap	gap-fill candidate: compound's final member lacks the gold cell — review member paradigm	member: striyaḥ	
1.43	varṇa-saṁkara-kārakaiḥ	varṇa-saṁkara-kāraka	nominal	instr/pl/m	GAP		G1_compound_member_covered	none: compound; final member carries the gold cell in kosha (compounds are out of paradigm scope)	member: kārakaiḥ	
1.44	utsanna-kula-dharmāṇāṁ	utsanna-kula-dharma	nominal	gen/pl/m	GAP		G0_sandhi_surface	none: gold form is a sandhied surface; the pausa form carries the gold cell in kosha	pausa form: dharmāṇām	
1.45	mahat	mahant	nominal	acc/sg/n	DIVERGE	nom.sg.f;voc.sg.f	D3_case_mismatch	review: same number, gold case absent — gold mislabel (syncretic ending) OR kosha paradigm cell gap	suspect: kosha — gold lemma's paradigm lacks the form (kosha lemmas: mahat)	
1.45	rājya-sukha-lobhena	rājya-sukha-lobha	nominal	instr/sg/m	GAP		G1_compound_member_covered	none: compound; final member carries the gold cell in kosha (compounds are out of paradigm scope)	member: lobhena	
2.01	aśru-pūrṇākulekṣaṇam	aśru-pūrṇa-ākula-īkṣaṇa	nominal	acc/sg/m	GAP		G2_compound_member_gap	gap-fill candidate: compound's final member lacks the gold cell — review member paradigm	member: pūrṇākulekṣaṇam	
2.01	viṣīdantam	viṣīdant	participle	acc/sg/m	GAP		G3_lemma_absent	gap-fill candidate: lemma has no paradigm in kosha inflections — generate paradigm (e.g. vidyut-gap-fill)	lemma rows in kosha: 0	
2.02	śrī-bhagavān	śrī-bhagavant	nominal	nom/sg/m	GAP		G1_compound_member_covered	none: compound; final member carries the gold cell in kosha (compounds are out of paradigm scope)	member: bhagavān	
2.07	kārpaṇya-doṣopahata-svabhāvaḥ	kārpaṇya-doṣa-upahata-svabhāva	nominal	nom/sg/m	GAP		G1_compound_member_covered	none: compound; final member carries the gold cell in kosha (compounds are out of paradigm scope)	member: svabhāvaḥ	
2.07	dharma-saṁmūḍha-cetāḥ	dharma-saṁmūḍha-cetas	nominal	nom/sg/m	GAP		G2_compound_member_gap	gap-fill candidate: compound's final member lacks the gold cell — review member paradigm	member: cetāḥ	
2.10	viṣīdantam	viṣīdant	participle	acc/sg/m	GAP		G3_lemma_absent	gap-fill candidate: lemma has no paradigm in kosha inflections — generate paradigm (e.g. vidyut-gap-fill)	lemma rows in kosha: 0	
2.11	śrī-bhagavān	śrī-bhagavant	nominal	nom/sg/m	GAP		G1_compound_member_covered	none: compound; final member carries the gold cell in kosha (compounds are out of paradigm scope)	member: bhagavān	
2.14	śītoṣṇa-sukha-duḥkha-dāḥ	śīta-uṣṇa-sukha-duḥkha-da	nominal	nom/pl/m	GAP		G1_compound_member_covered	none: compound; final member carries the gold cell in kosha (compounds are out of paradigm scope)	member: dāḥ	
2.16	asataḥ	a-sant	participle	gen/sg/n	GAP		G2_compound_member_gap	gap-fill candidate: compound's final member lacks the gold cell — review member paradigm	member: asataḥ	
2.16	sataḥ	sant	participle	gen/sg/n	DIVERGE	nom.sg.m	D3_case_mismatch	review: same number, gold case absent — gold mislabel (syncretic ending) OR kosha paradigm cell gap	suspect: kosha — gold lemma's paradigm lacks the form (kosha lemmas: sata)	
2.21	kaṁ	kim	nominal	acc/sg/m	GAP		G0_sandhi_surface	none: gold form is a sandhied surface; the pausa form carries the gold cell in kosha	pausa form: kam	
2.23	āpaḥ	ap	nominal	nom/pl/f	DIVERGE	acc.sg.n;nom.sg.m;nom.sg.n;voc.sg.n	D2_number_mismatch	review: gold number absent from kosha's analyses — gold mislabel OR missing number in paradigm	suspect: kosha — gold lemma's paradigm lacks the form (kosha lemmas: Apa,Apas)	
2.28	avyaktādīni	a-vyakta-ādi	nominal	nom/pl/n	GAP		G2_compound_member_gap	gap-fill candidate: compound's final member lacks the gold cell — review member paradigm	member: avyaktādīni	
2.28	vyakta-madhyāni	vyakta-madhya	nominal	nom/pl/n	GAP		G1_compound_member_covered	none: compound; final member carries the gold cell in kosha (compounds are out of paradigm scope)	member: madhyāni	
2.28	avyakta-nidhanāni	a-vyakta-nidhana	nominal	nom/pl/n	GAP		G1_compound_member_covered	none: compound; final member carries the gold cell in kosha (compounds are out of paradigm scope)	member: nidhanāni	
2.34	saṁbhāvitasya	saṁ-bhāvita	nominal	gen/sg/m	GAP		G2_compound_member_gap	gap-fill candidate: compound's final member lacks the gold cell — review member paradigm	member: saṁbhāvitasya	
2.36	avācya-vādān	avācya-vāda	nominal	acc/pl/m	GAP		G1_compound_member_covered	none: compound; final member carries the gold cell in kosha (compounds are out of paradigm scope)	member: vādān	
2.36	nindantaḥ	nindant	participle	nom/pl/m	GAP		G3_lemma_absent	gap-fill candidate: lemma has no paradigm in kosha inflections — generate paradigm (e.g. vidyut-gap-fill)	lemma rows in kosha: 0	
2.41	vyavasāyātmikā	vyavasāya-ātmikā	nominal	nom/sg/f	GAP		G2_compound_member_gap	gap-fill candidate: compound's final member lacks the gold cell — review member paradigm	member: vyavasāyātmikā	
2.43	janma-karma-phala-pradām	janma-karma-phala-pradā	nominal	acc/sg/f	GAP		G1_compound_member_covered	none: compound; final member carries the gold cell in kosha (compounds are out of paradigm scope)	member: pradām	
2.43	kriyā-viśeṣa-bahulāṁ	kriyā-viśeṣa-bahulā	nominal	acc/sg/f	GAP		G0_sandhi_surface	none: gold form is a sandhied surface; the pausa form carries the gold cell in kosha	pausa form: bahulām	
2.43	bhogaiśvarya-gatiṁ	bhoga-aiśvarya-gati	nominal	acc/sg/f	GAP		G0_sandhi_surface	none: gold form is a sandhied surface; the pausa form carries the gold cell in kosha	pausa form: gatim	
2.44	bhogaiśvarya-prasaktānām	bhoga-aiśvarya-prasakta	nominal	gen/pl/m	GAP		G1_compound_member_covered	none: compound; final member carries the gold cell in kosha (compounds are out of paradigm scope)	member: prasaktānām	
2.44	apahṛta-cetasām	apahṛta-cetas	nominal	gen/pl/m	GAP		G1_compound_member_covered	none: compound; final member carries the gold cell in kosha (compounds are out of paradigm scope)	member: cetasām	
2.44	vyavasāyātmikā	vyavasāya-ātmikā	nominal	nom/sg/f	GAP		G2_compound_member_gap	gap-fill candidate: compound's final member lacks the gold cell — review member paradigm	member: vyavasāyātmikā	
2.45	traiguṇya-viṣayāḥ	traiguṇya-viṣaya	nominal	nom/pl/m	GAP		G1_compound_member_covered	none: compound; final member carries the gold cell in kosha (compounds are out of paradigm scope)	member: viṣayāḥ	
2.45	nitya-sattva-sthaḥ	nitya-sattva-stha	nominal	nom/sg/m	GAP		G1_compound_member_covered	none: compound; final member carries the gold cell in kosha (compounds are out of paradigm scope)	member: sthaḥ	
2.46	saṁplutodake	saṁpluta-udaka	nominal	loc/sg/n	GAP		G2_compound_member_gap	gap-fill candidate: compound's final member lacks the gold cell — review member paradigm	member: saṁplutodake	
2.46	vijānataḥ	vijānant	participle	gen/sg/m	GAP		G3_lemma_absent	gap-fill candidate: lemma has no paradigm in kosha inflections — generate paradigm (e.g. vidyut-gap-fill)	lemma rows in kosha: 0	
2.49	buddhi-yogād	buddhi-yoga	nominal	abl/sg/m	GAP		G0_sandhi_surface	none: gold form is a sandhied surface; the pausa form carries the gold cell in kosha	pausa form: buddhi-yogāt	
2.50	sukṛta-duṣkṛte	sukṛta-duṣkṛta	nominal	acc/du/n	GAP		G1_compound_member_covered	none: compound; final member carries the gold cell in kosha (compounds are out of paradigm scope)	member: duṣkṛte	
2.51	janma-bandha-vinirmuktāḥ	janma-bandha-vinirmukta	nominal	nom/pl/m	GAP		G1_compound_member_covered	none: compound; final member carries the gold cell in kosha (compounds are out of paradigm scope)	member: vinirmuktāḥ	
2.51	anāmayam	an-āmaya	nominal	acc/pl/n	DIVERGE	acc.sg.m;acc.sg.n;nom.sg.n	D2_number_mismatch	review: gold number absent from kosha's analyses — gold mislabel OR missing number in paradigm	suspect: gold — kosha's own paradigm of this lemma puts the form in another cell	
2.54	sthita-dhīḥ	sthita-dhī	nominal	nom/sg/m	GAP		G2_compound_member_gap	gap-fill candidate: compound's final member lacks the gold cell — review member paradigm	member: dhīḥ	
2.55	śrī-bhagavān	śrī-bhagavant	nominal	nom/sg/m	GAP		G1_compound_member_covered	none: compound; final member carries the gold cell in kosha (compounds are out of paradigm scope)	member: bhagavān	
2.56	anudvigna-manāḥ	an-ud-vigna-manas	nominal	nom/sg/m	GAP		G2_compound_member_gap	gap-fill candidate: compound's final member lacks the gold cell — review member paradigm	member: manāḥ	
2.56	sthita-dhīḥ	sthita-dhī	nominal	nom/sg/m	GAP		G2_compound_member_gap	gap-fill candidate: compound's final member lacks the gold cell — review member paradigm	member: dhīḥ	
2.60	yatataḥ	yatant	participle	gen/sg/m	DIVERGE	None.du.None	D1_kosha_null_cells	kosha: existing row has NULL case/gender — fill the cell or flag disputed=1		
2.62	dhyāyataḥ	dhyāyant	participle	gen/sg/m	DIVERGE	None.du.None	D1_kosha_null_cells	kosha: existing row has NULL case/gender — fill the cell or flag disputed=1		
2.62	puṁsaḥ	puṁs	nominal	gen/sg/m	GAP		G3_lemma_absent	gap-fill candidate: lemma has no paradigm in kosha inflections — generate paradigm (e.g. vidyut-gap-fill)	lemma rows in kosha: 0	
2.63	saṁmohaḥ	saṁ-moha	nominal	nom/sg/m	GAP		G2_compound_member_gap	gap-fill candidate: compound's final member lacks the gold cell — review member paradigm	member: saṁmohaḥ	
2.63	saṁmohāt	saṁ-moha	nominal	abl/sg/m	GAP		G2_compound_member_gap	gap-fill candidate: compound's final member lacks the gold cell — review member paradigm	member: saṁmohāt	
2.63	buddhi-nāśaḥ	buddhi-nāśa	nominal	nom/sg/m	GAP		G1_compound_member_covered	none: compound; final member carries the gold cell in kosha (compounds are out of paradigm scope)	member: nāśaḥ	
2.63	buddhi-nāśāt	buddhi-nāśa	nominal	abl/sg/m	GAP		G1_compound_member_covered	none: compound; final member carries the gold cell in kosha (compounds are out of paradigm scope)	member: nāśāt	
2.64	rāga-dveṣa-viyuktaiḥ	rāga-dveṣa-viyukta	nominal	instr/pl/m	GAP		G1_compound_member_covered	none: compound; final member carries the gold cell in kosha (compounds are out of paradigm scope)	member: viyuktaiḥ	
2.64	caran	carant	participle	nom/sg/m	GAP		G3_lemma_absent	gap-fill candidate: lemma has no paradigm in kosha inflections — generate paradigm (e.g. vidyut-gap-fill)	lemma rows in kosha: 0	
2.64	ātma-vaśyaiḥ	ātma-vaśya	nominal	instr/pl/n	GAP		G1_compound_member_covered	none: compound; final member carries the gold cell in kosha (compounds are out of paradigm scope)	member: vaśyaiḥ	
2.65	sarva-duḥkhānām	sarva-duḥkha	nominal	gen/pl/n	GAP		G1_compound_member_covered	none: compound; final member carries the gold cell in kosha (compounds are out of paradigm scope)	member: duḥkhānām	
2.65	prasanna-cetasaḥ	prasanna-cetas	nominal	gen/sg/m	GAP		G1_compound_member_covered	none: compound; final member carries the gold cell in kosha (compounds are out of paradigm scope)	member: cetasaḥ	
2.66	abhāvayataḥ	a-bhāvayant	participle	gen/sg/m	GAP		G2_compound_member_gap	gap-fill candidate: compound's final member lacks the gold cell — review member paradigm	member: abhāvayataḥ	
2.67	caratām	carant	participle	gen/pl/m	DIVERGE	None.du.None;None.sg.None	D1_kosha_null_cells	kosha: existing row has NULL case/gender — fill the cell or flag disputed=1		
2.69	paśyataḥ	paśyant	participle	gen/sg/	DIVERGE	nom.sg.m	D3_case_mismatch	review: same number, gold case absent — gold mislabel (syncretic ending) OR kosha paradigm cell gap	suspect: kosha — gold lemma's paradigm lacks the form (kosha lemmas: paSyata)	
2.70	acala-pratiṣṭham	acala-pratiṣṭha	nominal	acc/sg/m	GAP		G1_compound_member_covered	none: compound; final member carries the gold cell in kosha (compounds are out of paradigm scope)	member: pratiṣṭham	
2.70	āpaḥ	ap	nominal	nom/pl/f	DIVERGE	acc.sg.n;nom.sg.m;nom.sg.n;voc.sg.n	D2_number_mismatch	review: gold number absent from kosha's analyses — gold mislabel OR missing number in paradigm	suspect: kosha — gold lemma's paradigm lacks the form (kosha lemmas: Apa,Apas)	
2.71	pumān	puṁs	nominal	nom/sg/m	GAP		G3_lemma_absent	gap-fill candidate: lemma has no paradigm in kosha inflections — generate paradigm (e.g. vidyut-gap-fill)	lemma rows in kosha: 0	
3.01	jyāyasī	jyāyasī	nominal	nom/sg/f	DIVERGE	acc.du.n;nom.du.n;voc.du.n	D2_number_mismatch	review: gold number absent from kosha's analyses — gold mislabel OR missing number in paradigm	suspect: kosha — gold lemma's paradigm lacks the form (kosha lemmas: jyAyas)	
3.03	śrī-bhagavān	śrī-bhagavant	nominal	nom/sg/m	GAP		G1_compound_member_covered	none: compound; final member carries the gold cell in kosha (compounds are out of paradigm scope)	member: bhagavān	
3.04	saṁnyasanād	saṁnyasana	nominal	abl/sg/n	GAP		G0_sandhi_surface	none: gold form is a sandhied surface; the pausa form carries the gold cell in kosha	pausa form: saṁnyasanāt	
3.05	akarma-kṛt	a-karma-kṛt	nominal	nom/sg/m	GAP		G1_compound_member_covered	none: compound; final member carries the gold cell in kosha (compounds are out of paradigm scope)	member: kṛt	
3.06	smaran	smarant	participle	nom/sg/m	GAP		G3_lemma_absent	gap-fill candidate: lemma has no paradigm in kosha inflections — generate paradigm (e.g. vidyut-gap-fill)	lemma rows in kosha: 0	
3.09	yajñārthāt	yajña-artha	nominal	abl/sg/n	GAP		G2_compound_member_gap	gap-fill candidate: compound's final member lacks the gold cell — review member paradigm	member: yajñārthāt	
3.11	bhāvayantaḥ	bhāvayant	participle	nom/pl/m	GAP		G3_lemma_absent	gap-fill candidate: lemma has no paradigm in kosha inflections — generate paradigm (e.g. vidyut-gap-fill)	lemma rows in kosha: 0	
3.13	yajña-śiṣṭāśinaḥ	yajña-śiṣṭa-āśin	nominal	nom/pl/m	GAP		G1_compound_member_covered	none: compound; final member carries the gold cell in kosha (compounds are out of paradigm scope)	member: śiṣṭāśinaḥ	
3.13	santaḥ	sant	participle	nom/pl/m	DIVERGE	nom.sg.m	D2_number_mismatch	review: gold number absent from kosha's analyses — gold mislabel OR missing number in paradigm	suspect: kosha — gold lemma's paradigm lacks the form (kosha lemmas: santa)	
3.13	sarva-kilbiṣaiḥ	sarva-kilbiṣa	nominal	instr/pl/n	GAP		G1_compound_member_covered	none: compound; final member carries the gold cell in kosha (compounds are out of paradigm scope)	member: kilbiṣaiḥ	
3.13	ātma-kāraṇāt	ātma-kāraṇa	nominal	abl/sg/n	GAP		G1_compound_member_covered	none: compound; final member carries the gold cell in kosha (compounds are out of paradigm scope)	member: kāraṇāt	
3.14	anna-saṁbhavaḥ	anna-saṁbhava	nominal	nom/sg/m	GAP		G2_compound_member_gap	gap-fill candidate: compound's final member lacks the gold cell — review member paradigm	member: saṁbhavaḥ	
3.14	karma-samudbhavaḥ	karma-samudbhava	nominal	nom/sg/m	GAP		G1_compound_member_covered	none: compound; final member carries the gold cell in kosha (compounds are out of paradigm scope)	member: samudbhavaḥ	
3.15	brahmodbhavam	brahma-udbhava	nominal	acc/sg/n	GAP		G2_compound_member_gap	gap-fill candidate: compound's final member lacks the gold cell — review member paradigm	member: brahmodbhavam	
3.15	akṣara-samudbhavam	a-kṣara-samudbhava	nominal	acc/sg/m	GAP		G1_compound_member_covered	none: compound; final member carries the gold cell in kosha (compounds are out of paradigm scope)	member: samudbhavam	
3.16	indriyārāmaḥ	indriya-ārāma	nominal	nom/sg/m	GAP		G2_compound_member_gap	gap-fill candidate: compound's final member lacks the gold cell — review member paradigm	member: indriyārāmaḥ	
3.18	artha-vyapāśrayaḥ	artha-vyapāśraya	nominal	nom/sg/m	GAP		G1_compound_member_covered	none: compound; final member carries the gold cell in kosha (compounds are out of paradigm scope)	member: vyapāśrayaḥ	
3.19	ācaran	ācarant	participle	nom/sg/m	GAP		G3_lemma_absent	gap-fill candidate: lemma has no paradigm in kosha inflections — generate paradigm (e.g. vidyut-gap-fill)	lemma rows in kosha: 0	
3.20	janakādayaḥ	janaka-ādi	nominal	nom/pl/m	GAP		G2_compound_member_gap	gap-fill candidate: compound's final member lacks the gold cell — review member paradigm	member: janakādayaḥ	
3.20	saṁpaśyan	saṁpaśyant	participle	nom/sg/m	GAP		G3_lemma_absent	gap-fill candidate: lemma has no paradigm in kosha inflections — generate paradigm (e.g. vidyut-gap-fill)	lemma rows in kosha: 0	
3.22	triṣu	tri	nominal	loc/pl/m	GAP		G3_lemma_absent	gap-fill candidate: lemma has no paradigm in kosha inflections — generate paradigm (e.g. vidyut-gap-fill)	lemma rows in kosha: 0	
3.25	avidvāṁsaḥ	a-vidvas	nominal	nom/pl/m	GAP		G2_compound_member_gap	gap-fill candidate: compound's final member lacks the gold cell — review member paradigm	member: avidvāṁsaḥ	
3.25	vidvān	vidvas	nominal	nom/sg/m	GAP		G4_cell_absent	gap-fill candidate: lemma paradigm exists but this form/cell is missing — add variant	lemma rows in kosha: 24	
3.26	vidvān	vidvas	nominal	nom/sg/m	GAP		G4_cell_absent	gap-fill candidate: lemma paradigm exists but this form/cell is missing — add variant	lemma rows in kosha: 24	
3.26	samācaran	samācarant	participle	nom/sg/m	GAP		G3_lemma_absent	gap-fill candidate: lemma has no paradigm in kosha inflections — generate paradigm (e.g. vidyut-gap-fill)	lemma rows in kosha: 0	
3.27	ahaṁkāra-vimūḍhātmā	ahaṁkāra-vimūḍhātman	nominal	nom/sg/m	GAP		G1_compound_member_covered	none: compound; final member carries the gold cell in kosha (compounds are out of paradigm scope)	member: vimūḍhātmā	
3.29	guṇa-saṁmūḍhāḥ	guṇa-saṁmūḍhāḥ	nominal	nom/pl/m	GAP		G2_compound_member_gap	gap-fill candidate: compound's final member lacks the gold cell — review member paradigm	member: saṁmūḍhāḥ	
3.29	akṛtsna-vidaḥ	akṛtsna-vit	nominal	acc/pl/m	GAP		G1_compound_member_covered	none: compound; final member carries the gold cell in kosha (compounds are out of paradigm scope)	member: vidaḥ	
3.30	nir-āśīḥ	nir-ā-śis	nominal	nom/sg/m	GAP		G1_compound_member_covered	none: compound; final member carries the gold cell in kosha (compounds are out of paradigm scope)	member: āśīḥ	
3.31	anasūyantaḥ	an-asūyant	participle	nom/pl/m	GAP		G2_compound_member_gap	gap-fill candidate: compound's final member lacks the gold cell — review member paradigm	member: anasūyantaḥ	
3.32	abhyasūyantaḥ	abhi-asūyant	participle	nom/pl/m	GAP		G2_compound_member_gap	gap-fill candidate: compound's final member lacks the gold cell — review member paradigm	member: abhyasūyantaḥ	
3.32	sarva-jñāna-vimūḍhān	sarva-jñāna-vimūḍha	nominal	acc/pl/m	GAP		G1_compound_member_covered	none: compound; final member carries the gold cell in kosha (compounds are out of paradigm scope)	member: vimūḍhān	
3.34	indriyasya indriyasya	indriya	nominal	gen/sg/n	GAP		G5_gold_form_defect	gold: fix the form field in the Gita gold master (duplicated word / variant reading / ASCII h for ḥ) — not an engine gap	multi-word form field	
3.35	śreyān	śreyas	nominal	nom/sg/m	GAP		G4_cell_absent	gap-fill candidate: lemma paradigm exists but this form/cell is missing — add variant	lemma rows in kosha: 25	
3.36	anicchan	an-icchant	participle	nom/sg/m	GAP		G2_compound_member_gap	gap-fill candidate: compound's final member lacks the gold cell — review member paradigm	member: anicchan	
3.37	śrī-bhagavān	śrī-bhagavant	nominal	nom/sg/m	GAP		G1_compound_member_covered	none: compound; final member carries the gold cell in kosha (compounds are out of paradigm scope)	member: bhagavān	
3.37	rajo-guṇa-samudbhavaḥ	rajo-guṇa-samudbhava	nominal	nom/sg/m	GAP		G1_compound_member_covered	none: compound; final member carries the gold cell in kosha (compounds are out of paradigm scope)	member: samudbhavaḥ	
3.39	nitya-vairiṇā	nitya-vairin	nominal	instr/sg/m	GAP		G1_compound_member_covered	none: compound; final member carries the gold cell in kosha (compounds are out of paradigm scope)	member: vairiṇā	
3.41	jñāna-vijñāna-nāśanam	jñāna-vijñāna-nāśana	nominal	acc/sg/m	GAP		G1_compound_member_covered	none: compound; final member carries the gold cell in kosha (compounds are out of paradigm scope)	member: nāśanam	
4.01	śrī-bhagavān	śrī-bhagavant	nominal	nom/sg/m	GAP		G1_compound_member_covered	none: compound; final member carries the gold cell in kosha (compounds are out of paradigm scope)	member: bhagavān	
4.02	paraṁ-parā-prāptam	paraṁ-parā-prāpta	nominal	acc/sg/m	GAP		G1_compound_member_covered	none: compound; final member carries the gold cell in kosha (compounds are out of paradigm scope)	member: prāptam	
4.03	sakhā	sakhi	nominal	nom/sg/m	GAP		G4_cell_absent	gap-fill candidate: lemma paradigm exists but this form/cell is missing — add variant	lemma rows in kosha: 24	
4.05	śrī-bhagavān	śrī-bhagavant	nominal	nom/sg/m	GAP		G1_compound_member_covered	none: compound; final member carries the gold cell in kosha (compounds are out of paradigm scope)	member: bhagavān	
4.06	san	sant	participle	nom/sg/m	GAP		G3_lemma_absent	gap-fill candidate: lemma has no paradigm in kosha inflections — generate paradigm (e.g. vidyut-gap-fill)	lemma rows in kosha: 0	
4.06	san	sant	participle	nom/sg/m	GAP		G3_lemma_absent	gap-fill candidate: lemma has no paradigm in kosha inflections — generate paradigm (e.g. vidyut-gap-fill)	lemma rows in kosha: 0	
4.06	ātma-māyayā	ātma-māyā	nominal	instr/sg/f	GAP		G1_compound_member_covered	none: compound; final member carries the gold cell in kosha (compounds are out of paradigm scope)	member: māyayā	
4.08	duṣkṛtām	duṣ-kṛta	nominal	acc/du/n	DIVERGE	acc.sg.f;gen.pl.f;gen.pl.m;gen.pl.n	D2_number_mismatch	review: gold number absent from kosha's analyses — gold mislabel OR missing number in paradigm	suspect: undetermined — compound lemma keyed differently in kosha (duzkft,duzkftA)	
4.08	dharma-saṁsthāpanārthāya	dharma-saṁsthāpana-artha	nominal	dat/sg/n	GAP		G2_compound_member_gap	gap-fill candidate: compound's final member lacks the gold cell — review member paradigm	member: saṁsthāpanārthāya	
4.08	yuge yuge	yuga	nominal	loc/sg/n	GAP		G5_gold_form_defect	gold: fix the form field in the Gita gold master (duplicated word / variant reading / ASCII h for ḥ) — not an engine gap	multi-word form field	
4.10	jñāna-tapasāḥ	jñāna-tapas	nominal	instr/sg/n	GAP		G2_compound_member_gap	gap-fill candidate: compound's final member lacks the gold cell — review member paradigm	member: tapasāḥ	
4.11	vartman	vartman	nominal	acc/sg/n	DIVERGE	voc.sg.n	D3_case_mismatch	review: same number, gold case absent — gold mislabel (syncretic ending) OR kosha paradigm cell gap	suspect: gold — kosha's own paradigm of this lemma puts the form in another cell	
4.12	kāṅkṣantaḥ	kāṅkṣant	participle	nom/pl/m	GAP		G3_lemma_absent	gap-fill candidate: lemma has no paradigm in kosha inflections — generate paradigm (e.g. vidyut-gap-fill)	lemma rows in kosha: 0	
4.18	kṛtsna-karma-kṛt	kṛtsna-karma-kṛt	nominal	nom/sg/m	GAP		G1_compound_member_covered	none: compound; final member carries the gold cell in kosha (compounds are out of paradigm scope)	member: kṛt	
4.19	kāma-saṁkalpa-varjitāḥ	kāma-saṁkalpa-varjita	nominal	nom/pl/m	GAP		G1_compound_member_covered	none: compound; final member carries the gold cell in kosha (compounds are out of paradigm scope)	member: varjitāḥ	
4.19	jñānāgni-dagdha-karmāṇam	jñāna-agni-dagdha-karmāṇa	nominal	acc/sg/m	GAP		G1_compound_member_covered	none: compound; final member carries the gold cell in kosha (compounds are out of paradigm scope)	member: karmāṇam	
4.19	paṇḍitaṁ	paṇḍita	nominal	acc/sg/m	GAP		G0_sandhi_surface	none: gold form is a sandhied surface; the pausa form carries the gold cell in kosha	pausa form: paṇḍitam	
4.20	karma-phalāsaṅgam	karma-phala-āsaṅga	nominal	acc/sg/m	GAP		G2_compound_member_gap	gap-fill candidate: compound's final member lacks the gold cell — review member paradigm	member: phalāsaṅgam	
4.20	nitya-tṛptaḥ	nitya-tṛpta	nominal	nom/sg/m	GAP		G1_compound_member_covered	none: compound; final member carries the gold cell in kosha (compounds are out of paradigm scope)	member: tṛptaḥ	
4.21	nir-āśīḥ	nir-ā-śis	nominal	nom/sg/m	GAP		G1_compound_member_covered	none: compound; final member carries the gold cell in kosha (compounds are out of paradigm scope)	member: āśīḥ	
4.21	tyakta-sarva-parigrahaḥ	tyakta-sarva-parigraha	nominal	nom/sg/m	GAP		G1_compound_member_covered	none: compound; final member carries the gold cell in kosha (compounds are out of paradigm scope)	member: parigrahaḥ	
4.21	kurvan	kurvant	participle	nom/sg/m	GAP		G3_lemma_absent	gap-fill candidate: lemma has no paradigm in kosha inflections — generate paradigm (e.g. vidyut-gap-fill)	lemma rows in kosha: 0	
4.22	yadṛcchā-lābha-saṁtuṣṭaḥ	yadṛcchā-lābha-saṁtuṣṭa	nominal	nom/sg/m	GAP		G1_compound_member_covered	none: compound; final member carries the gold cell in kosha (compounds are out of paradigm scope)	member: saṁtuṣṭaḥ	
4.23	jñānāvasthita-cetasaḥ	jñāna-avasthita-cetas	nominal	gen/sg/m	GAP		G1_compound_member_covered	none: compound; final member carries the gold cell in kosha (compounds are out of paradigm scope)	member: cetasaḥ	
4.23	ācarataḥ	ācarant	participle	gen/sg/m	GAP		G3_lemma_absent	gap-fill candidate: lemma has no paradigm in kosha inflections — generate paradigm (e.g. vidyut-gap-fill)	lemma rows in kosha: 0	
4.24	brahmāgnau	brahma-agni	nominal	loc/sg/m	GAP		G2_compound_member_gap	gap-fill candidate: compound's final member lacks the gold cell — review member paradigm	member: brahmāgnau	
4.25	brahmāgnāu	brahma-agni	nominal	loc/sg/m	GAP		G2_compound_member_gap	gap-fill candidate: compound's final member lacks the gold cell — review member paradigm	member: brahmāgnāu	
4.26	indriyāgniṣu	indriya-agni	nominal	loc/pl/m	GAP		G2_compound_member_gap	gap-fill candidate: compound's final member lacks the gold cell — review member paradigm	member: indriyāgniṣu	
4.27	indriya-karmāṇi	indriya-karman	nominal	acc/pl/n	GAP		G1_compound_member_covered	none: compound; final member carries the gold cell in kosha (compounds are out of paradigm scope)	member: karmāṇi	
4.27	ātma-saṁyama-yogāgnau	ātma-saṁyama-yoga-agni	nominal	loc/sg/m	GAP		G2_compound_member_gap	gap-fill candidate: compound's final member lacks the gold cell — review member paradigm	member: yogāgnau	
4.27	jñāna-dīpite	jñāna-dīpita	nominal	loc/sg/m	GAP		G1_compound_member_covered	none: compound; final member carries the gold cell in kosha (compounds are out of paradigm scope)	member: dīpite	
4.28	yoga-yajñāḥ	yoga-yajña	nominal	nom/pl/m	GAP		G1_compound_member_covered	none: compound; final member carries the gold cell in kosha (compounds are out of paradigm scope)	member: yajñāḥ	
4.28	svādhyāya-jñāna-yajñāḥ	svādhyāya-jñāna-yajña	nominal	nom/pl/m	GAP		G1_compound_member_covered	none: compound; final member carries the gold cell in kosha (compounds are out of paradigm scope)	member: yajñāḥ	
4.29	prāṇāpāna-gatī	prāṇa-apāna-gati	nominal	acc/du/f	GAP		G1_compound_member_covered	none: compound; final member carries the gold cell in kosha (compounds are out of paradigm scope)	member: gatī	
4.29	prāṇāyāma-parāyaṇāḥ	prāṇa-āyāma-parāyaṇa	nominal	nom/pl/m	GAP		G1_compound_member_covered	none: compound; final member carries the gold cell in kosha (compounds are out of paradigm scope)	member: parāyaṇāḥ	
4.30	yajña-kṣapita-kalmaṣāḥ	yajña-kṣapita-kalmaṣa	nominal	nom/pl/m	GAP		G1_compound_member_covered	none: compound; final member carries the gold cell in kosha (compounds are out of paradigm scope)	member: kalmaṣāḥ	
4.31	yajña-śiṣṭāmṛta-bhujaḥ	yajña-śiṣṭa-amṛta-bhuk	nominal	nom/pl/m	GAP		G1_compound_member_covered	none: compound; final member carries the gold cell in kosha (compounds are out of paradigm scope)	member: bhujaḥ	
4.33	śreyān	śreyas	nominal	nom/sg/m	GAP		G4_cell_absent	gap-fill candidate: lemma paradigm exists but this form/cell is missing — add variant	lemma rows in kosha: 25	
4.36	pāpebhyaḥ	pāpa	nominal	gen/pl/m	DIVERGE	abl.pl.m;abl.pl.n;dat.pl.m;dat.pl.n	D3_case_mismatch	review: same number, gold case absent — gold mislabel (syncretic ending) OR kosha paradigm cell gap	suspect: gold — kosha's own paradigm of this lemma puts the form in another cell	
4.36	pāpa-kṛttamaḥ	pāpa-kṛttama	nominal	nom/sg/m	GAP		G2_compound_member_gap	gap-fill candidate: compound's final member lacks the gold cell — review member paradigm	member: kṛttamaḥ	
4.36	jñāna-plavena	jñāna-plava	nominal	instr/sg/m	GAP		G1_compound_member_covered	none: compound; final member carries the gold cell in kosha (compounds are out of paradigm scope)	member: plavena	
4.38	yoga-saṁsiddhaḥ	yoga-saṁsiddha	nominal	nom/sg/m	GAP		G1_compound_member_covered	none: compound; final member carries the gold cell in kosha (compounds are out of paradigm scope)	member: saṁsiddhaḥ	
4.41	yoga-saṁnyasta-karmāṇam	yoga-saṁnyasta-karman	nominal	acc/sg/m	GAP		G1_compound_member_covered	none: compound; final member carries the gold cell in kosha (compounds are out of paradigm scope)	member: karmāṇam	
4.41	jñāna-saṁchinna-saṁśayam	jñāna-saṁchinna-saṁśaya	nominal	acc/sg/m	GAP		G1_compound_member_covered	none: compound; final member carries the gold cell in kosha (compounds are out of paradigm scope)	member: saṁśayam	
4.42	ajñāna-saṁbhūtam	ajñāna-saṁbhūta	nominal	acc/sg/m	GAP		G2_compound_member_gap	gap-fill candidate: compound's final member lacks the gold cell — review member paradigm	member: saṁbhūtam	
4.42	jñānāsinā	jñānāsi	nominal	instr/sg/m	GAP		G3_lemma_absent	gap-fill candidate: lemma has no paradigm in kosha inflections — generate paradigm (e.g. vidyut-gap-fill)	lemma rows in kosha: 0	
5.02	śrī-bhagavān	śrī-bhagavant	nominal	nom/sg/m	GAP		G1_compound_member_covered	none: compound; final member carries the gold cell in kosha (compounds are out of paradigm scope)	member: bhagavān	
5.02	karma-saṁnyāsāt	karma-saṁnyāsa	nominal	abl/sg/m	GAP		G1_compound_member_covered	none: compound; final member carries the gold cell in kosha (compounds are out of paradigm scope)	member: saṁnyāsāt	
5.07	sarva-bhūtātma-bhūtātmā	sarva-bhūta-ātma-bhūta-ātman	nominal	nom/sg/m	GAP		G1_compound_member_covered	none: compound; final member carries the gold cell in kosha (compounds are out of paradigm scope)	member: bhūtātmā	
5.07	kurvan	kurvant	participle	nom/sg/m	GAP		G3_lemma_absent	gap-fill candidate: lemma has no paradigm in kosha inflections — generate paradigm (e.g. vidyut-gap-fill)	lemma rows in kosha: 0	
5.08	paśyan	paśyant	participle	nom/sg/m	GAP		G3_lemma_absent	gap-fill candidate: lemma has no paradigm in kosha inflections — generate paradigm (e.g. vidyut-gap-fill)	lemma rows in kosha: 0	
5.08	śṛṇvan	śṛṇvant	participle	nom/sg/m	GAP		G3_lemma_absent	gap-fill candidate: lemma has no paradigm in kosha inflections — generate paradigm (e.g. vidyut-gap-fill)	lemma rows in kosha: 0	
5.08	spṛśan	spṛśant	participle	nom/sg/m	GAP		G3_lemma_absent	gap-fill candidate: lemma has no paradigm in kosha inflections — generate paradigm (e.g. vidyut-gap-fill)	lemma rows in kosha: 0	
5.08	jighran	jighrant	participle	nom/sg/	GAP		G3_lemma_absent	gap-fill candidate: lemma has no paradigm in kosha inflections — generate paradigm (e.g. vidyut-gap-fill)	lemma rows in kosha: 0	
5.08	aśnan	aśnant	participle	nom/sg/m	GAP		G3_lemma_absent	gap-fill candidate: lemma has no paradigm in kosha inflections — generate paradigm (e.g. vidyut-gap-fill)	lemma rows in kosha: 0	
5.08	gacchan	gacchant	participle	nom/sg/m	GAP		G3_lemma_absent	gap-fill candidate: lemma has no paradigm in kosha inflections — generate paradigm (e.g. vidyut-gap-fill)	lemma rows in kosha: 0	
5.08	svapan	svapant	participle	nom/sg/m	GAP		G3_lemma_absent	gap-fill candidate: lemma has no paradigm in kosha inflections — generate paradigm (e.g. vidyut-gap-fill)	lemma rows in kosha: 0	
5.08	śvasan	śvasant	participle	nom/sg/m	GAP		G3_lemma_absent	gap-fill candidate: lemma has no paradigm in kosha inflections — generate paradigm (e.g. vidyut-gap-fill)	lemma rows in kosha: 0	
5.09	pralapan	pra-lapant	participle	nom/sg/m	GAP		G2_compound_member_gap	gap-fill candidate: compound's final member lacks the gold cell — review member paradigm	member: pralapan	
5.09	visṛjan	visṛjant	participle	nom/sg/m	GAP		G3_lemma_absent	gap-fill candidate: lemma has no paradigm in kosha inflections — generate paradigm (e.g. vidyut-gap-fill)	lemma rows in kosha: 0	
5.09	gṛhṇan	gṛhṇant	participle	nom/sg/m	GAP		G3_lemma_absent	gap-fill candidate: lemma has no paradigm in kosha inflections — generate paradigm (e.g. vidyut-gap-fill)	lemma rows in kosha: 0	
5.09	unmiṣan	un-miṣant	participle	nom/sg/m	GAP		G2_compound_member_gap	gap-fill candidate: compound's final member lacks the gold cell — review member paradigm	member: unmiṣan	
5.09	nimiṣan	ni-miṣant	participle	nom/sg/m	GAP		G2_compound_member_gap	gap-fill candidate: compound's final member lacks the gold cell — review member paradigm	member: nimiṣan	
5.09	dhārayan	dhārayant	participle	nom/sg/m	GAP		G3_lemma_absent	gap-fill candidate: lemma has no paradigm in kosha inflections — generate paradigm (e.g. vidyut-gap-fill)	lemma rows in kosha: 0	
5.10	padma-patram	padma-patra	nominal	nom/sg/n	GAP		G2_compound_member_gap	gap-fill candidate: compound's final member lacks the gold cell — review member paradigm	member: patram	
5.13	kurvan	kurvant	participle	nom/sg/m	GAP		G3_lemma_absent	gap-fill candidate: lemma has no paradigm in kosha inflections — generate paradigm (e.g. vidyut-gap-fill)	lemma rows in kosha: 0	
5.13	kārayan	kārayant	participle	nom/sg/m	GAP		G3_lemma_absent	gap-fill candidate: lemma has no paradigm in kosha inflections — generate paradigm (e.g. vidyut-gap-fill)	lemma rows in kosha: 0	
5.14	lokasya	loka	nominal	abl/sg/m	DIVERGE	gen.sg.m	D3_case_mismatch	review: same number, gold case absent — gold mislabel (syncretic ending) OR kosha paradigm cell gap	suspect: gold — kosha's own paradigm of this lemma puts the form in another cell	
5.14	karma-phala-saṁyogam	karma-phala-saṁyoga	nominal	acc/sg/m	GAP		G1_compound_member_covered	none: compound; final member carries the gold cell in kosha (compounds are out of paradigm scope)	member: saṁyogam	
5.17	tad-buddhayaḥ	tad-buddhi	nominal	nom/pl/m	GAP		G1_compound_member_covered	none: compound; final member carries the gold cell in kosha (compounds are out of paradigm scope)	member: buddhayaḥ	
5.17	tad-ātmānaḥ	tad-ātman	nominal	nom/pl/m	GAP		G1_compound_member_covered	none: compound; final member carries the gold cell in kosha (compounds are out of paradigm scope)	member: ātmānaḥ	
5.17	tan-niṣṭhāḥ	tad-niṣṭha	nominal	nom/pl/m	GAP		G1_compound_member_covered	none: compound; final member carries the gold cell in kosha (compounds are out of paradigm scope)	member: niṣṭhāḥ	
5.17	jñāna-nirdhūta-kalmaṣāḥ	jñāna-nirdhūta-kalmaṣa	nominal	nom/pl/m	GAP		G1_compound_member_covered	none: compound; final member carries the gold cell in kosha (compounds are out of paradigm scope)	member: kalmaṣāḥ	
5.18	vidyā-vinaya-saṁpanne	vidyā-vinaya-saṁpanna	nominal	loc/sg/m	GAP		G2_compound_member_gap	gap-fill candidate: compound's final member lacks the gold cell — review member paradigm	member: saṁpanne	
5.18	śuni	śvan	nominal	loc/sg/m	DIVERGE	voc.sg.f	D3_case_mismatch	review: same number, gold case absent — gold mislabel (syncretic ending) OR kosha paradigm cell gap	suspect: kosha — gold lemma's paradigm lacks the form (kosha lemmas: SunI)	
5.21	asaktātmā	asakta-ātman	nominal	nom/sg/m	GAP		G2_compound_member_gap	gap-fill candidate: compound's final member lacks the gold cell — review member paradigm	member: asaktātmā	
5.21	brahma-yoga-yuktātmā	brahma-yoga-yuktātman	nominal	nom/sg/m	GAP		G1_compound_member_covered	none: compound; final member carries the gold cell in kosha (compounds are out of paradigm scope)	member: yuktātmā	
5.23	kāma-krodhodbhavam	kāma-krodha-udbhava	nominal	acc/sg/m	GAP		G2_compound_member_gap	gap-fill candidate: compound's final member lacks the gold cell — review member paradigm	member: krodhodbhavam	
5.26	kāma-krodha-viyuktānām	kāma-krodha-viyukta	nominal	gen/pl/m	GAP		G1_compound_member_covered	none: compound; final member carries the gold cell in kosha (compounds are out of paradigm scope)	member: viyuktānām	
5.26	viditātmanām	vidita-ātman	nominal	gen/pl/m	GAP		G2_compound_member_gap	gap-fill candidate: compound's final member lacks the gold cell — review member paradigm	member: viditātmanām	
5.27	bhruvoḥ	bhrū	nominal	gen/du/f	GAP		G3_lemma_absent	gap-fill candidate: lemma has no paradigm in kosha inflections — generate paradigm (e.g. vidyut-gap-fill)	lemma rows in kosha: 0	
5.27	nāsābhyantara-cāriṇau	nāsā-abhy-antara-cārin	nominal	acc/du/m	GAP		G1_compound_member_covered	none: compound; final member carries the gold cell in kosha (compounds are out of paradigm scope)	member: cāriṇau	
5.28	yatendriya-mano-buddhiḥ	yata-indriya-mano-buddhi	nominal	nom/sg/m	GAP		G1_compound_member_covered	none: compound; final member carries the gold cell in kosha (compounds are out of paradigm scope)	member: buddhiḥ	
5.28	mokṣa-parāyaṇaḥ	mokṣa-parāyaṇa	nominal	nom/pl/m	DIVERGE	nom.sg.m	D2_number_mismatch	review: gold number absent from kosha's analyses — gold mislabel OR missing number in paradigm	suspect: gold — kosha's own paradigm of this lemma puts the form in another cell	
5.28	vigatecchā-bhaya-krodhaḥ	vigata-icchā-bhaya-krodha	nominal	nom/sg/m	GAP		G1_compound_member_covered	none: compound; final member carries the gold cell in kosha (compounds are out of paradigm scope)	member: krodhaḥ	
5.29	yajña-tapasām	yajña-tapas	nominal	gen/pl/n	GAP		G1_compound_member_covered	none: compound; final member carries the gold cell in kosha (compounds are out of paradigm scope)	member: tapasām	
6.01	śrī-bhagavān	śrī-bhagavant	nominal	nom/sg/m	GAP		G1_compound_member_covered	none: compound; final member carries the gold cell in kosha (compounds are out of paradigm scope)	member: bhagavān	
6.02	asaṁnyasta-saṁkalpaḥ	a-saṁnyasta-saṁkalpa	nominal	nom/sg/m	GAP		G1_compound_member_covered	none: compound; final member carries the gold cell in kosha (compounds are out of paradigm scope)	member: saṁkalpaḥ	
6.04	sarva-saṁkalpa-saṁnyāsī	sarva-saṁkalpa-saṁnyāsin	nominal	nom/sg/m	GAP		G1_compound_member_covered	none: compound; final member carries the gold cell in kosha (compounds are out of paradigm scope)	member: saṁnyāsī	
6.07	śītoṣṇa-sukha-duḥkheṣu	śīta-uṣṇa-sukha-duḥkha	nominal	loc/pl/n	GAP		G1_compound_member_covered	none: compound; final member carries the gold cell in kosha (compounds are out of paradigm scope)	member: duḥkheṣu	
6.07	mānāvamānayoḥ	māna-avamāna	nominal	loc/du/m	GAP		G2_compound_member_gap	gap-fill candidate: compound's final member lacks the gold cell — review member paradigm	member: mānāvamānayoḥ	
6.08	jñāna-vijñāna-tṛptātmā	jñāna-vijñāna-tṛpta-ātman	nominal	nom/sg/m	GAP		G1_compound_member_covered	none: compound; final member carries the gold cell in kosha (compounds are out of paradigm scope)	member: tṛptātmā	
6.09	suhṛn-mitrāry-udāsīna-madhyastha-dveṣya-bandhuṣu	suhṛn-mitra-ary-udāsīna-madhya-stha-dveṣya-bandhu	nominal	loc/pl/m	GAP		G1_compound_member_covered	none: compound; final member carries the gold cell in kosha (compounds are out of paradigm scope)	member: bandhuṣu	
6.10	nirāśīḥ	nir-āśis	nominal	nom/sg/m	GAP		G2_compound_member_gap	gap-fill candidate: compound's final member lacks the gold cell — review member paradigm	member: nirāśīḥ	
6.11	cailājina-kuśottaram	caila-ajina-kuśa-uttara	nominal	acc/sg/n	GAP		G2_compound_member_gap	gap-fill candidate: compound's final member lacks the gold cell — review member paradigm	member: kuśottaram	
6.12	yata-cittendriya-kriyaḥ	yata-citta-indriya-kriya	nominal	nom/sg/m	GAP		G1_compound_member_covered	none: compound; final member carries the gold cell in kosha (compounds are out of paradigm scope)	member: kriyaḥ	
6.12	ātma-viśuddhaye	ātma-viśuddhi	nominal	dat/sg/f	GAP		G1_compound_member_covered	none: compound; final member carries the gold cell in kosha (compounds are out of paradigm scope)	member: viśuddhaye	
6.13	kāya-śiro-grīvam	kāya-śiro-grīva	nominal	acc/sg/n	GAP		G1_compound_member_covered	none: compound; final member carries the gold cell in kosha (compounds are out of paradigm scope)	member: grīvam	
6.13	dhārayan	dhārayant	participle	nom/sg/m	GAP		G3_lemma_absent	gap-fill candidate: lemma has no paradigm in kosha inflections — generate paradigm (e.g. vidyut-gap-fill)	lemma rows in kosha: 0	
6.13	anavalokayan	an-ava-lokayant	participle	nom/sg/m	GAP		G2_compound_member_gap	gap-fill candidate: compound's final member lacks the gold cell — review member paradigm	member: anavalokayan	
6.14	vigatabhīḥ	vigata-bhī	nominal	nom/sg/m	GAP		G2_compound_member_gap	gap-fill candidate: compound's final member lacks the gold cell — review member paradigm	member: vigatabhīḥ	
6.14	brahmacāri-vrate	brahmacāri-vrata	nominal	loc/sg/n	GAP		G1_compound_member_covered	none: compound; final member carries the gold cell in kosha (compounds are out of paradigm scope)	member: vrate	
6.15	yuñjan	yuñjant	participle	nom/sg/	GAP		G3_lemma_absent	gap-fill candidate: lemma has no paradigm in kosha inflections — generate paradigm (e.g. vidyut-gap-fill)	lemma rows in kosha: 0	
6.15	nirvāṇa-paramām	nirvāṇa-paramā	nominal	acc/sg/f	GAP		G1_compound_member_covered	none: compound; final member carries the gold cell in kosha (compounds are out of paradigm scope)	member: paramām	
6.16	aty-aśnataḥ	ati-aśnant	participle	gen/sg/m	GAP		G2_compound_member_gap	gap-fill candidate: compound's final member lacks the gold cell — review member paradigm	member: aśnataḥ	
6.16	anaśnataḥ	an-aśnant	participle	gen/sg/m	GAP		G2_compound_member_gap	gap-fill candidate: compound's final member lacks the gold cell — review member paradigm	member: anaśnataḥ	
6.16	ati-svapna-śīlasya	ati-svapna-śīlasya	nominal	gen/sg/m	GAP		G1_compound_member_covered	none: compound; final member carries the gold cell in kosha (compounds are out of paradigm scope)	member: śīlasya	
6.16	jāgrataḥ	jāgrata	participle	nom/sg/m	GAP		G3_lemma_absent	gap-fill candidate: lemma has no paradigm in kosha inflections — generate paradigm (e.g. vidyut-gap-fill)	lemma rows in kosha: 0	
6.19	nivāta-sthaḥ	nivāta-stha	nominal	nom/sg/m	GAP		G1_compound_member_covered	none: compound; final member carries the gold cell in kosha (compounds are out of paradigm scope)	member: sthaḥ	
6.19	yata-cittasya	yata-citta	nominal	gen/sg/m	GAP		G1_compound_member_covered	none: compound; final member carries the gold cell in kosha (compounds are out of paradigm scope)	member: cittasya	
6.19	yuñjataḥ	yuñjant	participle	gen/sg/	GAP		G3_lemma_absent	gap-fill candidate: lemma has no paradigm in kosha inflections — generate paradigm (e.g. vidyut-gap-fill)	lemma rows in kosha: 0	
6.20	paśyan	paśyant	participle	nom/sg/m	GAP		G3_lemma_absent	gap-fill candidate: lemma has no paradigm in kosha inflections — generate paradigm (e.g. vidyut-gap-fill)	lemma rows in kosha: 0	
6.21	atīndriyam	ati-indriya	nominal	nom/du/n	DIVERGE	acc.sg.m;acc.sg.n;nom.sg.n	D2_number_mismatch	review: gold number absent from kosha's analyses — gold mislabel OR missing number in paradigm	suspect: undetermined — compound lemma keyed differently in kosha (atIndriya)	
6.23	duḥkha-saṁyoga-viyogam	duḥkha-saṁyoga-viyoga	nominal	acc/sg/m	GAP		G1_compound_member_covered	none: compound; final member carries the gold cell in kosha (compounds are out of paradigm scope)	member: viyogam	
6.23	yoga-saṁjñitam	yoga-saṁjñita	nominal	acc/sg/m	GAP		G1_compound_member_covered	none: compound; final member carries the gold cell in kosha (compounds are out of paradigm scope)	member: saṁjñitam	
6.23	anirviṇṇa-cetasā	a-nirviṇṇa-cetas	nominal	instr/sg/m	GAP		G1_compound_member_covered	none: compound; final member carries the gold cell in kosha (compounds are out of paradigm scope)	member: cetasā	
6.27	praśānta-manasam	praśānta-manas	nominal	nom/sg/m	GAP		G1_compound_member_covered	none: compound; final member carries the gold cell in kosha (compounds are out of paradigm scope)	member: manasam	
6.28	yuñjan	yuñjant	participle	nom/sg/	GAP		G3_lemma_absent	gap-fill candidate: lemma has no paradigm in kosha inflections — generate paradigm (e.g. vidyut-gap-fill)	lemma rows in kosha: 0	
6.28	brahma-saṁsparśam	brahma-saṁsparśa	nominal	acc/sg/n	GAP		G1_compound_member_covered	none: compound; final member carries the gold cell in kosha (compounds are out of paradigm scope)	member: saṁsparśam	
6.29	yoga-yuktātmā	yoga-yuktātman	nominal	nom/sg/m	GAP		G1_compound_member_covered	none: compound; final member carries the gold cell in kosha (compounds are out of paradigm scope)	member: yuktātmā	
6.34	suduṣkaram	su-duṣ-kara	nominal	instr/sg/m	DIVERGE	acc.sg.m;acc.sg.n;nom.sg.n	D3_case_mismatch	review: same number, gold case absent — gold mislabel (syncretic ending) OR kosha paradigm cell gap	suspect: gold — kosha's own paradigm of this lemma puts the form in another cell	
6.35	śrī-bhagavān	śrī-bhagavant	nominal	nom/sg/m	GAP		G1_compound_member_covered	none: compound; final member carries the gold cell in kosha (compounds are out of paradigm scope)	member: bhagavān	
6.36	yatatā	yatant	participle	instr/sg/m	GAP		G3_lemma_absent	gap-fill candidate: lemma has no paradigm in kosha inflections — generate paradigm (e.g. vidyut-gap-fill)	lemma rows in kosha: 0	
6.37	calita-mānasaḥ	calita-mānasa	nominal	nom/sg/m	GAP		G1_compound_member_covered	none: compound; final member carries the gold cell in kosha (compounds are out of paradigm scope)	member: mānasaḥ	
6.38	ubhaya-vibhraṣṭaḥ	ubhaya-vibhraṣṭa	nominal	nom/sg/m	GAP		G1_compound_member_covered	none: compound; final member carries the gold cell in kosha (compounds are out of paradigm scope)	member: vibhraṣṭaḥ	
6.38	pathi	pathin	nominal	loc/sg/n	GAP		G3_lemma_absent	gap-fill candidate: lemma has no paradigm in kosha inflections — generate paradigm (e.g. vidyut-gap-fill)	lemma rows in kosha: 0	
6.40	śrī-bhagavān	śrī-bhagavant	nominal	nom/sg/m	GAP		G1_compound_member_covered	none: compound; final member carries the gold cell in kosha (compounds are out of paradigm scope)	member: bhagavān	
6.41	puṇya-kṛtān	puṇya-kṛta	nominal	acc/pl/m	GAP		G1_compound_member_covered	none: compound; final member carries the gold cell in kosha (compounds are out of paradigm scope)	member: kṛtān	
6.42	durlabhataram	dur-labha-tara	nominal	nom/sg/n	GAP		G2_compound_member_gap	gap-fill candidate: compound's final member lacks the gold cell — review member paradigm	member: durlabhataram	
6.43	buddhi-saṁyogam	buddhi-saṁyoga	nominal	acc/sg/m	GAP		G1_compound_member_covered	none: compound; final member carries the gold cell in kosha (compounds are out of paradigm scope)	member: saṁyogam	
6.45	yatamānaḥ	yatamāna	participle	nom/sg/m	GAP		G3_lemma_absent	gap-fill candidate: lemma has no paradigm in kosha inflections — generate paradigm (e.g. vidyut-gap-fill)	lemma rows in kosha: 0	
6.45	aneka-janma-saṁsiddhaḥ	aneka-janma-saṁsiddha	nominal	nom/sg/m	GAP		G1_compound_member_covered	none: compound; final member carries the gold cell in kosha (compounds are out of paradigm scope)	member: saṁsiddhaḥ	
6.47	mad-gatena	mad-gata	nominal	instr/sg/m	GAP		G1_compound_member_covered	none: compound; final member carries the gold cell in kosha (compounds are out of paradigm scope)	member: gatena	
7.01	śrī-bhagavān	śrī-bhagavant	nominal	nom/sg/m	GAP		G1_compound_member_covered	none: compound; final member carries the gold cell in kosha (compounds are out of paradigm scope)	member: bhagavān	
7.01	yuñjan	yuñjant	participle	nom/sg/m	GAP		G3_lemma_absent	gap-fill candidate: lemma has no paradigm in kosha inflections — generate paradigm (e.g. vidyut-gap-fill)	lemma rows in kosha: 0	
7.01	mad-āśrayaḥ	mad-āśraya	nominal	nom/sg/m	GAP		G1_compound_member_covered	none: compound; final member carries the gold cell in kosha (compounds are out of paradigm scope)	member: āśrayaḥ	
7.01	samagram	samagra	nominal	nom/du/m	DIVERGE	acc.sg.m;acc.sg.n;nom.sg.n	D2_number_mismatch	review: gold number absent from kosha's analyses — gold mislabel OR missing number in paradigm	suspect: gold — kosha's own paradigm of this lemma puts the form in another cell	
7.03	yatatām	yatant	participle	gen/pl/m	DIVERGE	None.du.None;None.sg.None	D1_kosha_null_cells	kosha: existing row has NULL case/gender — fill the cell or flag disputed=1		
7.04	āpaḥ	ap	nominal	nom/pl/f	DIVERGE	acc.sg.n;nom.sg.m;nom.sg.n;voc.sg.n	D2_number_mismatch	review: gold number absent from kosha's analyses — gold mislabel OR missing number in paradigm	suspect: kosha — gold lemma's paradigm lacks the form (kosha lemmas: Apa,Apas)	
7.08	prabhā	pra-bhā	nominal	nom/sg/f	GAP		G2_compound_member_gap	gap-fill candidate: compound's final member lacks the gold cell — review member paradigm	member: prabhā	
7.08	śaśi-sūryayoḥ	śaśi-sūrya	nominal	gen/du/m	GAP		G1_compound_member_covered	none: compound; final member carries the gold cell in kosha (compounds are out of paradigm scope)	member: sūryayoḥ	
7.11	kāma-rāga-vivarjitam	kāma-rāga-vivarjita	nominal	nom/sg/n	GAP		G1_compound_member_covered	none: compound; final member carries the gold cell in kosha (compounds are out of paradigm scope)	member: vivarjitam	
7.11	dharmāviruddhaḥ	dharma-aviruddha	nominal	nom/sg/m	GAP		G2_compound_member_gap	gap-fill candidate: compound's final member lacks the gold cell — review member paradigm	member: dharmāviruddhaḥ	
7.13	tribhiḥ	tri	nominal	instr/pl/m	GAP		G3_lemma_absent	gap-fill candidate: lemma has no paradigm in kosha inflections — generate paradigm (e.g. vidyut-gap-fill)	lemma rows in kosha: 0	
7.14	guṇa-mayī	guṇa-mayī	nominal	nom/sg/f	GAP		G1_compound_member_covered	none: compound; final member carries the gold cell in kosha (compounds are out of paradigm scope)	member: mayī	
7.15	mūḍhāḥ	mūḍha	participle	nom/sg/m	DIVERGE	acc.pl.f;nom.pl.f;nom.pl.m;voc.pl.f;voc.pl.m	D2_number_mismatch	review: gold number absent from kosha's analyses — gold mislabel OR missing number in paradigm	suspect: gold — kosha's own paradigm of this lemma puts the form in another cell	
7.15	apahṛta-jñānāḥ	apahṛta-jñāna	nominal	nom/pl/m	GAP		G1_compound_member_covered	none: compound; final member carries the gold cell in kosha (compounds are out of paradigm scope)	member: jñānāḥ	
7.19	mahātmā	mahā-ātman	nominal	nom/sg/m	GAP		G2_compound_member_gap	gap-fill candidate: compound's final member lacks the gold cell — review member paradigm	member: mahātmā	
7.23	deva-yajaḥ	deva-yaj	nominal	nom/pl/m	GAP		G2_compound_member_gap	gap-fill candidate: compound's final member lacks the gold cell — review member paradigm	member: yajaḥ	
7.24	ajānantaḥ	a-jānant	participle	nom/pl/m	GAP		G2_compound_member_gap	gap-fill candidate: compound's final member lacks the gold cell — review member paradigm	member: ajānantaḥ	
7.25	yoga-māyā-samāvṛtaḥ	yoga-māyā-samāvṛta	nominal	nom/sg/m	GAP		G1_compound_member_covered	none: compound; final member carries the gold cell in kosha (compounds are out of paradigm scope)	member: samāvṛtaḥ	
7.27	icchā-dveṣa-samutthena	icchā-dveṣa-samuttha	nominal	instr/sg/m	GAP		G1_compound_member_covered	none: compound; final member carries the gold cell in kosha (compounds are out of paradigm scope)	member: samutthena	
7.27	saṁmoham	saṁ-moha	nominal	acc/sg/m	GAP		G2_compound_member_gap	gap-fill candidate: compound's final member lacks the gold cell — review member paradigm	member: saṁmoham	
7.28	dvaṁdva-moha-nirmuktāḥ	dvaṁdva-moha-nirmukta	nominal	nom/pl/m	GAP		G1_compound_member_covered	none: compound; final member carries the gold cell in kosha (compounds are out of paradigm scope)	member: nirmuktāḥ	
7.29	jarā-maraṇa-mokṣāya	jarā-maraṇa-mokṣa	nominal	dat/sg/m	GAP		G1_compound_member_covered	none: compound; final member carries the gold cell in kosha (compounds are out of paradigm scope)	member: mokṣāya	
7.30	yukta-cetasaḥ	yukta-cetas	nominal	nom/pl/m	GAP		G2_compound_member_gap	gap-fill candidate: compound's final member lacks the gold cell — review member paradigm	member: cetasaḥ	
8.03	śrī-bhagavān	śrī-bhagavant	nominal	nom/sg/m	GAP		G1_compound_member_covered	none: compound; final member carries the gold cell in kosha (compounds are out of paradigm scope)	member: bhagavān	
8.03	bhūta-bhāvodbhava-karaḥ	bhūta-bhāva-udbhava-kara	nominal	nom/sg/m	GAP		G1_compound_member_covered	none: compound; final member carries the gold cell in kosha (compounds are out of paradigm scope)	member: karaḥ	
8.03	karma-saṁjñitaḥ	karma-saṁjñita	nominal	nom/sg/m	GAP		G1_compound_member_covered	none: compound; final member carries the gold cell in kosha (compounds are out of paradigm scope)	member: saṁjñitaḥ	
8.05	smaran	smarant	participle	nom/sg/m	GAP		G3_lemma_absent	gap-fill candidate: lemma has no paradigm in kosha inflections — generate paradigm (e.g. vidyut-gap-fill)	lemma rows in kosha: 0	
8.06	smaran	smarant	participle	nom/sg/m	GAP		G3_lemma_absent	gap-fill candidate: lemma has no paradigm in kosha inflections — generate paradigm (e.g. vidyut-gap-fill)	lemma rows in kosha: 0	
8.06	tad-bhāva-bhāvitaḥ	tad-bhāva-bhāvita	nominal	nom/sg/m	GAP		G1_compound_member_covered	none: compound; final member carries the gold cell in kosha (compounds are out of paradigm scope)	member: bhāvitaḥ	
8.07	arpita-mano-buddhiḥ	arpita-mano-buddhi	nominal	nom/sg/m	GAP		G1_compound_member_covered	none: compound; final member carries the gold cell in kosha (compounds are out of paradigm scope)	member: buddhiḥ	
8.08	abhyāsa-yoga-yuktena	abhyāsa-yoga-yukta	nominal	instr/sg/n	GAP		G1_compound_member_covered	none: compound; final member carries the gold cell in kosha (compounds are out of paradigm scope)	member: yuktena	
8.08	anucintayan	anu-cintayant	nominal	nom/sg/m	GAP		G2_compound_member_gap	gap-fill candidate: compound's final member lacks the gold cell — review member paradigm	member: anucintayan	
8.09	aṇīyāṁsam	aṇīyas	nominal	acc/sg/m	GAP		G4_cell_absent	gap-fill candidate: lemma paradigm exists but this form/cell is missing — add variant	lemma rows in kosha: 24	
8.10	bhruvoḥ	bhrū	nominal	gen/du/f	GAP		G3_lemma_absent	gap-fill candidate: lemma has no paradigm in kosha inflections — generate paradigm (e.g. vidyut-gap-fill)	lemma rows in kosha: 0	
8.11	icchantaḥ	icchant	participle	nom/pl/m	GAP		G3_lemma_absent	gap-fill candidate: lemma has no paradigm in kosha inflections — generate paradigm (e.g. vidyut-gap-fill)	lemma rows in kosha: 0	
8.12	sarva-dvārāṇi	sarva-dvāra	nominal	acc/pl/n	GAP		G1_compound_member_covered	none: compound; final member carries the gold cell in kosha (compounds are out of paradigm scope)	member: dvārāṇi	
8.13	vyāharan	vy-ā-harant	participle	nom/sg/m	GAP		G2_compound_member_gap	gap-fill candidate: compound's final member lacks the gold cell — review member paradigm	member: vyāharan	
8.13	anusmaran	anusmarant	participle	nom/sg/m	GAP		G3_lemma_absent	gap-fill candidate: lemma has no paradigm in kosha inflections — generate paradigm (e.g. vidyut-gap-fill)	lemma rows in kosha: 0	
8.13	tyajan	tyajant	participle	nom/sg/	GAP		G3_lemma_absent	gap-fill candidate: lemma has no paradigm in kosha inflections — generate paradigm (e.g. vidyut-gap-fill)	lemma rows in kosha: 0	
8.15	duḥkhālayam	duḥkha-ālaya	nominal	acc/sg/n	GAP		G2_compound_member_gap	gap-fill candidate: compound's final member lacks the gold cell — review member paradigm	member: duḥkhālayam	
8.15	mahātmānaḥ	mahā-ātman	nominal	nom/pl/m	GAP		G2_compound_member_gap	gap-fill candidate: compound's final member lacks the gold cell — review member paradigm	member: mahātmānaḥ	
8.16	ā-brahma-bhuvanāt	ā-brahma-bhuvana	nominal	abl/sg/n	GAP		G1_compound_member_covered	none: compound; final member carries the gold cell in kosha (compounds are out of paradigm scope)	member: bhuvanāt	
8.17	sahasra-yuga-paryantam	sahasra-yuga-paryanta	nominal	acc/sg/m	GAP		G1_compound_member_covered	none: compound; final member carries the gold cell in kosha (compounds are out of paradigm scope)	member: paryantam	
8.17	ahaḥ	ahar	nominal	acc/sg/n	DIVERGE	nom.sg.m	D3_case_mismatch	review: same number, gold case absent — gold mislabel (syncretic ending) OR kosha paradigm cell gap	suspect: kosha — gold lemma's paradigm lacks the form (kosha lemmas: aha)	
8.17	yuga-sahasrāntām	yuga-sahasra-antā	nominal	acc/sg/f	GAP		G2_compound_member_gap	gap-fill candidate: compound's final member lacks the gold cell — review member paradigm	member: sahasrāntām	
8.17	aho-rātra-vidaḥ	aho-rātra-vit	nominal	nom/pl/m	GAP		G1_compound_member_covered	none: compound; final member carries the gold cell in kosha (compounds are out of paradigm scope)	member: vidaḥ	
8.18	avyakta-saṁjñake	avyakta-saṁjñaka	nominal	loc/sg/m	GAP		G1_compound_member_covered	none: compound; final member carries the gold cell in kosha (compounds are out of paradigm scope)	member: saṁjñake	
8.20	naśyatsu	naśyant	participle	loc/pl/m	GAP		G3_lemma_absent	gap-fill candidate: lemma has no paradigm in kosha inflections — generate paradigm (e.g. vidyut-gap-fill)	lemma rows in kosha: 0	
8.27	jānan	jānant	participle	nom/sg/m	GAP		G3_lemma_absent	gap-fill candidate: lemma has no paradigm in kosha inflections — generate paradigm (e.g. vidyut-gap-fill)	lemma rows in kosha: 0	
9.01	śrī-bhagavān	śrī-bhagavant	nominal	nom/sg/m	GAP		G1_compound_member_covered	none: compound; final member carries the gold cell in kosha (compounds are out of paradigm scope)	member: bhagavān	
9.01	guhyatamam	guhyatama	nominal	acc/sg/n	GAP		G3_lemma_absent	gap-fill candidate: lemma has no paradigm in kosha inflections — generate paradigm (e.g. vidyut-gap-fill)	lemma rows in kosha: 0	
9.01	vijñāna-sahitam	vijñāna-sahita	nominal	acc/sg/n	GAP		G1_compound_member_covered	none: compound; final member carries the gold cell in kosha (compounds are out of paradigm scope)	member: sahitam	
9.03	mṛtyu-saṁsāra-vartmani	mṛtyu-saṁsāra-vartman	nominal	loc/sg/n	GAP		G1_compound_member_covered	none: compound; final member carries the gold cell in kosha (compounds are out of paradigm scope)	member: vartmani	
9.04	jagat	jagat	nominal	gen/sg/n	DIVERGE	acc.sg.n;nom.sg.f;nom.sg.m;nom.sg.n;voc.sg.f;voc.sg.m	D3_case_mismatch	review: same number, gold case absent — gold mislabel (syncretic ending) OR kosha paradigm cell gap	suspect: gold — kosha's own paradigm of this lemma puts the form in another cell	
9.04	mat-sthāni	mat-stha	nominal	nom/pl/n	GAP		G1_compound_member_covered	none: compound; final member carries the gold cell in kosha (compounds are out of paradigm scope)	member: sthāni	
9.05	mat-sthāni	mat-stha	nominal	nom/pl/n	GAP		G1_compound_member_covered	none: compound; final member carries the gold cell in kosha (compounds are out of paradigm scope)	member: sthāni	
9.05	bhūta-sthaḥ	bhūta-stha	nominal	acc/sg/m	DIVERGE	nom.sg.m	D3_case_mismatch	review: same number, gold case absent — gold mislabel (syncretic ending) OR kosha paradigm cell gap	suspect: gold — kosha's own paradigm of this lemma puts the form in another cell	
9.06	ākāśa-sthitaḥ	ākāśa-sthita	nominal	nom/sg/m	GAP		G1_compound_member_covered	none: compound; final member carries the gold cell in kosha (compounds are out of paradigm scope)	member: sthitaḥ	
9.06	mahān	mahant	nominal	nom/sg/m	DIVERGE	acc.pl.m	D2_number_mismatch	review: gold number absent from kosha's analyses — gold mislabel OR missing number in paradigm	suspect: kosha — gold lemma's paradigm lacks the form (kosha lemmas: maha)	
9.06	mat-sthāni	mat-stha	nominal	nom/pl/n	GAP		G1_compound_member_covered	none: compound; final member carries the gold cell in kosha (compounds are out of paradigm scope)	member: sthāni	
9.07	māmikām	māmikā	nominal	acc/sg/f	GAP		G3_lemma_absent	gap-fill candidate: lemma has no paradigm in kosha inflections — generate paradigm (e.g. vidyut-gap-fill)	lemma rows in kosha: 0	
9.11	ajānantah	a-jānant	participle	nom/pl/m	GAP		G5_gold_form_defect	gold: fix the form field in the Gita gold master (duplicated word / variant reading / ASCII h for ḥ) — not an engine gap	ASCII h typed for visarga ḥ	
9.13	mahātmānaḥ	mahā-ātman	nominal	nom/pl/m	GAP		G2_compound_member_gap	gap-fill candidate: compound's final member lacks the gold cell — review member paradigm	member: mahātmānaḥ	
9.14	kīrtayantaḥ	kīrtayant	participle	nom/pl/m	GAP		G3_lemma_absent	gap-fill candidate: lemma has no paradigm in kosha inflections — generate paradigm (e.g. vidyut-gap-fill)	lemma rows in kosha: 0	
9.14	yatantaḥ	yatant	participle	nom/pl/m	GAP		G3_lemma_absent	gap-fill candidate: lemma has no paradigm in kosha inflections — generate paradigm (e.g. vidyut-gap-fill)	lemma rows in kosha: 0	
9.14	namasyantaḥ	namasyant	participle	nom/pl/m	GAP		G3_lemma_absent	gap-fill candidate: lemma has no paradigm in kosha inflections — generate paradigm (e.g. vidyut-gap-fill)	lemma rows in kosha: 0	
9.15	yajantaḥ	yajant	participle	nom/pl/	DIVERGE	nom.sg.m	D2_number_mismatch	review: gold number absent from kosha's analyses — gold mislabel OR missing number in paradigm	suspect: kosha — gold lemma's paradigm lacks the form (kosha lemmas: yajanta)	
9.16	mantrah	mantra	nominal	nom/sg/m	GAP		G5_gold_form_defect	gold: fix the form field in the Gita gold master (duplicated word / variant reading / ASCII h for ḥ) — not an engine gap	ASCII h typed for visarga ḥ	
9.19	asat	a-sant	participle	nom/sg/n	GAP		G2_compound_member_gap	gap-fill candidate: compound's final member lacks the gold cell — review member paradigm	member: asat	
9.20	divi	div	nominal	loc/sg/f	DIVERGE	voc.sg.f	D3_case_mismatch	review: same number, gold case absent — gold mislabel (syncretic ending) OR kosha paradigm cell gap	suspect: kosha — gold lemma's paradigm lacks the form (kosha lemmas: divI)	
9.21	gatāgataṁ	gata-āgata	nominal	acc/sg/n	GAP		G0_sandhi_surface	none: gold form is a sandhied surface; the pausa form carries the gold cell in kosha	pausa form: gatāgatam	
9.22	cintayantaḥ	cintayant	nominal	nom/pl/m	GAP		G3_lemma_absent	gap-fill candidate: lemma has no paradigm in kosha inflections — generate paradigm (e.g. vidyut-gap-fill)	lemma rows in kosha: 0	
9.22	nityābhiyuktānām	nitya-abhi-yukta	nominal	gen/pl/m	GAP		G2_compound_member_gap	gap-fill candidate: compound's final member lacks the gold cell — review member paradigm	member: nityābhiyuktānām	
9.23	anya-devatā-bhaktāḥ	anya-devatā-bhakta	nominal	nom/pl/m	GAP		G1_compound_member_covered	none: compound; final member carries the gold cell in kosha (compounds are out of paradigm scope)	member: bhaktāḥ	
9.25	mad-yājinaḥ	mad-yājin	nominal	nom/pl/m	GAP		G1_compound_member_covered	none: compound; final member carries the gold cell in kosha (compounds are out of paradigm scope)	member: yājinaḥ	
9.26	patram	patra	nominal	acc/sg/n	GAP		G3_lemma_absent	gap-fill candidate: lemma has no paradigm in kosha inflections — generate paradigm (e.g. vidyut-gap-fill)	lemma rows in kosha: 0	
9.26	bhakty-upahṛtam	bhakty-upahṛta	nominal	acc/sg/n	GAP		G1_compound_member_covered	none: compound; final member carries the gold cell in kosha (compounds are out of paradigm scope)	member: upahṛtam	
9.27	mad-arpaṇam	mad-arpaṇa	nominal	nom/sg/n	GAP		G1_compound_member_covered	none: compound; final member carries the gold cell in kosha (compounds are out of paradigm scope)	member: arpaṇam	
9.28	saṁnyāsa-yoga-yuktātmā	saṁnyāsa-yoga-yukta-ātman	nominal	nom/sg/m	GAP		G1_compound_member_covered	none: compound; final member carries the gold cell in kosha (compounds are out of paradigm scope)	member: yuktātmā	
9.30	ananya-bhāk	an-anya-bhaj	nominal	nom/sg/m	GAP		G1_compound_member_covered	none: compound; final member carries the gold cell in kosha (compounds are out of paradigm scope)	member: bhāk	
9.32	striyaḥ	strī	nominal	nom/pl/f	GAP		G4_cell_absent	gap-fill candidate: lemma paradigm exists but this form/cell is missing — add variant	lemma rows in kosha: 24	
9.34	man-manāḥ	man-manas	nominal	nom/sg/m	DIVERGE	nom.pl.m;voc.pl.m	D2_number_mismatch	review: gold number absent from kosha's analyses — gold mislabel OR missing number in paradigm	suspect: undetermined — compound lemma keyed differently in kosha (manmana)	
9.34	mad-yājī	mad-yājin	nominal	nom/sg/m	GAP		G1_compound_member_covered	none: compound; final member carries the gold cell in kosha (compounds are out of paradigm scope)	member: yājī	
9.34	mat-parāyaṇaḥ	mat-parāyaṇa	nominal	nom/pl/m	DIVERGE	nom.sg.m	D2_number_mismatch	review: gold number absent from kosha's analyses — gold mislabel OR missing number in paradigm	suspect: gold — kosha's own paradigm of this lemma puts the form in another cell	
10.01	śrī-bhagavān	śrī-bhagavant	nominal	nom/sg/m	GAP		G1_compound_member_covered	none: compound; final member carries the gold cell in kosha (compounds are out of paradigm scope)	member: bhagavān	
10.01	prīyamāṇāya	prīyamāṇa	participle	dat/sg/m	GAP		G3_lemma_absent	gap-fill candidate: lemma has no paradigm in kosha inflections — generate paradigm (e.g. vidyut-gap-fill)	lemma rows in kosha: 0	
10.03	sarva-pāpaiḥ	sarva-pāpa	nominal	instr/pl/n	GAP		G1_compound_member_covered	none: compound; final member carries the gold cell in kosha (compounds are out of paradigm scope)	member: pāpaiḥ	
10.06	sapta	sapta	nominal	nom/pl/m	DIVERGE	voc.sg.m;voc.sg.n	D2_number_mismatch	review: gold number absent from kosha's analyses — gold mislabel OR missing number in paradigm	suspect: gold — kosha's own paradigm of this lemma puts the form in another cell	
10.06	catvāraḥ	catur	nominal	nom/pl/m	GAP		G3_lemma_absent	gap-fill candidate: lemma has no paradigm in kosha inflections — generate paradigm (e.g. vidyut-gap-fill)	lemma rows in kosha: 0	
10.07	avikampena	a-vikampa	nominal	instr/sg/m	GAP		G2_compound_member_gap	gap-fill candidate: compound's final member lacks the gold cell — review member paradigm	member: avikampena	
10.09	mad-gata-prāṇāḥ	mad-gata-prāṇa	nominal	nom/pl/m	GAP		G1_compound_member_covered	none: compound; final member carries the gold cell in kosha (compounds are out of paradigm scope)	member: prāṇāḥ	
10.09	bodhayantaḥ	bodhayant	nominal	nom/pl/	GAP		G3_lemma_absent	gap-fill candidate: lemma has no paradigm in kosha inflections — generate paradigm (e.g. vidyut-gap-fill)	lemma rows in kosha: 0	
10.09	kathayantaḥ	kathayant	nominal	nom/pl/	GAP		G3_lemma_absent	gap-fill candidate: lemma has no paradigm in kosha inflections — generate paradigm (e.g. vidyut-gap-fill)	lemma rows in kosha: 0	
10.10	bhajatām	bhajant	participle	gen/pl/	DIVERGE	None.du.None;None.sg.None	D1_kosha_null_cells	kosha: existing row has NULL case/gender — fill the cell or flag disputed=1		
10.11	ajñāna-jam	ajñāna-ja	nominal	acc/sg/n	GAP		G1_compound_member_covered	none: compound; final member carries the gold cell in kosha (compounds are out of paradigm scope)	member: jam	
10.11	ātma-bhāva-sthaḥ	ātma-bhāva-stha	nominal	nom/sg/m	GAP		G1_compound_member_covered	none: compound; final member carries the gold cell in kosha (compounds are out of paradigm scope)	member: sthaḥ	
10.16	ātma-vibhūtayaḥ	ātma-vibhūti	nominal	nom/pl/f	GAP		G1_compound_member_covered	none: compound; final member carries the gold cell in kosha (compounds are out of paradigm scope)	member: vibhūtayaḥ	
10.17	paricintayan	pari-cintayant	participle	nom/sg/m	GAP		G2_compound_member_gap	gap-fill candidate: compound's final member lacks the gold cell — review member paradigm	member: paricintayan	
10.18	śṛṇvataḥ	śṛṇvant	participle	gen/sg/m	GAP		G3_lemma_absent	gap-fill candidate: lemma has no paradigm in kosha inflections — generate paradigm (e.g. vidyut-gap-fill)	lemma rows in kosha: 0	
10.19	śrī-bhagavān	śrī-bhagavant	nominal	nom/sg/m	GAP		G1_compound_member_covered	none: compound; final member carries the gold cell in kosha (compounds are out of paradigm scope)	member: bhagavān	
10.19	ātma-vibhūtayaḥ	ātma-vibhūti	nominal	nom/pl/f	GAP		G1_compound_member_covered	none: compound; final member carries the gold cell in kosha (compounds are out of paradigm scope)	member: vibhūtayaḥ	
10.20	sarva-bhūtāśaya-sthitaḥ	sarva-bhūta-āśaya-sthitaḥ	nominal	nom/sg/m	GAP		G1_compound_member_covered	none: compound; final member carries the gold cell in kosha (compounds are out of paradigm scope)	member: sthitaḥ	
10.23	yakṣa-rakṣasām	yakṣa-rakṣas	nominal	gen/pl/m	GAP		G1_compound_member_covered	none: compound; final member carries the gold cell in kosha (compounds are out of paradigm scope)	member: rakṣasām	
10.24	bṛhaspatim	bṛhas-pati	nominal	nom/sg/m	DIVERGE	acc.sg.m	D3_case_mismatch	review: same number, gold case absent — gold mislabel (syncretic ending) OR kosha paradigm cell gap	suspect: gold — kosha's own paradigm of this lemma puts the form in another cell	
10.24	senānīnām	senānin	nominal	gen/pl/m	GAP		G3_lemma_absent	gap-fill candidate: lemma has no paradigm in kosha inflections — generate paradigm (e.g. vidyut-gap-fill)	lemma rows in kosha: 0	
10.26	sarva-vṛkṣāṇām	sarva-vṛkṣa	nominal	gen/pl/n	GAP		G1_compound_member_covered	none: compound; final member carries the gold cell in kosha (compounds are out of paradigm scope)	member: vṛkṣāṇām	
10.29	aryamā	arya-man	nominal	nom/sg/m	GAP		G2_compound_member_gap	gap-fill candidate: compound's final member lacks the gold cell — review member paradigm	member: aryamā	
10.29	saṁyamatām	saṁyamant	participle	gen/pl/m	GAP		G3_lemma_absent	gap-fill candidate: lemma has no paradigm in kosha inflections — generate paradigm (e.g. vidyut-gap-fill)	lemma rows in kosha: 0	
10.30	kalayatām	kalayant	participle	gen/pl/m	DIVERGE	None.du.None;None.sg.None	D1_kosha_null_cells	kosha: existing row has NULL case/gender — fill the cell or flag disputed=1		
10.31	pavatām	pavant	participle	gen/pl/m	DIVERGE	None.du.None;None.sg.None	D1_kosha_null_cells	kosha: existing row has NULL case/gender — fill the cell or flag disputed=1		
10.32	pravadatām	pravadant	participle	gen/pl/m	GAP		G3_lemma_absent	gap-fill candidate: lemma has no paradigm in kosha inflections — generate paradigm (e.g. vidyut-gap-fill)	lemma rows in kosha: 0	
10.33	viśvato-mukhaḥ	viśvato-mukha	nominal	acc/sg/m	DIVERGE	nom.sg.m	D3_case_mismatch	review: same number, gold case absent — gold mislabel (syncretic ending) OR kosha paradigm cell gap	suspect: gold — kosha's own paradigm of this lemma puts the form in another cell	
10.34	bhaviṣyatām	bhaviṣyant	participle	gen/pl/n	GAP		G3_lemma_absent	gap-fill candidate: lemma has no paradigm in kosha inflections — generate paradigm (e.g. vidyut-gap-fill)	lemma rows in kosha: 0	
10.34	śrīḥ	śrī	nominal	nom/sg/f	DIVERGE	acc.pl.f	D2_number_mismatch	review: gold number absent from kosha's analyses — gold mislabel OR missing number in paradigm	suspect: gold — kosha's own paradigm of this lemma puts the form in another cell	
10.36	chalayatām	chalayant	participle	gen/pl/m	GAP		G3_lemma_absent	gap-fill candidate: lemma has no paradigm in kosha inflections — generate paradigm (e.g. vidyut-gap-fill)	lemma rows in kosha: 0	
10.38	damayatām	damayant	participle	gen/pl/m	GAP		G3_lemma_absent	gap-fill candidate: lemma has no paradigm in kosha inflections — generate paradigm (e.g. vidyut-gap-fill)	lemma rows in kosha: 0	
10.38	jigīṣatām	jigīṣant	participle	gen/pl/m	GAP		G3_lemma_absent	gap-fill candidate: lemma has no paradigm in kosha inflections — generate paradigm (e.g. vidyut-gap-fill)	lemma rows in kosha: 0	
10.41	tejo-‘ṁśa-saṁbhavam	tejaḥ-aṁśa-saṁbhava	nominal	acc/sg/n	GAP		G2_compound_member_gap	gap-fill candidate: compound's final member lacks the gold cell — review member paradigm	member: saṁbhavam	
11.01	mad-anugrahāya	mad-anugraha	nominal	dat/sg/m	GAP		G1_compound_member_covered	none: compound; final member carries the gold cell in kosha (compounds are out of paradigm scope)	member: anugrahāya	
11.01	adhyātma-saṁjñitam	adhy-ātma-saṁjñita	nominal	nom/sg/n	GAP		G1_compound_member_covered	none: compound; final member carries the gold cell in kosha (compounds are out of paradigm scope)	member: saṁjñitam	
11.02	bhavāpyayau	bhava-apyaya	nominal	nom/du/m	GAP		G2_compound_member_gap	gap-fill candidate: compound's final member lacks the gold cell — review member paradigm	member: bhavāpyayau	
11.02	kamala-patrākṣa	kamala-patra-akṣa	nominal	voc/sg/m	GAP		G2_compound_member_gap	gap-fill candidate: compound's final member lacks the gold cell — review member paradigm	member: patrākṣa	
11.05	śrī-bhagavān	śrī-bhagavant	nominal	nom/sg/m	GAP		G1_compound_member_covered	none: compound; final member carries the gold cell in kosha (compounds are out of paradigm scope)	member: bhagavān	
11.10	aneka-vaktra-nayanam	aneka-vaktra-nayana	nominal	acc/sg/n	GAP		G1_compound_member_covered	none: compound; final member carries the gold cell in kosha (compounds are out of paradigm scope)	member: nayanam	
11.10	anekādbhuta-darśanam	aneka-adbhuta-darśana	nominal	acc/sg/n	GAP		G1_compound_member_covered	none: compound; final member carries the gold cell in kosha (compounds are out of paradigm scope)	member: darśanam	
11.10	aneka-divyābharaṇam	aneka-divya-ābharaṇa	nominal	acc/sg/n	GAP		G2_compound_member_gap	gap-fill candidate: compound's final member lacks the gold cell — review member paradigm	member: divyābharaṇam	
11.10	divyānekodyatāyudham	divya-aneka-udyata-āyudha	nominal	acc/sg/n	GAP		G2_compound_member_gap	gap-fill candidate: compound's final member lacks the gold cell — review member paradigm	member: divyānekodyatāyudham	
11.11	divya-mālyāmbara-dharam	divya-mālya-ambara-dhara	nominal	acc/sg/n	GAP		G1_compound_member_covered	none: compound; final member carries the gold cell in kosha (compounds are out of paradigm scope)	member: dharam	
11.11	divya-gandhānulepanam	divya-gandha-anulepana	nominal	acc/sg/n	GAP		G2_compound_member_gap	gap-fill candidate: compound's final member lacks the gold cell — review member paradigm	member: gandhānulepanam	
11.12	divi	div	nominal	loc/sg/f	DIVERGE	voc.sg.f	D3_case_mismatch	review: same number, gold case absent — gold mislabel (syncretic ending) OR kosha paradigm cell gap	suspect: kosha — gold lemma's paradigm lacks the form (kosha lemmas: divI)	
11.15	bhūta-viśeṣa-saṁghān	bhūta-viśeṣa-saṁgha	nominal	acc/pl/n	GAP		G1_compound_member_covered	none: compound; final member carries the gold cell in kosha (compounds are out of paradigm scope)	member: saṁghān	
11.16	aneka-bāhūdara-vaktra-netram	an-eka-bāhu-udara-vaktra-netra	nominal	acc/sg/m	GAP		G1_compound_member_covered	none: compound; final member carries the gold cell in kosha (compounds are out of paradigm scope)	member: netram	
11.17	dīptānalārka-dyutim	dīpta-anala-arka-dyuti	nominal	acc/sg/m	GAP		G1_compound_member_covered	none: compound; final member carries the gold cell in kosha (compounds are out of paradigm scope)	member: dyutim	
11.18	śāśvata-dharma-goptā	śāśvata-dharma-goptṛ	nominal	nom/sg/m	GAP		G1_compound_member_covered	none: compound; final member carries the gold cell in kosha (compounds are out of paradigm scope)	member: goptā	
11.19	ananta-bāhum	ananta-bāhu	nominal	acc/sg/m	GAP		G1_compound_member_covered	none: compound; final member carries the gold cell in kosha (compounds are out of paradigm scope)	member: bāhum	
11.19	śaśi-sūrya-netram	śaśi-sūrya-netra	nominal	acc/sg/m	GAP		G1_compound_member_covered	none: compound; final member carries the gold cell in kosha (compounds are out of paradigm scope)	member: netram	
11.19	dīpta-hutāśa-vaktram	dīpta-hutāśa-vaktra	nominal	acc/sg/m	GAP		G1_compound_member_covered	none: compound; final member carries the gold cell in kosha (compounds are out of paradigm scope)	member: vaktram	
11.19	tapantam	tapant	participle	acc/sg/m	GAP		G3_lemma_absent	gap-fill candidate: lemma has no paradigm in kosha inflections — generate paradigm (e.g. vidyut-gap-fill)	lemma rows in kosha: 0	
11.21	sura-saṁghāḥ	sura-saṁgha	nominal	acc/pl/m	DIVERGE	nom.pl.m;voc.pl.m	D3_case_mismatch	review: same number, gold case absent — gold mislabel (syncretic ending) OR kosha paradigm cell gap	suspect: gold — kosha's own paradigm of this lemma puts the form in another cell	
11.21	maha-rṣi-siddha-saṁghāḥ	maha-rṣi-siddha-saṁgha	nominal	acc/pl/m	GAP		G2_compound_member_gap	gap-fill candidate: compound's final member lacks the gold cell — review member paradigm	member: saṁghāḥ	
11.22	rudrādityāḥ	rudra-āditya	nominal	nom/pl/m	GAP		G2_compound_member_gap	gap-fill candidate: compound's final member lacks the gold cell — review member paradigm	member: rudrādityāḥ	
11.22	uṣma-pāḥ	uṣma-pa	nominal	nom/pl/m	GAP		G1_compound_member_covered	none: compound; final member carries the gold cell in kosha (compounds are out of paradigm scope)	member: pāḥ	
11.22	gandharva-yakṣāsura-siddha-saṁghāḥ	gandharva-yakṣa-asura-siddha-saṁgha	nominal	nom/pl/m	GAP		G1_compound_member_covered	none: compound; final member carries the gold cell in kosha (compounds are out of paradigm scope)	member: saṁghāḥ	
11.23	mahat	mahant	nominal	acc/sg/n	DIVERGE	nom.sg.f;voc.sg.f	D3_case_mismatch	review: same number, gold case absent — gold mislabel (syncretic ending) OR kosha paradigm cell gap	suspect: kosha — gold lemma's paradigm lacks the form (kosha lemmas: mahat)	
11.23	bahu-vaktra-netram	bahu-vaktra-netra	nominal	acc/sg/n	GAP		G1_compound_member_covered	none: compound; final member carries the gold cell in kosha (compounds are out of paradigm scope)	member: netram	
11.23	bahu-bāhūru-pādam	bahu-bāhu-ūru-pāda	nominal	acc/sg/n	GAP		G1_compound_member_covered	none: compound; final member carries the gold cell in kosha (compounds are out of paradigm scope)	member: pādam	
11.23	bahūdaram	bahu-udara	nominal	acc/sg/n	GAP		G2_compound_member_gap	gap-fill candidate: compound's final member lacks the gold cell — review member paradigm	member: bahūdaram	
11.23	bahu-daṁṣṭrā-karālam	bahu-daṁṣṭrā-karāla	nominal	acc/sg/n	GAP		G1_compound_member_covered	none: compound; final member carries the gold cell in kosha (compounds are out of paradigm scope)	member: karālam	
11.24	nabhaḥ-spṛśam	nabhaḥ-spṛśa	nominal	acc/sg/n	GAP		G1_compound_member_covered	none: compound; final member carries the gold cell in kosha (compounds are out of paradigm scope)	member: spṛśam	
11.24	dīpta-viśāla-netram	dīpta-viśāla-netra	nominal	acc/sg/n	GAP		G1_compound_member_covered	none: compound; final member carries the gold cell in kosha (compounds are out of paradigm scope)	member: netram	
11.24	pravyathitāntarātmā	pravyathita-antar-ātman	nominal	nom/sg/m	GAP		G2_compound_member_gap	gap-fill candidate: compound's final member lacks the gold cell — review member paradigm	member: pravyathitāntarātmā	
11.25	kālānala-saṁnibhāni	kāla-anala-saṁnibha	nominal	acc/pl/n	GAP		G1_compound_member_covered	none: compound; final member carries the gold cell in kosha (compounds are out of paradigm scope)	member: saṁnibhāni	
11.26	avani-pāla-saṁghaiḥ	avani-pāla-saṁgha	nominal	instr/pl/m	GAP		G1_compound_member_covered	none: compound; final member carries the gold cell in kosha (compounds are out of paradigm scope)	member: saṁghaiḥ	
11.26	sūta-putraḥ	sūta-putra	nominal	nom/pl/m	DIVERGE	nom.sg.m	D2_number_mismatch	review: gold number absent from kosha's analyses — gold mislabel OR missing number in paradigm	suspect: gold — kosha's own paradigm of this lemma puts the form in another cell	
11.26	asmatīyaiḥ	asmatīya	nominal	instr/pl/m	GAP		G3_lemma_absent	gap-fill candidate: lemma has no paradigm in kosha inflections — generate paradigm (e.g. vidyut-gap-fill)	lemma rows in kosha: 0	
11.27	tvaramāṇāḥ	tvaramāna	participle	nom/pl/m	GAP		G3_lemma_absent	gap-fill candidate: lemma has no paradigm in kosha inflections — generate paradigm (e.g. vidyut-gap-fill)	lemma rows in kosha: 0	
11.27	daśanāntareṣu	daśana-antara	nominal	loc/pl/n	GAP		G2_compound_member_gap	gap-fill candidate: compound's final member lacks the gold cell — review member paradigm	member: daśanāntareṣu	
11.30	grasamānaḥ	grasamāna	participle	nom/sg/m	GAP		G3_lemma_absent	gap-fill candidate: lemma has no paradigm in kosha inflections — generate paradigm (e.g. vidyut-gap-fill)	lemma rows in kosha: 0	
11.30	jvaladbhiḥ	jvalant	participle	instr/pl/n	GAP		G3_lemma_absent	gap-fill candidate: lemma has no paradigm in kosha inflections — generate paradigm (e.g. vidyut-gap-fill)	lemma rows in kosha: 0	
11.31	ugra-rūpaḥ	ugra-rūpa	nominal	nom/sg/m	GAP		G1_compound_member_covered	none: compound; final member carries the gold cell in kosha (compounds are out of paradigm scope)	member: rūpaḥ	
11.32	śrī-bhagavān	śrī-bhagavant	nominal	nom/sg/m	GAP		G1_compound_member_covered	none: compound; final member carries the gold cell in kosha (compounds are out of paradigm scope)	member: bhagavān	
11.32	loka-kṣaya-kṛt	loka-kṣaya-kṛt	nominal	nom/sg/m	GAP		G1_compound_member_covered	none: compound; final member carries the gold cell in kosha (compounds are out of paradigm scope)	member: kṛt	
11.35	vepamānaḥ	vepamāna	participle	nom/sg/m	GAP		G3_lemma_absent	gap-fill candidate: lemma has no paradigm in kosha inflections — generate paradigm (e.g. vidyut-gap-fill)	lemma rows in kosha: 0	
11.35	namas	namaḥ	nominal	acc/sg/n	DIVERGE	None.None.None	D1_kosha_null_cells	kosha: existing row has NULL case/gender — fill the cell or flag disputed=1		
11.35	kṛṣṇaṁ	kṛṣṇa	nominal	acc/sg/m	GAP		G0_sandhi_surface	none: gold form is a sandhied surface; the pausa form carries the gold cell in kosha	pausa form: kṛṣṇam	
11.37	ādi-kartre	ādi-kartṛ	nominal	abl/sg/n	DIVERGE	dat.sg.m	D3_case_mismatch	review: same number, gold case absent — gold mislabel (syncretic ending) OR kosha paradigm cell gap	suspect: gold — kosha's own paradigm of this lemma puts the form in another cell	
11.37	asat	a-sant	participle	nom/sg/n	GAP		G2_compound_member_gap	gap-fill candidate: compound's final member lacks the gold cell — review member paradigm	member: asat	
11.39	namaḥ namaḥ	namaḥ	nominal	acc/sg/n	GAP		G5_gold_form_defect	gold: fix the form field in the Gita gold master (duplicated word / variant reading / ASCII h for ḥ) — not an engine gap	multi-word form field	
11.39	namaḥ namaḥ	namaḥ	nominal	acc/sg/n	GAP		G5_gold_form_defect	gold: fix the form field in the Gita gold master (duplicated word / variant reading / ASCII h for ḥ) — not an engine gap	multi-word form field	
11.41	sakhā	sakhi	nominal	nom/sg/m	GAP		G4_cell_absent	gap-fill candidate: lemma paradigm exists but this form/cell is missing — add variant	lemma rows in kosha: 24	
11.41	sakhā	sakhi	nominal	nom/sg/m	GAP		G4_cell_absent	gap-fill candidate: lemma paradigm exists but this form/cell is missing — add variant	lemma rows in kosha: 24	
11.41	ajānatā	a-jānant	participle	instr/sg/m	GAP		G2_compound_member_gap	gap-fill candidate: compound's final member lacks the gold cell — review member paradigm	member: ajānatā	
11.42	vihāra-śayyāsana-bhojaneṣu	vihāra-śayya-āsana-bhojana	nominal	loc/pl/n	GAP		G1_compound_member_covered	none: compound; final member carries the gold cell in kosha (compounds are out of paradigm scope)	member: bhojaneṣu	
11.43	garīyān	garīyas	nominal	nom/sg/m	GAP		G4_cell_absent	gap-fill candidate: lemma paradigm exists but this form/cell is missing — add variant	lemma rows in kosha: 24	
11.43	tvat-samaḥ	tvat-sama	nominal	nom/sg/m	GAP		G1_compound_member_covered	none: compound; final member carries the gold cell in kosha (compounds are out of paradigm scope)	member: samaḥ	
11.43	apratima-prabhāva	apratima-prabhāva	nominal	nom/sg/m	GAP		G2_compound_member_gap	gap-fill candidate: compound's final member lacks the gold cell — review member paradigm	member: prabhāva	
11.44	sakhā	sakhi	nominal	nom/sg/m	GAP		G4_cell_absent	gap-fill candidate: lemma paradigm exists but this form/cell is missing — add variant	lemma rows in kosha: 24	
11.44	sakhyuḥ	sakhi	nominal	gen/sg/m	GAP		G4_cell_absent	gap-fill candidate: lemma paradigm exists but this form/cell is missing — add variant	lemma rows in kosha: 24	
11.44	priyāya	priya	nominal	gen/sg/f	DIVERGE	dat.sg.m;dat.sg.n	D3_case_mismatch	review: same number, gold case absent — gold mislabel (syncretic ending) OR kosha paradigm cell gap	suspect: gold — kosha's own paradigm of this lemma puts the form in another cell	
11.47	śrī-bhagavān	śrī-bhagavant	nominal	nom/sg/m	GAP		G1_compound_member_covered	none: compound; final member carries the gold cell in kosha (compounds are out of paradigm scope)	member: bhagavān	
11.48	veda-yajñādhyayanaih	veda-yajña-adhyayana	nominal	instr/pl/n	GAP		G5_gold_form_defect	gold: fix the form field in the Gita gold master (duplicated word / variant reading / ASCII h for ḥ) — not an engine gap	ASCII h typed for visarga ḥ	
11.48	tvat-anyena	tvat-anya	nominal	instr/sg/m	GAP		G1_compound_member_covered	none: compound; final member carries the gold cell in kosha (compounds are out of paradigm scope)	member: anyena	
11.48	kuru-pravīra	kuru-pravīra	nominal	voc/sg/m	GAP		G1_compound_member_covered	none: compound; final member carries the gold cell in kosha (compounds are out of paradigm scope)	member: pravīra	
11.49	vyapeta-bhīḥ	vyapeta-bhī	nominal	nom/sg/m	GAP		G2_compound_member_gap	gap-fill candidate: compound's final member lacks the gold cell — review member paradigm	member: bhīḥ	
11.50	mahātmā	mahā-ātman	nominal	nom/sg/m	GAP		G2_compound_member_gap	gap-fill candidate: compound's final member lacks the gold cell — review member paradigm	member: mahātmā	
11.51	gataḥ	gata	participle	nom/pl/m	DIVERGE	nom.sg.m	D2_number_mismatch	review: gold number absent from kosha's analyses — gold mislabel OR missing number in paradigm	suspect: gold — kosha's own paradigm of this lemma puts the form in another cell	
11.52	śrī-bhagavān	śrī-bhagavant	nominal	nom/sg/m	GAP		G1_compound_member_covered	none: compound; final member carries the gold cell in kosha (compounds are out of paradigm scope)	member: bhagavān	
11.53	vedaiḥ	veda	nominal	instr/sg/m	DIVERGE	instr.pl.m	D2_number_mismatch	review: gold number absent from kosha's analyses — gold mislabel OR missing number in paradigm	suspect: gold — kosha's own paradigm of this lemma puts the form in another cell	
11.55	mat-karma-kṛt	mat-karma-kṛt	nominal	nom/sg/m	GAP		G1_compound_member_covered	none: compound; final member carries the gold cell in kosha (compounds are out of paradigm scope)	member: kṛt	
12.01	yoga-vittamāḥ	yoga-vittama	nominal	nom/pl/m	GAP		G2_compound_member_gap	gap-fill candidate: compound's final member lacks the gold cell — review member paradigm	member: vittamāḥ	
12.02	śrī-bhagavān	śrī-bhagavant	nominal	nom/sg/m	GAP		G1_compound_member_covered	none: compound; final member carries the gold cell in kosha (compounds are out of paradigm scope)	member: bhagavān	
12.02	yuktatamā	yukta-tama	nominal	nom/pl/m	DIVERGE	nom.sg.f	D2_number_mismatch	review: gold number absent from kosha's analyses — gold mislabel OR missing number in paradigm	suspect: undetermined — compound lemma keyed differently in kosha (yuktatamA)	
12.05	adhikataraḥ	adhikatara	nominal	nom/sg/m	GAP		G3_lemma_absent	gap-fill candidate: lemma has no paradigm in kosha inflections — generate paradigm (e.g. vidyut-gap-fill)	lemma rows in kosha: 0	
12.05	avyaktāsakta-cetasām	avyakta-āsakta-cetas	nominal	gen/pl/m	GAP		G1_compound_member_covered	none: compound; final member carries the gold cell in kosha (compounds are out of paradigm scope)	member: cetasām	
12.06	dhyāyantaḥ	dhyāyant	participle	nom/pl/m	GAP		G3_lemma_absent	gap-fill candidate: lemma has no paradigm in kosha inflections — generate paradigm (e.g. vidyut-gap-fill)	lemma rows in kosha: 0	
12.07	mṛtyu-saṁsāra-sāgarāt	mṛtyu-saṁsāra-vartman	nominal	abl/sg/n	GAP		G1_compound_member_covered	none: compound; final member carries the gold cell in kosha (compounds are out of paradigm scope)	member: sāgarāt	
12.07	āveśita-cetasām	āveśita-cetas	nominal	gen/pl/m	GAP		G1_compound_member_covered	none: compound; final member carries the gold cell in kosha (compounds are out of paradigm scope)	member: cetasām	
12.10	mat-karma-paramaḥ	mat-karma-parama	nominal	nom/sg/m	GAP		G1_compound_member_covered	none: compound; final member carries the gold cell in kosha (compounds are out of paradigm scope)	member: paramaḥ	
12.10	kurvan	kurvant	participle	nom/sg/m	GAP		G3_lemma_absent	gap-fill candidate: lemma has no paradigm in kosha inflections — generate paradigm (e.g. vidyut-gap-fill)	lemma rows in kosha: 0	
12.11	mad-yogam	mad-yoga	nominal	acc/sg/m	GAP		G1_compound_member_covered	none: compound; final member carries the gold cell in kosha (compounds are out of paradigm scope)	member: yogam	
12.11	sarva-karma-phala-tyāgam	sarva-karma-phala-tyāga	nominal	acc/sg/m	GAP		G1_compound_member_covered	none: compound; final member carries the gold cell in kosha (compounds are out of paradigm scope)	member: tyāgam	
12.11	yatātmavān	yata-ātmavant	nominal	nom/sg/m	GAP		G2_compound_member_gap	gap-fill candidate: compound's final member lacks the gold cell — review member paradigm	member: yatātmavān	
12.12	karma-phala-tyāgaḥ	karma-phala-tyāga	nominal	nom/sg/m	GAP		G1_compound_member_covered	none: compound; final member carries the gold cell in kosha (compounds are out of paradigm scope)	member: tyāgaḥ	
12.14	arpita-mano-buddhiḥ	arpita-mano-buddhi	nominal	nom/sg/m	GAP		G1_compound_member_covered	none: compound; final member carries the gold cell in kosha (compounds are out of paradigm scope)	member: buddhiḥ	
12.15	harṣāmarṣa-bhayodvegaiḥ	harṣa-amarṣa-bhaya-udvega	nominal	instr/pl/m	GAP		G2_compound_member_gap	gap-fill candidate: compound's final member lacks the gold cell — review member paradigm	member: bhayodvegaiḥ	
12.16	gata-vyathaḥ	gata-vyatha	nominal	acc/pl/m	DIVERGE	nom.sg.m	D2_number_mismatch	review: gold number absent from kosha's analyses — gold mislabel OR missing number in paradigm	suspect: gold — kosha's own paradigm of this lemma puts the form in another cell	
12.16	sarvārambha-parityāgī	sarva-ārambha-parityāgin	nominal	nom/sg/m	GAP		G1_compound_member_covered	none: compound; final member carries the gold cell in kosha (compounds are out of paradigm scope)	member: parityāgī	
12.17	śubhāśubha-parityāgī	śubha-aśubha-parityāgin	nominal	nom/sg/m	GAP		G1_compound_member_covered	none: compound; final member carries the gold cell in kosha (compounds are out of paradigm scope)	member: parityāgī	
12.18	mānāvamānayoḥ	māna-avamāna	nominal	loc/du/m	GAP		G2_compound_member_gap	gap-fill candidate: compound's final member lacks the gold cell — review member paradigm	member: mānāvamānayoḥ	
12.18	śītoṣṇa-sukha-duḥkheṣu	śīta-uṣṇa-sukha-duḥkha	nominal	loc/pl/n	GAP		G1_compound_member_covered	none: compound; final member carries the gold cell in kosha (compounds are out of paradigm scope)	member: duḥkheṣu	
12.18	saṅga-vivarjitaḥ	saṅga-vivarjita	nominal	nom/sg/m	GAP		G1_compound_member_covered	none: compound; final member carries the gold cell in kosha (compounds are out of paradigm scope)	member: vivarjitaḥ	
13.01	śrī-bhagavān	śrī-bhagavant	nominal	nom/sg/m	GAP		G1_compound_member_covered	none: compound; final member carries the gold cell in kosha (compounds are out of paradigm scope)	member: bhagavān	
13.02	sarva-kṣetreṣu	sarva-kṣetra	nominal	loc/pl/n	GAP		G1_compound_member_covered	none: compound; final member carries the gold cell in kosha (compounds are out of paradigm scope)	member: kṣetreṣu	
13.02	kṣetra-kṣetrajñayoḥ	kṣetra-kṣetra-jña	nominal	gen/du/n	GAP		G1_compound_member_covered	none: compound; final member carries the gold cell in kosha (compounds are out of paradigm scope)	member: kṣetrajñayoḥ	
13.03	yad-vikāri	yad-vikārin	nominal	nom/sg/n	GAP		G1_compound_member_covered	none: compound; final member carries the gold cell in kosha (compounds are out of paradigm scope)	member: vikāri	
13.03	yat-prabhāvaḥ	yat-prabhāva	nominal	nom/sg/m	GAP		G1_compound_member_covered	none: compound; final member carries the gold cell in kosha (compounds are out of paradigm scope)	member: prabhāvaḥ	
13.05	daśa	daśa	nominal	nom/pl/n	GAP		G3_lemma_absent	gap-fill candidate: lemma has no paradigm in kosha inflections — generate paradigm (e.g. vidyut-gap-fill)	lemma rows in kosha: 0	
13.05	pañca	pañca	nominal	nom/pl/n	DIVERGE	voc.sg.m;voc.sg.n	D2_number_mismatch	review: gold number absent from kosha's analyses — gold mislabel OR missing number in paradigm	suspect: gold — kosha's own paradigm of this lemma puts the form in another cell	
13.07	ātma-vinigrahaḥ	ātma-vinigraha	nominal	nom/sg/m	GAP		G1_compound_member_covered	none: compound; final member carries the gold cell in kosha (compounds are out of paradigm scope)	member: vinigrahaḥ	
13.08	janma-mṛtyu-jarā-vyādhi-duḥkha-doṣānudarśanam	janma-mṛtyu-jarā-vyādhi-duḥkha-doṣa-anudarśana	nominal	nom/sg/n	GAP		G2_compound_member_gap	gap-fill candidate: compound's final member lacks the gold cell — review member paradigm	member: doṣānudarśanam	
13.09	putra-dāra-gṛhādiṣu	putra-dāra-gṛha-ādi	nominal	loc/pl/n	GAP		G2_compound_member_gap	gap-fill candidate: compound's final member lacks the gold cell — review member paradigm	member: gṛhādiṣu	
13.09	iṣṭāniṣṭopapattiṣu	iṣṭa-an-iṣṭa-upapatti	nominal	loc/pl/f	GAP		G2_compound_member_gap	gap-fill candidate: compound's final member lacks the gold cell — review member paradigm	member: iṣṭāniṣṭopapattiṣu	
13.10	vivikta-deśa-sevitvam	vivikta-deśa-sevitva	nominal	nom/sg/n	GAP		G1_compound_member_covered	none: compound; final member carries the gold cell in kosha (compounds are out of paradigm scope)	member: sevitvam	
13.11	adhy-ātma-jñāna-nityatvam	adhy-ātma-jñāna-nityatva	nominal	nom/sg/n	GAP		G1_compound_member_covered	none: compound; final member carries the gold cell in kosha (compounds are out of paradigm scope)	member: nityatvam	
13.11	tattva-jñānārtha-darśanam	tattva-jñāna-artha-darśana	nominal	nom/sg/n	GAP		G1_compound_member_covered	none: compound; final member carries the gold cell in kosha (compounds are out of paradigm scope)	member: darśanam	
13.12	anādi / anādimat	an-ādi	nominal	acc/sg/n	GAP		G5_gold_form_defect	gold: fix the form field in the Gita gold master (duplicated word / variant reading / ASCII h for ḥ) — not an engine gap	variant reading in form field	
13.12	mat-param / param	mat-para	nominal	nom/sg/n	GAP		G5_gold_form_defect	gold: fix the form field in the Gita gold master (duplicated word / variant reading / ASCII h for ḥ) — not an engine gap	variant reading in form field	
13.12	asat	a-sant	participle	nom/sg/n	GAP		G2_compound_member_gap	gap-fill candidate: compound's final member lacks the gold cell — review member paradigm	member: asat	
13.13	akṣi-śiro-mukham	akṣi-śiro-mukha	nominal	nom/sg/n	GAP		G1_compound_member_covered	none: compound; final member carries the gold cell in kosha (compounds are out of paradigm scope)	member: mukham	
13.14	sarvendriya-guṇābhāsam	sarva-indriya-guṇa-ābhāsa	nominal	nom/sg/n	GAP		G2_compound_member_gap	gap-fill candidate: compound's final member lacks the gold cell — review member paradigm	member: guṇābhāsam	
13.14	sarvendriya-vivarjitam	sarva-indriya-vivarjita	nominal	nom/sg/n	GAP		G1_compound_member_covered	none: compound; final member carries the gold cell in kosha (compounds are out of paradigm scope)	member: vivarjitam	
13.16	bhūta-bhartṛ	bhūta-bhartṛ	nominal	nom/sg/n	GAP		G2_compound_member_gap	gap-fill candidate: compound's final member lacks the gold cell — review member paradigm	member: bhartṛ	
13.19	prakṛti-saṁbhavān	prakṛti-saṁbhava	nominal	acc/pl/m	GAP		G2_compound_member_gap	gap-fill candidate: compound's final member lacks the gold cell — review member paradigm	member: saṁbhavān	
13.20	kārya-kāraṇa-kartṛtve	kārya-kāraṇa-kartṛtva	nominal	loc/sg/n	GAP		G1_compound_member_covered	none: compound; final member carries the gold cell in kosha (compounds are out of paradigm scope)	member: kartṛtve	
13.20	sukha-duḥkhānāṁ	sukha-duḥkha	nominal	gen/pl/m	GAP		G0_sandhi_surface	none: gold form is a sandhied surface; the pausa form carries the gold cell in kosha	pausa form: sukha-duḥkhānām	
13.21	sad-asad-yoni-janmasu	sad-asad-yoni-janman	nominal	loc/pl/m	GAP		G1_compound_member_covered	none: compound; final member carries the gold cell in kosha (compounds are out of paradigm scope)	member: janmasu	
13.25	ajānantaḥ	a-jānant	participle	nom/pl/m	GAP		G2_compound_member_gap	gap-fill candidate: compound's final member lacks the gold cell — review member paradigm	member: ajānantaḥ	
13.25	śruti-parāyaṇāḥ	śruti-parāyaṇa	nominal	nom/pl/m	GAP		G1_compound_member_covered	none: compound; final member carries the gold cell in kosha (compounds are out of paradigm scope)	member: parāyaṇāḥ	
13.26	kṣetra-kṣetra-jña-saṁyogāt	kṣetra-kṣetra-jña-saṁyoga	nominal	abl/sg/n	GAP		G1_compound_member_covered	none: compound; final member carries the gold cell in kosha (compounds are out of paradigm scope)	member: saṁyogāt	
13.27	tiṣṭhantam	tiṣṭhant	participle	acc/sg/m	GAP		G3_lemma_absent	gap-fill candidate: lemma has no paradigm in kosha inflections — generate paradigm (e.g. vidyut-gap-fill)	lemma rows in kosha: 0	
13.27	vinaśyatsu	vi-naśyant	participle	loc/pl/m	GAP		G2_compound_member_gap	gap-fill candidate: compound's final member lacks the gold cell — review member paradigm	member: vinaśyatsu	
13.27	avinaśyantam	a-vi-naśyant	participle	acc/sg/m	GAP		G2_compound_member_gap	gap-fill candidate: compound's final member lacks the gold cell — review member paradigm	member: avinaśyantam	
13.28	paśyan	paśyant	participle	nom/sg/m	GAP		G3_lemma_absent	gap-fill candidate: lemma has no paradigm in kosha inflections — generate paradigm (e.g. vidyut-gap-fill)	lemma rows in kosha: 0	
13.30	bhūta-pṛthag-bhāvam	bhūta-pṛthag-bhāva	nominal	acc/sg/m	GAP		G1_compound_member_covered	none: compound; final member carries the gold cell in kosha (compounds are out of paradigm scope)	member: bhāvam	
13.34	kṣetra-kṣetra-jñayoḥ	kṣetra-kṣetra-jña	nominal	gen/du/n	GAP		G1_compound_member_covered	none: compound; final member carries the gold cell in kosha (compounds are out of paradigm scope)	member: jñayoḥ	
13.34	bhūta-prakṛti-mokṣam	bhūta-prakṛti-mokṣa	nominal	acc/sg/m	GAP		G1_compound_member_covered	none: compound; final member carries the gold cell in kosha (compounds are out of paradigm scope)	member: mokṣam	
14.01	śrī-bhagavān	śrī-bhagavant	nominal	nom/sg/m	GAP		G1_compound_member_covered	none: compound; final member carries the gold cell in kosha (compounds are out of paradigm scope)	member: bhagavān	
14.03	garbham	garbha	nominal	nom/sg/n	DIVERGE	acc.sg.m	D3_case_mismatch	review: same number, gold case absent — gold mislabel (syncretic ending) OR kosha paradigm cell gap	suspect: gold — kosha's own paradigm of this lemma puts the form in another cell	
14.03	saṁbhavaḥ	saṁbhava	nominal	nom/sg/m	GAP		G3_lemma_absent	gap-fill candidate: lemma has no paradigm in kosha inflections — generate paradigm (e.g. vidyut-gap-fill)	lemma rows in kosha: 0	
14.05	rajas	rajas	nominal	nom/sg/n	GAP		G0_sandhi_surface	none: gold form is a sandhied surface; the pausa form carries the gold cell in kosha	pausa form: rajaḥ	
14.05	tamas	tamas	nominal	nom/sg/n	GAP		G0_sandhi_surface	none: gold form is a sandhied surface; the pausa form carries the gold cell in kosha	pausa form: tamaḥ	
14.05	prakṛti-saṁbhavāḥ	prakṛti-saṁbhava	nominal	nom/pl/m	GAP		G2_compound_member_gap	gap-fill candidate: compound's final member lacks the gold cell — review member paradigm	member: saṁbhavāḥ	
14.06	jñāna-saṅgena	jñāna-saṅga	nominal	instr/sg/m	GAP		G1_compound_member_covered	none: compound; final member carries the gold cell in kosha (compounds are out of paradigm scope)	member: saṅgena	
14.07	tṛṣṇā-saṅga-samudbhavam	tṛṣṇā-saṅga-samudbhava	nominal	acc/sg/n	GAP		G1_compound_member_covered	none: compound; final member carries the gold cell in kosha (compounds are out of paradigm scope)	member: samudbhavam	
14.08	ajñāna-jam	ajñāna-ja	nominal	acc/sg/n	GAP		G1_compound_member_covered	none: compound; final member carries the gold cell in kosha (compounds are out of paradigm scope)	member: jam	
14.08	sarva-dehinām	sarva-dehin	nominal	gen/pl/m	GAP		G1_compound_member_covered	none: compound; final member carries the gold cell in kosha (compounds are out of paradigm scope)	member: dehinām	
14.08	pramādālasya-nidrābhiḥ	pramāda-ālasya-nidrā	nominal	instr/pl/f	GAP		G1_compound_member_covered	none: compound; final member carries the gold cell in kosha (compounds are out of paradigm scope)	member: nidrābhiḥ	
14.11	sarva-dvāreṣu	sarva-dvāra	nominal	acc/pl/n	GAP		G2_compound_member_gap	gap-fill candidate: compound's final member lacks the gold cell — review member paradigm	member: dvāreṣu	
14.15	mūḍha-yoniṣu	mūḍha-yoni	nominal	loc/pl/f	GAP		G1_compound_member_covered	none: compound; final member carries the gold cell in kosha (compounds are out of paradigm scope)	member: yoniṣu	
14.17	pramāda-mohau	pramāda-moha	nominal	nom/du/m	GAP		G1_compound_member_covered	none: compound; final member carries the gold cell in kosha (compounds are out of paradigm scope)	member: mohau	
14.18	jaghanya-guṇa-vṛtta-sthāḥ	jaghanya-guṇa-vṛtta-stha	nominal	nom/pl/m	GAP		G1_compound_member_covered	none: compound; final member carries the gold cell in kosha (compounds are out of paradigm scope)	member: sthāḥ	
14.20	trīn	tri	nominal	acc/pl/m	GAP		G3_lemma_absent	gap-fill candidate: lemma has no paradigm in kosha inflections — generate paradigm (e.g. vidyut-gap-fill)	lemma rows in kosha: 0	
14.20	deha-samudbhavān	deha-samudbhava	nominal	acc/pl/m	GAP		G1_compound_member_covered	none: compound; final member carries the gold cell in kosha (compounds are out of paradigm scope)	member: samudbhavān	
14.20	janma-mṛtyu-jarā-duḥkhaiḥ	janma-mṛtyu-jarā-duḥkha	nominal	instr/pl/n	GAP		G1_compound_member_covered	none: compound; final member carries the gold cell in kosha (compounds are out of paradigm scope)	member: duḥkhaiḥ	
14.21	trīn	tri	nominal	acc/pl/m	GAP		G3_lemma_absent	gap-fill candidate: lemma has no paradigm in kosha inflections — generate paradigm (e.g. vidyut-gap-fill)	lemma rows in kosha: 0	
14.21	trīn	tri	nominal	acc/pl/m	GAP		G3_lemma_absent	gap-fill candidate: lemma has no paradigm in kosha inflections — generate paradigm (e.g. vidyut-gap-fill)	lemma rows in kosha: 0	
14.22	śrī-bhagavān	śrī-bhagavant	nominal	nom/sg/m	GAP		G1_compound_member_covered	none: compound; final member carries the gold cell in kosha (compounds are out of paradigm scope)	member: bhagavān	
14.22	saṁpravṛttāni	sam-pra-vṛtta	participle	acc/pl/n	GAP		G2_compound_member_gap	gap-fill candidate: compound's final member lacks the gold cell — review member paradigm	member: saṁpravṛttāni	
14.24	tulya-priyāpriyaḥ	tulya-priya-apriya	nominal	nom/sg/m	GAP		G2_compound_member_gap	gap-fill candidate: compound's final member lacks the gold cell — review member paradigm	member: priyāpriyaḥ	
14.24	tulya-nindātma-saṁstutiḥ	tulya-nindā-ātma-saṁstuti	nominal	nom/sg/m	GAP		G1_compound_member_covered	none: compound; final member carries the gold cell in kosha (compounds are out of paradigm scope)	member: saṁstutiḥ	
14.25	mānāvamānayoḥ	māna-avamāna	nominal	loc/du/m	GAP		G2_compound_member_gap	gap-fill candidate: compound's final member lacks the gold cell — review member paradigm	member: mānāvamānayoḥ	
14.25	mitrāri-pakṣayoḥ	mitra-ari-pakṣa	nominal	loc/du/m	GAP		G1_compound_member_covered	none: compound; final member carries the gold cell in kosha (compounds are out of paradigm scope)	member: pakṣayoḥ	
14.25	sarvārambha-parityāgī	sarva-ārambha-parityāgin	nominal	nom/sg/m	GAP		G1_compound_member_covered	none: compound; final member carries the gold cell in kosha (compounds are out of paradigm scope)	member: parityāgī	
14.27	aikāntikasya / ekāntikasya	ekāntika	nominal	gen/sg/n	GAP		G5_gold_form_defect	gold: fix the form field in the Gita gold master (duplicated word / variant reading / ASCII h for ḥ) — not an engine gap	variant reading in form field	
15.01	śrī-bhagavān	śrī-bhagavant	nominal	nom/sg/m	GAP		G1_compound_member_covered	none: compound; final member carries the gold cell in kosha (compounds are out of paradigm scope)	member: bhagavān	
15.01	adhaḥ-śākham	adhaḥ-śākha	nominal	acc/sg/m	GAP		G1_compound_member_covered	none: compound; final member carries the gold cell in kosha (compounds are out of paradigm scope)	member: śākham	
15.02	guṇa-pravṛddhāḥ	guṇa-pravṛddha	nominal	nom/pl/f	GAP		G1_compound_member_covered	none: compound; final member carries the gold cell in kosha (compounds are out of paradigm scope)	member: pravṛddhāḥ	
15.02	viṣaya-pravālāḥ	viṣaya-pravāla	nominal	nom/pl/f	GAP		G1_compound_member_covered	none: compound; final member carries the gold cell in kosha (compounds are out of paradigm scope)	member: pravālāḥ	
15.02	anusaṁtatāni	anu-saṁ-tata	participle	nom/pl/n	GAP		G2_compound_member_gap	gap-fill candidate: compound's final member lacks the gold cell — review member paradigm	member: anusaṁtatāni	
15.02	karmānubandhīni	karma-anubandhi	nominal	nom/pl/n	GAP		G2_compound_member_gap	gap-fill candidate: compound's final member lacks the gold cell — review member paradigm	member: karmānubandhīni	
15.03	saṁpratiṣṭhā	saṁpratiṣṭhā	nominal	nom/sg/f	GAP		G3_lemma_absent	gap-fill candidate: lemma has no paradigm in kosha inflections — generate paradigm (e.g. vidyut-gap-fill)	lemma rows in kosha: 0	
15.03	suvirūḍha-mūlam	suvirūḍha-mūla	nominal	acc/sg/m	GAP		G1_compound_member_covered	none: compound; final member carries the gold cell in kosha (compounds are out of paradigm scope)	member: mūlam	
15.03	asaṅga-śastreṇa	asaṅga-śastra	nominal	instr/sg/n	GAP		G1_compound_member_covered	none: compound; final member carries the gold cell in kosha (compounds are out of paradigm scope)	member: śastreṇa	
15.05	nirmāṇa-mohāḥ	nir-māṇa-moha	nominal	nom/pl/m	GAP		G1_compound_member_covered	none: compound; final member carries the gold cell in kosha (compounds are out of paradigm scope)	member: mohāḥ	
15.05	jita-saṅga-doṣāḥ	jita-saṅga-doṣa	nominal	nom/pl/m	GAP		G1_compound_member_covered	none: compound; final member carries the gold cell in kosha (compounds are out of paradigm scope)	member: doṣāḥ	
15.05	adhy-ātma-nityāḥ	adhi-ātma-nitya	nominal	nom/pl/m	GAP		G1_compound_member_covered	none: compound; final member carries the gold cell in kosha (compounds are out of paradigm scope)	member: nityāḥ	
15.05	sukha-duḥkha-saṁjñaiḥ	sukha-duḥkha-saṁjña	nominal	nom/pl/m	GAP		G2_compound_member_gap	gap-fill candidate: compound's final member lacks the gold cell — review member paradigm	member: saṁjñaiḥ	
15.10	utkrāmantam	utkrāmant	participle	acc/sg/m	GAP		G3_lemma_absent	gap-fill candidate: lemma has no paradigm in kosha inflections — generate paradigm (e.g. vidyut-gap-fill)	lemma rows in kosha: 0	
15.10	bhuñjānam	bhuñjāna	participle	acc/sg/m	GAP		G3_lemma_absent	gap-fill candidate: lemma has no paradigm in kosha inflections — generate paradigm (e.g. vidyut-gap-fill)	lemma rows in kosha: 0	
15.11	yatantaḥ	yatant	participle	nom/pl/m	GAP		G3_lemma_absent	gap-fill candidate: lemma has no paradigm in kosha inflections — generate paradigm (e.g. vidyut-gap-fill)	lemma rows in kosha: 0	
15.11	yatantaḥ	yatant	participle	nom/pl/m	GAP		G3_lemma_absent	gap-fill candidate: lemma has no paradigm in kosha inflections — generate paradigm (e.g. vidyut-gap-fill)	lemma rows in kosha: 0	
15.11	akṛtātmānaḥ	a-kṛta-ātman	nominal	nom/pl/m	GAP		G2_compound_member_gap	gap-fill candidate: compound's final member lacks the gold cell — review member paradigm	member: akṛtātmānaḥ	
15.14	prāṇāpāna-samāyuktaḥ	prāṇa-apāna-samāyukta	nominal	nom/sg/f	GAP		G1_compound_member_covered	none: compound; final member carries the gold cell in kosha (compounds are out of paradigm scope)	member: samāyuktaḥ	
15.16	dvau	dvi	nominal	nom/du/m	GAP		G3_lemma_absent	gap-fill candidate: lemma has no paradigm in kosha inflections — generate paradigm (e.g. vidyut-gap-fill)	lemma rows in kosha: 0	
15.19	sarva-bhāvena	sarva-bhāva	nominal	gen/pl/m	DIVERGE	instr.sg.m	D2_number_mismatch	review: gold number absent from kosha's analyses — gold mislabel OR missing number in paradigm	suspect: gold — kosha's own paradigm of this lemma puts the form in another cell	
15.20	guhyatamam	guhyatama	nominal	nom/sg/n	GAP		G3_lemma_absent	gap-fill candidate: lemma has no paradigm in kosha inflections — generate paradigm (e.g. vidyut-gap-fill)	lemma rows in kosha: 0	
16.01	śrī-bhagavān	śrī-bhagavant	nominal	nom/sg/m	GAP		G1_compound_member_covered	none: compound; final member carries the gold cell in kosha (compounds are out of paradigm scope)	member: bhagavān	
16.01	jñāna-yoga-vyavasthitiḥ	jñāna-yoga-vyavasthiti	nominal	nom/sg/f	GAP		G1_compound_member_covered	none: compound; final member carries the gold cell in kosha (compounds are out of paradigm scope)	member: vyavasthitiḥ	
16.02	hrīḥ	hrī	nominal	nom/sg/f	DIVERGE	acc.pl.f	D2_number_mismatch	review: gold number absent from kosha's analyses — gold mislabel OR missing number in paradigm	suspect: gold — kosha's own paradigm of this lemma puts the form in another cell	
16.02	acāpalam	a-cāpala	nominal	nom/sg/n	GAP		G2_compound_member_gap	gap-fill candidate: compound's final member lacks the gold cell — review member paradigm	member: acāpalam	
16.03	saṁpadam	saṁpad	nominal	acc/sg/f	GAP		G3_lemma_absent	gap-fill candidate: lemma has no paradigm in kosha inflections — generate paradigm (e.g. vidyut-gap-fill)	lemma rows in kosha: 0	
16.04	saṁpadam	saṁpad	nominal	acc/sg/f	GAP		G3_lemma_absent	gap-fill candidate: lemma has no paradigm in kosha inflections — generate paradigm (e.g. vidyut-gap-fill)	lemma rows in kosha: 0	
16.05	saṁpat	saṁpad	nominal	nom/sg/f	GAP		G3_lemma_absent	gap-fill candidate: lemma has no paradigm in kosha inflections — generate paradigm (e.g. vidyut-gap-fill)	lemma rows in kosha: 0	
16.05	saṁpadam	saṁpad	nominal	acc/sg/f	GAP		G3_lemma_absent	gap-fill candidate: lemma has no paradigm in kosha inflections — generate paradigm (e.g. vidyut-gap-fill)	lemma rows in kosha: 0	
16.06	dvau	dvi	nominal	nom/du/m	GAP		G3_lemma_absent	gap-fill candidate: lemma has no paradigm in kosha inflections — generate paradigm (e.g. vidyut-gap-fill)	lemma rows in kosha: 0	
16.08	aparaspara-saṁbhūtam	a-paras-para-saṁbhūta	nominal	nom/sg/n	GAP		G2_compound_member_gap	gap-fill candidate: compound's final member lacks the gold cell — review member paradigm	member: saṁbhūtam	
16.09	ahitāḥ	a-hita	nominal	nom/sg/m	DIVERGE	acc.pl.f;nom.pl.f;nom.pl.m;voc.pl.f;voc.pl.m	D2_number_mismatch	review: gold number absent from kosha's analyses — gold mislabel OR missing number in paradigm	suspect: gold — kosha's own paradigm of this lemma puts the form in another cell	
16.10	dambha-māna-madānvitāḥ	dambha-māna-mada-anvita	nominal	nom/pl/m	GAP		G2_compound_member_gap	gap-fill candidate: compound's final member lacks the gold cell — review member paradigm	member: madānvitāḥ	
16.11	pralayāntām	pralaya-antā	nominal	acc/sg/f	GAP		G2_compound_member_gap	gap-fill candidate: compound's final member lacks the gold cell — review member paradigm	member: pralayāntām	
16.11	kāmopabhoga-paramāḥ	kāma-upabhoga-parama	nominal	nom/pl/m	GAP		G1_compound_member_covered	none: compound; final member carries the gold cell in kosha (compounds are out of paradigm scope)	member: paramāḥ	
16.12	āśā-pāśa-śataiḥ	āśā-pāśa-śata	nominal	instr/pl/n	GAP		G1_compound_member_covered	none: compound; final member carries the gold cell in kosha (compounds are out of paradigm scope)	member: śataiḥ	
16.12	kāma-krodha-parāyaṇāḥ	kāma-krodha-parāyaṇa	nominal	nom/pl/m	GAP		G1_compound_member_covered	none: compound; final member carries the gold cell in kosha (compounds are out of paradigm scope)	member: parāyaṇāḥ	
16.15	ajñāna-vimohitāḥ	ajñāna-vimohita	nominal	nom/pl/m	GAP		G1_compound_member_covered	none: compound; final member carries the gold cell in kosha (compounds are out of paradigm scope)	member: vimohitāḥ	
16.16	aneka-citta-vibhrāntāḥ	aneka-citta-vibhrānta	nominal	nom/pl/m	GAP		G1_compound_member_covered	none: compound; final member carries the gold cell in kosha (compounds are out of paradigm scope)	member: vibhrāntāḥ	
16.16	moha-jāla-samāvṛtāḥ	moha-jāla-samāvṛta	nominal	nom/pl/m	GAP		G1_compound_member_covered	none: compound; final member carries the gold cell in kosha (compounds are out of paradigm scope)	member: samāvṛtāḥ	
16.17	ātma-saṁbhāvitāḥ	ātma-saṁbhāvita	nominal	nom/pl/m	GAP		G2_compound_member_gap	gap-fill candidate: compound's final member lacks the gold cell — review member paradigm	member: saṁbhāvitāḥ	
16.17	dhana-māna-madānvitāḥ	dhana-māna-mada-anvita	nominal	nom/pl/m	GAP		G2_compound_member_gap	gap-fill candidate: compound's final member lacks the gold cell — review member paradigm	member: madānvitāḥ	
16.18	ātma-para-deheṣu	ātma-para-deha	nominal	loc/pl/m	GAP		G1_compound_member_covered	none: compound; final member carries the gold cell in kosha (compounds are out of paradigm scope)	member: deheṣu	
16.18	pradviṣantaḥ	pra-dviṣant	participle	nom/pl/m	GAP		G2_compound_member_gap	gap-fill candidate: compound's final member lacks the gold cell — review member paradigm	member: pradviṣantaḥ	
16.19	dviṣataḥ	dviṣant	participle	acc/pl/m	GAP		G3_lemma_absent	gap-fill candidate: lemma has no paradigm in kosha inflections — generate paradigm (e.g. vidyut-gap-fill)	lemma rows in kosha: 0	
16.19	narādhamān	nara-adhama	nominal	nom/pl/m	DIVERGE	acc.pl.m	D3_case_mismatch	review: same number, gold case absent — gold mislabel (syncretic ending) OR kosha paradigm cell gap	suspect: undetermined — compound lemma keyed differently in kosha (narADama)	
16.19	yoniṣu	yoni	nominal	nom/sg/f	DIVERGE	loc.pl.f;loc.pl.m;loc.pl.n	D2_number_mismatch	review: gold number absent from kosha's analyses — gold mislabel OR missing number in paradigm	suspect: gold — kosha's own paradigm of this lemma puts the form in another cell	
16.20	janmani janmani	janman	nominal	loc/sg/n	GAP		G5_gold_form_defect	gold: fix the form field in the Gita gold master (duplicated word / variant reading / ASCII h for ḥ) — not an engine gap	multi-word form field	
16.22	tamo-dvāraiḥ	tamas-dvāra	nominal	instr/pl/n	GAP		G1_compound_member_covered	none: compound; final member carries the gold cell in kosha (compounds are out of paradigm scope)	member: dvāraiḥ	
16.22	tribhiḥ	tri	nominal	instr/pl/m	GAP		G3_lemma_absent	gap-fill candidate: lemma has no paradigm in kosha inflections — generate paradigm (e.g. vidyut-gap-fill)	lemma rows in kosha: 0	
16.24	kāryākārya-vyavasthitau	kārya-akārya-vyavasthiti	nominal	loc/sg/f	GAP		G1_compound_member_covered	none: compound; final member carries the gold cell in kosha (compounds are out of paradigm scope)	member: vyavasthitau	
17.02	śrī-bhagavān	śrī-bhagavant	nominal	nom/sg/m	GAP		G1_compound_member_covered	none: compound; final member carries the gold cell in kosha (compounds are out of paradigm scope)	member: bhagavān	
17.04	yakṣa-rakṣāṁsi	yakṣa-rakṣas	nominal	acc/pl/n	GAP		G1_compound_member_covered	none: compound; final member carries the gold cell in kosha (compounds are out of paradigm scope)	member: rakṣāṁsi	
17.05	dambhāhaṁkāra-saṁyuktāḥ	dambha-ahaṁ-kāra-saṁyukta	nominal	nom/sg/m	GAP		G2_compound_member_gap	gap-fill candidate: compound's final member lacks the gold cell — review member paradigm	member: saṁyuktāḥ	
17.05	kāma-rāga-balānvitāḥ	kāma-rāga-bala-anvita	nominal	nom/sg/m	GAP		G2_compound_member_gap	gap-fill candidate: compound's final member lacks the gold cell — review member paradigm	member: balānvitāḥ	
17.06	karśayantaḥ	karśayant	participle	nom/pl/m	GAP		G3_lemma_absent	gap-fill candidate: lemma has no paradigm in kosha inflections — generate paradigm (e.g. vidyut-gap-fill)	lemma rows in kosha: 0	
17.06	antaḥ-śarīra-stham	antaḥ-śarīra-stha	nominal	acc/sg/m	GAP		G1_compound_member_covered	none: compound; final member carries the gold cell in kosha (compounds are out of paradigm scope)	member: stham	
17.06	āsura-niścayān	āsura-niścaya	nominal	acc/pl/m	GAP		G1_compound_member_covered	none: compound; final member carries the gold cell in kosha (compounds are out of paradigm scope)	member: niścayān	
17.08	āyuḥ-sattva-balārogya-sukha-prīti-vivardhanāḥ	āyuḥ-sattva-balārogya-sukha-prīti-vivardhana	nominal	nom/pl/m	GAP		G1_compound_member_covered	none: compound; final member carries the gold cell in kosha (compounds are out of paradigm scope)	member: vivardhanāḥ	
17.08	sāttvika-priyāḥ	sāttvika-priya	nominal	nom/pl/m	GAP		G1_compound_member_covered	none: compound; final member carries the gold cell in kosha (compounds are out of paradigm scope)	member: priyāḥ	
17.09	kaṭv-amla-lavaṇāty-uṣṇa-tīkṣṇa-rūkṣa-vidāhinaḥ	kaṭv-amla-lavaṇa-aty-uṣṇa-tīkṣṇa-rūkṣa-vidāhin	nominal	nom/pl/m	GAP		G1_compound_member_covered	none: compound; final member carries the gold cell in kosha (compounds are out of paradigm scope)	member: vidāhinaḥ	
17.09	duḥkha-śokāmaya-pradāḥ	duḥkha-śoka-āmaya-prada	nominal	nom/pl/m	GAP		G1_compound_member_covered	none: compound; final member carries the gold cell in kosha (compounds are out of paradigm scope)	member: pradāḥ	
17.10	tāmasa-priyam	tāmasa-priya	nominal	nom/pl/m	GAP		G2_compound_member_gap	gap-fill candidate: compound's final member lacks the gold cell — review member paradigm	member: priyam	
17.14	deva-dvija-guru-prājña-pūjanam	deva-dvija-guru-prājña-pūjana	nominal	nom/sg/n	GAP		G1_compound_member_covered	none: compound; final member carries the gold cell in kosha (compounds are out of paradigm scope)	member: pūjanam	
17.15	svādhyāyābhyasanam	svādhyāya-abhyasana	nominal	nom/sg/n	GAP		G2_compound_member_gap	gap-fill candidate: compound's final member lacks the gold cell — review member paradigm	member: svādhyāyābhyasanam	
17.15	vāṅ-mayam	vāc-maya	nominal	nom/pl/m	DIVERGE	acc.sg.m;acc.sg.n;nom.sg.n	D2_number_mismatch	review: gold number absent from kosha's analyses — gold mislabel OR missing number in paradigm	suspect: undetermined — compound lemma keyed differently in kosha (vANmaya)	
17.16	ātma-vinigrahaḥ	ātma-vinigraha	nominal	nom/sg/m	GAP		G1_compound_member_covered	none: compound; final member carries the gold cell in kosha (compounds are out of paradigm scope)	member: vinigrahaḥ	
17.24	yajña-dāna-tapaḥ-kriyāḥ	yajña-dāna-tapaḥ-kriya	nominal	nom/pl/m	GAP		G1_compound_member_covered	none: compound; final member carries the gold cell in kosha (compounds are out of paradigm scope)	member: kriyāḥ	
17.25	yajña-tapaḥ-kriyāḥ	yajña-tapaḥ-kriya	nominal	nom/pl/m	GAP		G1_compound_member_covered	none: compound; final member carries the gold cell in kosha (compounds are out of paradigm scope)	member: kriyāḥ	
17.25	dāna-kriyāḥ	dāna-kriya	nominal	nom/pl/m	GAP		G1_compound_member_covered	none: compound; final member carries the gold cell in kosha (compounds are out of paradigm scope)	member: kriyāḥ	
17.26	sac-chabdaḥ	sat-śabda	nominal	nom/sg/m	GAP		G2_compound_member_gap	gap-fill candidate: compound's final member lacks the gold cell — review member paradigm	member: chabdaḥ	
17.28	asat	a-sant	participle	nom/sg/n	GAP		G2_compound_member_gap	gap-fill candidate: compound's final member lacks the gold cell — review member paradigm	member: asat	
18.01	hṛṣīkeśa	hṛṣīkeśa	nominal	nom/sg/m	DIVERGE	voc.sg.m	D3_case_mismatch	review: same number, gold case absent — gold mislabel (syncretic ending) OR kosha paradigm cell gap	suspect: gold — kosha's own paradigm of this lemma puts the form in another cell	
18.02	śrī-bhagavān	śrī-bhagavant	nominal	nom/sg/m	GAP		G1_compound_member_covered	none: compound; final member carries the gold cell in kosha (compounds are out of paradigm scope)	member: bhagavān	
18.02	sarva-karma-phala-tyāgam	sarva-karma-phala-tyāga	nominal	acc/sg/m	GAP		G1_compound_member_covered	none: compound; final member carries the gold cell in kosha (compounds are out of paradigm scope)	member: tyāgam	
18.03	yajña-dāna-tapaḥ-karma	yajña-dāna-tapaḥ-karma	nominal	nom/sg/n	GAP		G1_compound_member_covered	none: compound; final member carries the gold cell in kosha (compounds are out of paradigm scope)	member: karma	
18.04	saṁprakīrtitaḥ	saṁ-pra-kīrtita	participle	nom/sg/m	GAP		G2_compound_member_gap	gap-fill candidate: compound's final member lacks the gold cell — review member paradigm	member: saṁprakīrtitaḥ	
18.05	yajña-dāna-tapaḥ-karma	yajña-dāna-tapaḥ-karma	nominal	nom/sg/n	GAP		G1_compound_member_covered	none: compound; final member carries the gold cell in kosha (compounds are out of paradigm scope)	member: karma	
18.08	kāya-kleśa-bhayāt	kāya-kleśa-bhaya	nominal	abl/sg/n	GAP		G1_compound_member_covered	none: compound; final member carries the gold cell in kosha (compounds are out of paradigm scope)	member: bhayāt	
18.08	tyāga-phalam	tyāga-phala	nominal	acc/sg/m	GAP		G1_compound_member_covered	none: compound; final member carries the gold cell in kosha (compounds are out of paradigm scope)	member: phalam	
18.11	karma-phala-tyāgī	karma-phala-parityāgin	nominal	nom/sg/m	GAP		G1_compound_member_covered	none: compound; final member carries the gold cell in kosha (compounds are out of paradigm scope)	member: tyāgī	
18.12	atyāginām	a-tyāgin	nominal	gen/pl/m	GAP		G2_compound_member_gap	gap-fill candidate: compound's final member lacks the gold cell — review member paradigm	member: atyāginām	
18.13	pañca	pañca	nominal	acc/pl/n	DIVERGE	voc.sg.m;voc.sg.n	D2_number_mismatch	review: gold number absent from kosha's analyses — gold mislabel OR missing number in paradigm	suspect: gold — kosha's own paradigm of this lemma puts the form in another cell	
18.15	śarīra-vāṅ-manobhiḥ	śarīra-vāk-manas	nominal	instr/pl/m	GAP		G1_compound_member_covered	none: compound; final member carries the gold cell in kosha (compounds are out of paradigm scope)	member: manobhiḥ	
18.15	pañca	pañca	nominal	nom/pl/n	DIVERGE	voc.sg.m;voc.sg.n	D2_number_mismatch	review: gold number absent from kosha's analyses — gold mislabel OR missing number in paradigm	suspect: gold — kosha's own paradigm of this lemma puts the form in another cell	
18.16	sati	sant	participle	loc/sg/m	DIVERGE	voc.sg.f	D3_case_mismatch	review: same number, gold case absent — gold mislabel (syncretic ending) OR kosha paradigm cell gap	suspect: kosha — gold lemma's paradigm lacks the form (kosha lemmas: satI)	
18.21	pṛthag-vidhān	pṛthag-vidha	nominal	nom/pl/n	DIVERGE	acc.pl.m	D3_case_mismatch	review: same number, gold case absent — gold mislabel (syncretic ending) OR kosha paradigm cell gap	suspect: gold — kosha's own paradigm of this lemma puts the form in another cell	
18.24	sāhaṁ-kāreṇa	sa-ahaṁ-kāra	nominal	acc/sg/m	DIVERGE	instr.sg.m;instr.sg.n	D3_case_mismatch	review: same number, gold case absent — gold mislabel (syncretic ending) OR kosha paradigm cell gap	suspect: undetermined — compound lemma keyed differently in kosha (sAhaMkAra)	
18.26	dhṛty-utsāha-samanvitaḥ	dhṛty-utsāha-samanvita	nominal	nom/sg/m	GAP		G1_compound_member_covered	none: compound; final member carries the gold cell in kosha (compounds are out of paradigm scope)	member: samanvitaḥ	
18.27	karma-phala-prepsuḥ	karma-phala-prepsu	nominal	nom/sg/m	GAP		G1_compound_member_covered	none: compound; final member carries the gold cell in kosha (compounds are out of paradigm scope)	member: prepsuḥ	
18.27	harṣa-śokānvitaḥ	harṣa-śoka-anvita	nominal	nom/sg/m	GAP		G1_compound_member_covered	none: compound; final member carries the gold cell in kosha (compounds are out of paradigm scope)	member: śokānvitaḥ	
18.27	rājasaḥ	rājasa	nominal	acc/sg/m	DIVERGE	nom.sg.m	D3_case_mismatch	review: same number, gold case absent — gold mislabel (syncretic ending) OR kosha paradigm cell gap	suspect: gold — kosha's own paradigm of this lemma puts the form in another cell	
18.29	procyamānam	procyamāna	participle	acc/sg/m	GAP		G3_lemma_absent	gap-fill candidate: lemma has no paradigm in kosha inflections — generate paradigm (e.g. vidyut-gap-fill)	lemma rows in kosha: 0	
18.33	manaḥ-prāṇendriya-kriyāḥ	manaḥ-prāṇa-indriya-kriyā	nominal	acc/pl/f	GAP		G1_compound_member_covered	none: compound; final member carries the gold cell in kosha (compounds are out of paradigm scope)	member: kriyāḥ	
18.35	durmedhāḥ	dur-medhas	nominal	acc/sg/m	DIVERGE	acc.pl.f;nom.pl.f;nom.pl.m;nom.sg.f;nom.sg.m;voc.pl.f	D3_case_mismatch	review: same number, gold case absent — gold mislabel (syncretic ending) OR kosha paradigm cell gap	suspect: gold — kosha's own paradigm of this lemma puts the form in another cell	
18.37	ātma-buddhi-prasāda-jam	ātma-buddhi-prasāda-ja	nominal	nom/sg/n	GAP		G1_compound_member_covered	none: compound; final member carries the gold cell in kosha (compounds are out of paradigm scope)	member: jam	
18.38	viṣayendriya-saṁyogāt	viṣaya-indriya-saṁyoga	nominal	abl/sg/n	GAP		G1_compound_member_covered	none: compound; final member carries the gold cell in kosha (compounds are out of paradigm scope)	member: saṁyogāt	
18.39	nidrālasya-pramādottham	nidrālasya-pramāda-uttha	nominal	nom/sg/n	GAP		G2_compound_member_gap	gap-fill candidate: compound's final member lacks the gold cell — review member paradigm	member: pramādottham	
18.40	divi	div	nominal	loc/sg/f	DIVERGE	voc.sg.f	D3_case_mismatch	review: same number, gold case absent — gold mislabel (syncretic ending) OR kosha paradigm cell gap	suspect: kosha — gold lemma's paradigm lacks the form (kosha lemmas: divI)	
18.40	tribhiḥ	tri	nominal	instr/pl/m	GAP		G3_lemma_absent	gap-fill candidate: lemma has no paradigm in kosha inflections — generate paradigm (e.g. vidyut-gap-fill)	lemma rows in kosha: 0	
18.41	brāhmaṇa-kṣatriya-viśām	brāhmaṇa-kṣatriya-viś	nominal	gen/pl/m	GAP		G1_compound_member_covered	none: compound; final member carries the gold cell in kosha (compounds are out of paradigm scope)	member: viśām	
18.43	apalāyanam	a-palāyana	nominal	nom/sg/n	GAP		G2_compound_member_gap	gap-fill candidate: compound's final member lacks the gold cell — review member paradigm	member: apalāyanam	
18.43	kṣatra-karma	kṣatra-karma	nominal	nom/sg/n	GAP		G1_compound_member_covered	none: compound; final member carries the gold cell in kosha (compounds are out of paradigm scope)	member: karma	
18.44	kṛṣi-go-rakṣya-vāṇijyam	kṛṣi-go-rakṣya-vāṇijya	nominal	nom/sg/n	GAP		G1_compound_member_covered	none: compound; final member carries the gold cell in kosha (compounds are out of paradigm scope)	member: vāṇijyam	
18.44	paricaryātmakam	paricarya-ātmaka	nominal	nom/sg/n	GAP		G2_compound_member_gap	gap-fill candidate: compound's final member lacks the gold cell — review member paradigm	member: paricaryātmakam	
18.45	sva-karma-nirataḥ	sva-karma-nirata	nominal	nom/sg/m	GAP		G1_compound_member_covered	none: compound; final member carries the gold cell in kosha (compounds are out of paradigm scope)	member: nirataḥ	
18.47	śreyān	śreyas	nominal	nom/sg/m	GAP		G4_cell_absent	gap-fill candidate: lemma paradigm exists but this form/cell is missing — add variant	lemma rows in kosha: 25	
18.47	sva-bhāva-niyatam	sva-bhāva-niyata	nominal	acc/sg/m	GAP		G1_compound_member_covered	none: compound; final member carries the gold cell in kosha (compounds are out of paradigm scope)	member: niyatam	
18.47	kurvan	kurvant	participle	nom/sg/m	GAP		G3_lemma_absent	gap-fill candidate: lemma has no paradigm in kosha inflections — generate paradigm (e.g. vidyut-gap-fill)	lemma rows in kosha: 0	
18.49	asakta-buddhiḥ	asakta-ātman	nominal	nom/sg/m	GAP		G1_compound_member_covered	none: compound; final member carries the gold cell in kosha (compounds are out of paradigm scope)	member: buddhiḥ	
18.52	yata-vāk-kāya-mānasaḥ	yata-vāk-kāya-mānasa	nominal	nom/sg/m	GAP		G1_compound_member_covered	none: compound; final member carries the gold cell in kosha (compounds are out of paradigm scope)	member: mānasaḥ	
18.52	dhyāna-yoga-paraḥ	dhyāna-yoga-para	nominal	nom/sg/m	GAP		G1_compound_member_covered	none: compound; final member carries the gold cell in kosha (compounds are out of paradigm scope)	member: paraḥ	
18.54	mad-bhaktim	mad-bhakti	nominal	acc/sg/f	GAP		G1_compound_member_covered	none: compound; final member carries the gold cell in kosha (compounds are out of paradigm scope)	member: bhaktim	
18.56	mad-vyapāśrayaḥ	mad-vyapāśraya	nominal	nom/sg/m	GAP		G1_compound_member_covered	none: compound; final member carries the gold cell in kosha (compounds are out of paradigm scope)	member: vyapāśrayaḥ	
18.56	mat-prasādāt	mat-prasāda	nominal	abl/sg/m	GAP		G1_compound_member_covered	none: compound; final member carries the gold cell in kosha (compounds are out of paradigm scope)	member: prasādāt	
18.58	sarva-durgāṇi	sarva-durga	nominal	acc/pl/n	GAP		G1_compound_member_covered	none: compound; final member carries the gold cell in kosha (compounds are out of paradigm scope)	member: durgāṇi	
18.58	mat-prasādāt	mad-prasāda	nominal	abl/sg/m	GAP		G1_compound_member_covered	none: compound; final member carries the gold cell in kosha (compounds are out of paradigm scope)	member: prasādāt	
18.61	bhrāmayan	bhrāmayant	participle	nom/sg/m	GAP		G3_lemma_absent	gap-fill candidate: lemma has no paradigm in kosha inflections — generate paradigm (e.g. vidyut-gap-fill)	lemma rows in kosha: 0	
18.62	tat-prasādāt	tad-prasāda	nominal	abl/sg/m	GAP		G1_compound_member_covered	none: compound; final member carries the gold cell in kosha (compounds are out of paradigm scope)	member: prasādāt	
18.63	guhyataram	guhyatara	nominal	nom/sg/n	GAP		G3_lemma_absent	gap-fill candidate: lemma has no paradigm in kosha inflections — generate paradigm (e.g. vidyut-gap-fill)	lemma rows in kosha: 0	
18.64	sarva-guhyatamam	sarva-guhyatama	nominal	acc/sg/n	GAP		G2_compound_member_gap	gap-fill candidate: compound's final member lacks the gold cell — review member paradigm	member: guhyatamam	
18.65	man-manāḥ	man-manas	nominal	nom/sg/m	DIVERGE	nom.pl.m;voc.pl.m	D2_number_mismatch	review: gold number absent from kosha's analyses — gold mislabel OR missing number in paradigm	suspect: undetermined — compound lemma keyed differently in kosha (manmana)	
18.65	mad-yājī	mad-yājin	nominal	nom/sg/m	GAP		G1_compound_member_covered	none: compound; final member carries the gold cell in kosha (compounds are out of paradigm scope)	member: yājī	
18.66	sarva-dharmān	sarva-dharma	nominal	nom/pl/n	GAP		G2_compound_member_gap	gap-fill candidate: compound's final member lacks the gold cell — review member paradigm	member: dharmān	
18.66	sarva-pāpebhyaḥ	sarva-pāpa	nominal	abl/pl/n	GAP		G1_compound_member_covered	none: compound; final member carries the gold cell in kosha (compounds are out of paradigm scope)	member: pāpebhyaḥ	
18.69	bhuvi	bhū	nominal	loc/sg/f	GAP		G4_cell_absent	gap-fill candidate: lemma paradigm exists but this form/cell is missing — add variant	lemma rows in kosha: 108	
18.72	ajñāna-saṁmohaḥ	ajñāna-saṁ-moha	nominal	nom/sg/m	GAP		G2_compound_member_gap	gap-fill candidate: compound's final member lacks the gold cell — review member paradigm	member: saṁmohaḥ	
18.73	tvat-prasādāt	tvat-prasāda	nominal	abl/sg/m	GAP		G1_compound_member_covered	none: compound; final member carries the gold cell in kosha (compounds are out of paradigm scope)	member: prasādāt	
18.75	vyāsa-prasādāt	vyāsa-prasāda	nominal	abl/sg/m	GAP		G1_compound_member_covered	none: compound; final member carries the gold cell in kosha (compounds are out of paradigm scope)	member: prasādāt	
18.75	kathayataḥ	kathayant	participle	abl/sg/	DIVERGE	None.du.None	D1_kosha_null_cells	kosha: existing row has NULL case/gender — fill the cell or flag disputed=1		
18.76	keśavārjunayoḥ	keśava-arjuna	nominal	gen/du/m	GAP		G2_compound_member_gap	gap-fill candidate: compound's final member lacks the gold cell — review member paradigm	member: keśavārjunayoḥ	
18.77	aty-adbhutam	ati-adbhuta	nominal	nom/du/n	DIVERGE	acc.sg.m;acc.sg.n;nom.sg.n	D2_number_mismatch	review: gold number absent from kosha's analyses — gold mislabel OR missing number in paradigm	suspect: undetermined — compound lemma keyed differently in kosha (atyadButa)	
18.77	mahān	mahant	nominal	nom/sg/m	DIVERGE	acc.pl.m	D2_number_mismatch	review: gold number absent from kosha's analyses — gold mislabel OR missing number in paradigm	suspect: kosha — gold lemma's paradigm lacks the form (kosha lemmas: maha)	
18.78	śrīḥ	śrī	nominal	nom/sg/f	DIVERGE	acc.pl.f	D2_number_mismatch	review: gold number absent from kosha's analyses — gold mislabel OR missing number in paradigm	suspect: gold — kosha's own paradigm of this lemma puts the form in another cell	
