lemma	nkrya_pos	gloss_rows
колесница	S	199
тот	A	193
время	S	191
жизнь	S	188
конь	S	187
высокий	A	184
место	S	183
жертва	S	182
один	A	182
стрела	S	179
род	S	175
вместе	ADV	173
день	S	171
путь	S	168
тело	S	168
брахман	S	165
корова	S	165
гора	S	164
друг	S	162
знание	S	162
жить	V	158
небо	S	158
жертвенный	A	148
дерево	S	146
полный	A	145
дар	S	144
достойный	A	142
стремиться	V	142
огонь	S	141
богатство	S	140
слово	S	140
солнце	S	139
дело	S	137
часть	S	137
родить	V	136
самый	A	135
тысяча	S	134
враг	S	133
пища	S	133
подобный	A	133
радость	S	132
лишённый	A	131
вид	S	130
слон	S	126
чей	A	126
муж	S	125
который	A	124
обряд	S	122
жертвоприношение	S	121
глаз	S	120
женщина	S	120
веда	S	118
могучий	A	118
сверкать	V	116
давать	V	113
ветер	S	112
сторона	S	112
душа	S	111
сильный	A	111
приносить	V	110
следовать	V	110
имя	S	109
обет	S	109
ночь	S	108
бык	S	107
оружие	S	106
закон	S	105
сам	A	105
цель	S	105
битва	S	104
благо	S	104
дочь	S	104
лес	S	104
плод	S	104
свет	S	104
большой	A	103
идти	V	102
сердце	S	102
богатый	A	101
дом	S	101
дух	S	101
говорить	V	100
дхарма	S	99
видеть	V	98
лотос	S	98
смерть	S	98
существо	S	98
хорошо	ADV	98
золотой	A	97
лук	S	96
океан	S	95
находиться	V	94
город	S	92
действие	S	92
наделить	V	92
сиять	V	92
стать	V	92
знающий	A	91
гнев	S	90
достигнуть	V	89
мысль	S	89
герой	S	88
хотеть	V	88
золото	S	87
нога	S	87
очень	ADV	87
цвет	S	87
жаждать	V	86
природа	S	86
священный	A	86
год	S	85
конец	S	85
река	S	85
обладать	V	84
первый	A	84
покрыть	V	84
волос	S	82
предать	V	82
сом	S	82
блеск	S	81
любовь	S	81
сотня	S	81
счастливый	A	81
украсить	V	81
речь	S	80
чистый	A	80
грех	S	79
образ	S	79
рождение	S	79
птица	S	78
божественный	A	77
войско	S	77
мудрый	A	77
поток	S	77
быстрый	A	75
луна	S	75
исполнить	V	74
причина	S	74
супруг	S	74
дождь	S	73
месяц	S	73
награда	S	73
повелитель	S	73
равный	A	73
такой	A	73
знаток	S	72
чувство	S	72
брат	S	71
потомок	S	71
слава	S	71
совершить	V	71
состоять	V	71
голова	S	70
добрый	A	70
дурной	A	70
деяние	S	69
долг	S	68
одежда	S	67
почитать	V	67
победить	V	66
собственный	A	66
убить	V	66
украшение	S	66
низкий	A	65
обитель	S	65
более	ADV	64
возлияние	S	64
звук	S	64
отец	S	64
мудрец	S	63
йога	S	62
поле	S	62
пребывать	V	62
пространство	S	62
сражение	S	62
ум	S	62
царство	S	62
белый	A	61
приятный	A	61
отсутствие	S	60
туча	S	60
губитель	S	59
легко	ADV	59
молоко	S	59
средство	S	59
царский	A	59
дать	V	58
двигаться	V	58
делать	V	58
широкий	A	58
больший	A	57
быстро	ADV	57
начало	S	57
состояние	S	57
каждый	A	56
лицо	S	56
народ	S	56
поведение	S	56
правило	S	56
берег	S	55
гибель	S	55
защита	S	55
игра	S	55
помощь	S	55
привести	V	55
сознание	S	55
способный	A	55
воин	S	54
господин	S	54
знамя	S	54
мой	A	54
носить	V	54
грудь	S	53
знак	S	53
красивый	A	53
обезьяна	S	53
облако	S	53
окружить	V	53
собрание	S	53
живой	A	52
колесо	S	52
огромный	A	52
пламя	S	52
свободный	A	52
трава	S	52
бой	S	51
подняться	V	51
познание	S	51
принять	V	51
страна	S	51
добродетель	S	50
красный	A	50
наука	S	50
поднять	V	50
сидеть	V	50
форма	S	50
юный	A	50
власть	S	49
гимн	S	49
довольный	A	49
дрожать	V	49
жир	S	49
зло	S	49
луч	S	49
мочь	V	49
охранять	V	49
уничтожить	V	49
хранитель	S	49
верный	A	48
вершина	S	48
вниз	ADV	48
восприятие	S	48
достоинство	S	48
искать	V	48
обладатель	S	48
светлый	A	48
совершать	V	48
убивать	V	48
чёрный	A	48
далеко	ADV	47
жажда	S	47
мёд	S	47
облик	S	47
острый	A	47
очистить	V	47
половина	S	47
слуга	S	47
сопровождать	V	47
благочестивый	A	46
действовать	V	46
доля	S	46
лесной	A	46
многий	A	46
небесный	A	46
хвала	S	46
язык	S	46
воля	S	45
всегда	ADV	45
долгий	A	45
исполнять	V	45
истинный	A	45
красота	S	45
молитва	S	45
обратить	V	45
приветствовать	V	45
благой	A	44
властитель	S	44
лишиться	V	44
множество	S	44
победа	S	44
препятствие	S	44
прочь	ADV	44
слеза	S	44
страдание	S	44
стремительный	A	44
уйти	V	44
успех	S	44
шум	S	44
щедрый	A	44
еда	S	43
желанный	A	43
жрец	S	43
находить	V	43
пить	V	43
приводить	V	43
принести	V	43
сидение	S	43
сокрушитель	S	43
чужой	A	43
яд	S	43
готовый	A	42
зерно	S	42
источник	S	42
крик	S	42
кшатрий	S	42
мощь	S	42
мудрость	S	42
новый	A	42
охватить	V	42
поддерживать	V	42
предок	S	42
разум	S	42
ракшас	S	42
смотреть	V	42
ухо	S	42
болезнь	S	41
мясо	S	41
поразить	V	41
порядок	S	41
пылать	V	41
семя	S	41
скот	S	41
сущность	S	41
твёрдый	A	41
убийца	S	41
блистать	V	40
звезда	S	40
корень	S	40
кость	S	40
младший	A	40
обуздать	V	40
освобождение	S	40
семья	S	40
страшный	A	40
узнать	V	40
близкий	A	39
величие	S	39
вести	V	39
вооружённый	A	39
главный	A	39
грозный	A	39
дворец	S	39
ещё	ADV	39
защитник	S	39
качество	S	39
кровь	S	39
лев	S	39
ложа	S	39
молния	S	39
питие	S	39
покой	S	39
радовать	V	39
радоваться	V	39
разный	A	39
сестра	S	39
смятение	S	39
владеть	V	38
вперёд	ADV	38
добродетельный	A	38
омовение	S	38
оставить	V	38
почтить	V	38
предел	S	38
прекрасно	ADV	38
связь	S	38
создать	V	38
сон	S	38
усилие	S	38
бежать	V	37
где	ADV	37
животное	S	37
какой	A	37
лишённый	V	37
милость	S	37
надежда	S	37
наслаждение	S	37
песня	S	37
плохой	A	37
подвиг	S	37
пронзить	V	37
рот	S	37
страсть	S	37
убийство	S	37
удар	S	37
член	S	37
этот	A	37
восхваление	S	36
дваждырожденный	A	36
движение	S	36
драгоценный	A	36
зуб	S	36
истина	S	36
любимый	A	36
отдать	V	36
привязанность	S	36
приготовить	V	36
приходить	V	36
происхождение	S	36
радостный	A	36
сведущий	A	36
сомнение	S	36
только	ADV	36
цветок	S	36
беда	S	35
возвращаться	V	35
возница	S	35
выйти	V	35
дорога	S	35
заблуждение	S	35
мощный	A	35
обман	S	35
положение	S	35
сияние	S	35
сражаться	V	35
ужасный	A	35
шастра	S	35
глава	S	34
думать	V	34
зверь	S	34
могущественный	A	34
получить	V	34
постоянно	ADV	34
превосходный	A	34
пьющий	A	34
раз	S	34
решение	S	34
твой	A	34
тигр	S	34
удивительный	A	34
богиня	S	33
вселенная	S	33
глубокий	A	33
деятельность	S	33
жилище	S	33
изгнать	V	33
исполнение	S	33
любящий	A	33
масло	S	33
мера	S	33
несущий	A	33
остаток	S	33
палец	S	33
привязать	V	33
проклятие	S	33
пруд	S	33
советник	S	33
бедро	S	32
благородный	A	32
божество	S	32
бродить	V	32
буква	S	32
ветвь	S	32
голод	S	32
горе	S	32
домашний	A	32
железный	A	32
завоёвывать	V	32
заставлять	V	32
злой	A	32
кусок	S	32
малый	A	32
наставник	S	32
неодолимый	A	32
опора	S	32
побуждать	V	32
предмет	S	32
родственник	S	32
связанный	A	32
сжечь	V	32
слабый	A	32
творец	S	32
удовольствие	S	32
шея	S	32
блаженство	S	31
вкус	S	31
даритель	S	31
диск	S	31
известный	A	31
копьё	S	31
ложный	A	31
лучник	S	31
наслаждаться	V	31
обильный	A	31
обязанность	S	31
остриё	S	31
падать	V	31
предводитель	S	31
прежний	A	31
размышлять	V	31
слышать	V	31
сокровище	S	31
возникать	V	30
даровать	V	30
добро	ADV	30
единый	A	30
жестокий	A	30
заставить	V	30
меч	S	30
недруг	S	30
неистовый	A	30
обрести	V	30
общий	A	30
озеро	S	30
око	S	30
платье	S	30
приблизиться	V	30
призыв	S	30
прямой	A	30
сильно	ADV	30
следующий	A	30
тонкий	A	30
тёмный	A	30
уничтожать	V	30
юг	S	30
грубый	A	29
держать	V	29
достижение	S	29
дружба	S	29
дыхание	S	29
защищать	V	29
неразумный	A	29
опасность	S	29
повозка	S	29
повсюду	ADV	29
поэт	S	29
прославить	V	29
пыль	S	29
раковина	S	29
скорбь	S	29
служить	V	29
соединение	S	29
сонм	S	29
сострадание	S	29
спать	V	29
чудесный	A	29
возглас	S	28
всякий	A	28
громко	ADV	28
губа	S	28
далёкий	A	28
длинный	A	28
книга	S	28
колчан	S	28
красавица	S	28
мужественный	A	28
палица	S	28
покинуть	V	28
положить	V	28
постичь	V	28
превосходить	V	28
принимать	V	28
просить	V	28
проявление	S	28
рождаться	V	28
сит	S	28
трудно	ADV	28
утренний	A	28
яркий	A	28
браслет	S	27
вверх	ADV	27
ведать	V	27
взгляд	S	27
вкушать	V	27
воплотить	V	27
вызывающий	A	27
гирлянда	S	27
громкий	A	27
гун	S	27
злодей	S	27
играть	V	27
имущество	S	27
каста	S	27
каша	S	27
лотосовый	A	27
мучить	V	27
напиток	S	27
нести	V	27
остаться	V	27
певец	S	27
питаться	V	27
происходить	V	27
процветание	S	27
пчела	S	27
свойство	S	27
сложить	V	27
сосредоточить	V	27
старость	S	27
старший	A	27
тревога	S	27
тьма	S	27
учение	S	27
цветущий	A	27
бегство	S	26
бедствие	S	26
благополучие	S	26
вернуться	V	26
вечный	A	26
воздух	S	26
голос	S	26
гром	S	26
дева	S	26
древний	A	26
е	S	26
заслуживать	V	26
край	S	26
крепкий	A	26
лоно	S	26
море	S	26
мчаться	V	26
наполнить	V	26
несчастие	S	26
несчастный	A	26
объект	S	26
объятие	S	26
освободить	V	26
основание	S	26
отважный	A	26
отправиться	V	26
подниматься	V	26
подобать	V	26
получать	V	26
пора	S	26
почесть	S	26
признак	S	26
слушать	V	26
сок	S	26
солома	S	26
тройной	A	26
укрепить	V	26
ям	S	26
ведущий	A	25
весьма	ADV	25
взойти	V	25
горный	A	25
деятельный	A	25
ладонь	S	25
мужчина	S	25
название	S	25
нос	S	25
обращаться	V	25
отвага	S	25
победитель	S	25
познать	V	25
послушный	A	25
почитание	S	25
ранний	A	25
расти	V	25
роща	S	25
смысл	S	25
соблюдать	V	25
собраться	V	25
совершенство	S	25
создавать	V	25
спасти	V	25
спина	S	25
стоящий	A	25
судьба	S	25
суровый	A	25
схватить	V	25
тетива	S	25
течение	S	25
толпа	S	25
услышать	V	25
усталость	S	25
ученик	S	25
учитель	S	25
хвост	S	25
человеческий	A	25
ярость	S	25
вера	S	24
возбудить	V	24
волна	S	24
волосок	S	24
враждебный	A	24
дышло	S	24
лететь	V	24
могущество	S	24
намерение	S	24
невредимый	A	24
носитель	S	24
обитать	V	24
обнять	V	24
одетый	A	24
отшельник	S	24
очищение	S	24
послать	V	24
поставить	V	24
потерять	V	24
похитить	V	24
предписать	V	24
приближаться	V	24
пыл	S	24
различный	A	24
рис	S	24
святой	A	24
славный	A	24
смешанный	A	24
создатель	S	24
страдать	V	24
телёнок	S	24
тиртх	S	24
улыбка	S	24
хозяин	S	24
шакал	S	24
явиться	V	24
безупречный	A	23
бесплодный	A	23
боль	S	23
вино	S	23
ворота	S	23
впереди	ADV	23
выдающийся	A	23
доставлять	V	23
издавать	V	23
иной	A	23
крепость	S	23
ливень	S	23
мантра	S	23
мягкий	A	23
непобедимый	A	23
неподвижный	A	23
облачить	V	23
одарённый	A	23
очищать	V	23
пещера	S	23
плечо	S	23
побуждение	S	23
подвижничество	S	23
полностью	ADV	23
последовать	V	23
правда	S	23
предаваться	V	23
преисполненный	A	23
призывать	V	23
приказ	S	23
пройти	V	23
рассказать	V	23
риш	S	23
рыба	S	23
слух	S	23
сокрушить	V	23
стадо	S	23
стремительно	ADV	23
трезубец	S	23
труд	S	23
удовлетворить	V	23
ярко	ADV	23
бесконечный	A	22
бросить	V	22
вещь	S	22
возбуждать	V	22
глупый	A	22
гуру	S	22
дарение	S	22
добыть	V	22
доспех	S	22
житель	S	22
загон	S	22
звать	V	22
изгнание	S	22
колесничий	S	22
ловкость	S	22
назад	ADV	22
нечистый	A	22
оставлять	V	22
отверстие	S	22
пастух	S	22
пасть	V	22
поведать	V	22
посвятить	V	22
рассказывать	V	22
рёв	S	22
сеть	S	22
сжигать	V	22
совет	S	22
способ	S	22
справедливый	A	22
становиться	V	22
старый	A	22
стоять	V	22
час	S	22
элемент	S	22
являться	V	22
антилопа	S	21
брать	V	21
верховный	A	21
войти	V	21
воплощение	S	21
второй	A	21
вызвать	V	21
граница	S	21
девушка	S	21
доблесть	S	21
добыча	S	21
долго	ADV	21
забота	S	21
значение	S	21
исход	S	21
йог	S	21
коренья	S	21
крыло	S	21
лист	S	21
мальчик	S	21
мгновение	S	21
милый	A	21
мужество	S	21
называть	V	21
найти	V	21
неизмеримый	A	21
обиталище	S	21
обратиться	V	21
освободиться	V	21
печаль	S	21
поражение	S	21
почтительно	ADV	21
право	S	21
прекращение	S	21
прибежище	S	21
принадлежащий	A	21
приношение	S	21
приход	S	21
рать	S	21
реветь	V	21
сладкий	A	21
сотворить	V	21
столб	S	21
стыд	S	21
тайна	S	21
там	ADV	21
удерживать	V	21
уносить	V	21
чтить	V	21
алтарь	S	20
больной	A	20
взор	S	20
возвращение	S	20
возлюбить	V	20
восхвалять	V	20
выжать	V	20
глядеть	V	20
головной	A	20
дарить	V	20
деревня	S	20
добро	S	20
добывать	V	20
домохозяин	S	20
женский	A	20
запах	S	20
искусить	V	20
искусство	S	20
касаться	V	20
лежать	V	20
лунный	A	20
направить	V	20
натянуть	V	20
начать	V	20
наш	A	20
нежный	A	20
основа	S	20
память	S	20
племя	S	20
побеждать	V	20
пожелать	V	20
поиск	S	20
поклонение	S	20
политика	S	20
потеря	S	20
праведный	A	20
простор	S	20
разгневать	V	20
ринуться	V	20
середина	S	20
скрытый	A	20
случай	S	20
сома	S	20
соперник	S	20
союзник	S	20
спешить	V	20
стебель	S	20
странствовать	V	20
стремление	S	20
трепетать	V	20
утратить	V	20
уходить	V	20
учёный	S	20
чистота	S	20
шудра	S	20
безгрешный	A	19
беседа	S	19
бровь	S	19
будущее	S	19
вызывать	V	19
гандхарвы	S	19
гибнуть	V	19
драгоценность	S	19
единственный	A	19
жар	S	19
запрячь	V	19
знаменитый	A	19
изображение	S	19
испытывать	V	19
капля	S	19
клык	S	19
лиана	S	19
мрак	S	19
наказание	S	19
наполнять	V	19
наставление	S	19
невидимый	A	19
неприступный	A	19
никогда	ADV	19
обитатель	S	19
обод	S	19
оглашать	V	19
остановить	V	19
отвечать	V	19
петь	V	19
поддержка	S	19
подношение	S	19
поклоняться	V	19
порицание	S	19
порицать	V	19
править	V	19
превосходство	S	19
превосходящий	A	19
предназначить	V	19
пренебрегать	V	19
разбитый	A	19
рыжий	A	19
рядом	ADV	19
сдерживать	V	19
след	S	19
слишком	ADV	19
совершенный	A	19
спутник	S	19
стараться	V	19
считать	V	19
творение	S	19
теперь	ADV	19
тростник	S	19
убитый	A	19
ударить	V	19
удержать	V	19
успокоить	V	19
утром	ADV	19
шерсть	S	19
боевой	A	18
брак	S	18
варна	S	18
видение	S	18
владение	S	18
возвратиться	V	18
возникнуть	V	18
говорящий	A	18
гордость	S	18
дверь	S	18
доверие	S	18
жертвователь	S	18
жертвовать	V	18
зависеть	V	18
изучать	V	18
изучение	S	18
исчезать	V	18
круг	S	18
начинать	V	18
неудача	S	18
нрав	S	18
озарять	V	18
окропить	V	18
отличный	A	18
отряд	S	18
очиститься	V	18
плуг	S	18
победоносный	A	18
подвижник	S	18
пожирать	V	18
помощник	S	18
предписание	S	18
произносить	V	18
радеть	V	18
разлука	S	18
рассечь	V	18
родитель	S	18
свирепый	A	18
северный	A	18
смертный	A	18
снова	ADV	18
собираться	V	18
состязание	S	18
способность	S	18
справедливость	S	18
спросить	V	18
срок	S	18
стража	S	18
существование	S	18
существовать	V	18
тайный	A	18
так	ADV	18
творить	V	18
убежище	S	18
умный	A	18
усесться	V	18
усопший	A	18
устремиться	V	18
хранить	V	18
чудо	S	18
яма	S	18
бессмертие	S	17
благожелательный	A	17
благоприятный	A	17
блистательный	A	17
бремя	S	17
вечер	S	17
вздыхать	V	17
владетель	S	17
вместилище	S	17
внешний	A	17
внимательный	A	17
военачальник	S	17
вор	S	17
воспринимать	V	17
восхвалить	V	17
восход	S	17
врата	S	17
выпустить	V	17
вырвать	V	17
гость	S	17
грохот	S	17
держаться	V	17
дым	S	17
живот	S	17
жёлтый	A	17
заключить	V	17
зал	S	17
иллюзия	S	17
карма	S	17
колено	S	17
летать	V	17
любовный	A	17
лёгкий	A	17
мазь	S	17
неутомимый	A	17
ничего	ADV	17
ноготь	S	17
ночью	ADV	17
одолеть	V	17
освещать	V	17
оставаться	V	17
осыпать	V	17
ответ	S	17
ответить	V	17
отвратить	V	17
отпустить	V	17
отречение	S	17
панцирь	S	17
пастбище	S	17
петля	S	17
повергнуть	V	17
погонять	V	17
погрузиться	V	17
покровитель	S	17
помочь	V	17
порыв	S	17
почтение	S	17
преследовать	V	17
преходящий	A	17
причинять	V	17
прославлять	V	17
пьянить	V	17
р	S	17
раздел	S	17
рог	S	17
роды	S	17
служанка	S	17
смеяться	V	17
согласие	S	17
созвездие	S	17
соответствие	S	17
спица	S	17
строй	S	17
терпеть	V	17
тогда	ADV	17
удовлетворение	S	17
устать	V	17
учить	V	17
ходить	V	17
царевич	S	17
эпос	S	17
ядовитый	A	17
барабан	S	16
везти	V	16
вернуть	V	16
воздушный	A	16
встать	V	16
выполнять	V	16
выступить	V	16
глупец	S	16
град	S	16
грязь	S	16
жизненный	A	16
завоеватель	S	16
зажечь	V	16
заполнить	V	16
заря	S	16
защитить	V	16
измученный	A	16
исчезнуть	V	16
коса	S	16
крепко	ADV	16
маленький	A	16
милостивый	A	16
напасть	V	16
недостаток	S	16
недостойный	A	16
непоколебимый	A	16
нить	S	16
обида	S	16
общение	S	16
обычай	S	16
огненный	A	16
окутать	V	16
отчаяние	S	16
поднимать	V	16
подойти	V	16
покорить	V	16
постоянный	A	16
поход	S	16
правитель	S	16
предаться	V	16
провести	V	16
пустить	V	16
работа	S	16
рассказ	S	16
светильник	S	16
следствие	S	16
собственность	S	16
сомневаться	V	16
сотрясать	V	16
сочиться	V	16
спор	S	16
ставка	S	16
стих	S	16
сухой	A	16
сущий	A	16
текущий	A	16
телесный	A	16
тень	S	16
третий	A	16
трон	S	16
удручённый	A	16
улица	S	16
упасть	V	16
хвалебный	A	16
хижина	S	16
челюсть	S	16
число	S	16
ясный	A	16
боец	S	15
бросать	V	15
бросаться	V	15
велеть	V	15
видимый	A	15
властвовать	V	15
встреча	S	15
входить	V	15
выжимать	V	15
голодный	A	15
гордыня	S	15
демон	S	15
доблестный	A	15
домогаться	V	15
дорогой	A	15
дрожь	S	15
дротик	S	15
дышать	V	15
жезл	S	15
железо	S	15
замешательство	S	15
захват	S	15
захватить	V	15
здоровье	S	15
золотистый	A	15
избавить	V	15
коснуться	V	15
л	S	15
лишить	V	15
мадрова	S	15
многочисленный	A	15
назва	S	15
нападать	V	15
настоящий	A	15
наступление	S	15
неотразимый	A	15
неприятный	A	15
нижний	A	15
обмануть	V	15
обретение	S	15
ожидать	V	15
относиться	V	15
отнять	V	15
охрана	S	15
пепел	S	15
пересекать	V	15
погибнуть	V	15
поглотить	V	15
погребальный	A	15
подверженный	A	15
подумать	V	15
подходящий	A	15
познавать	V	15
покрывать	V	15
польза	S	15
помнить	V	15
породить	V	15
пост	S	15
похожий	A	15
правдивый	A	15
превзойти	V	15
присутствие	S	15
продолжатель	S	15
противник	S	15
проявлять	V	15
прямо	ADV	15
пёстрый	A	15
разделить	V	15
рана	S	15
рассвет	S	15
сад	S	15
север	S	15
серьга	S	15
склониться	V	15
служба	S	15
служение	S	15
смирение	S	15
собрать	V	15
соединить	V	15
сойтись	V	15
стойкий	A	15
стрекало	S	15
тайно	ADV	15
топор	S	15
ужас	S	15
уза	S	15
уничтожение	S	15
утроба	S	15
хотара	S	15
царица	S	15
чтение	S	15
шаг	S	15
шкура	S	15
амрита	S	14
аскеза	S	14
аскет	S	14
бездетный	A	14
бивень	S	14
варёный	A	14
вестник	S	14
весёлый	A	14
вечность	S	14
влечение	S	14
вождь	S	14
возраст	S	14
выжимание	S	14
вырасти	V	14
высоко	ADV	14
выходить	V	14
горшок	S	14
двойственность	S	14
дикий	A	14
едва	ADV	14
заботиться	V	14
залить	V	14
заслуга	S	14
захватывать	V	14
злоумышленник	S	14
изменение	S	14
ищущий	A	14
казаться	V	14
колдун	S	14
костёр	S	14
кувшин	S	14
любой	A	14
медовый	A	14
мирской	A	14
надельный	A	14
нарушение	S	14
невозможно	ADV	14
недоступный	A	14
неколебимый	A	14
ненависть	S	14
обещание	S	14
обойти	V	14
обрадовать	V	14
одинаковый	A	14
олень	S	14
опираться	V	14
основываться	V	14
особый	A	14
отвергнуть	V	14
охотник	S	14
ошибка	S	14
палка	S	14
подкрепление	S	14
пожиратель	S	14
покрывало	S	14
полдень	S	14
полководец	S	14
помогать	V	14
понуждать	V	14
попасть	V	14
постижение	S	14
почёт	S	14
преодолевать	V	14
преодолеть	V	14
призвать	V	14
пробуждение	S	14
прогнать	V	14
проникнуть	V	14
разговор	S	14
размер	S	14
размышление	S	14
разнообразный	A	14
разрушитель	S	14
разумный	A	14
распространяться	V	14
растение	S	14
сандал	S	14
связывать	V	14
старший	S	14
столица	S	14
стройный	A	14
схватка	S	14
танматра	S	14
течь	V	14
трепет	S	14
увеличивать	V	14
укрытие	S	14
упряжка	S	14
услада	S	14
устремить	V	14
ущерб	S	14
ход	S	14
холод	S	14
честь	S	14
шестой	A	14
якшма	S	14
бал	S	13
бедный	A	13
безумный	A	13
бок	S	13
бояться	V	13
быстрота	S	13
венка	S	13
верёвка	S	13
владелец	S	13
внимание	S	13
вознаграждение	S	13
война	S	13
волнение	S	13
выход	S	13
глина	S	13
гореть	V	13
горожанин	S	13
государь	S	13
греховный	A	13
густой	A	13
далее	ADV	13
жара	S	13
жемчужина	S	13
заострить	V	13
затем	ADV	13
земной	A	13
избавление	S	13
избегать	V	13
издалёка	ADV	13
исходить	V	13
каковой	A	13
колдовство	S	13
колебаться	V	13
колесничный	A	13
кричать	V	13
куш	S	13
лоб	S	13
ложка	S	13
любить	V	13
мнение	S	13
молочный	A	13
нарушать	V	13
наряд	S	13
необходимый	A	13
низкорождённый	A	13
область	S	13
обстоятельство	S	13
овца	S	13
оскорбить	V	13
оскорбление	S	13
основать	V	13
отдохнуть	V	13
отправляться	V	13
отпрыск	S	13
отражать	V	13
павлин	S	13
питать	V	13
показывать	V	13
поклон	S	13
полнота	S	13
понимание	S	13
поразмыслить	V	13
почему	ADV	13
предшествовать	V	13
презирать	V	13
презрение	S	13
приказать	V	13
пример	S	13
приобретение	S	13
произвести	V	13
произойти	V	13
процветать	V	13
пятно	S	13
рабыня	S	13
раздача	S	13
разрушать	V	13
ранить	V	13
родный	A	13
рыдать	V	13
сбросить	V	13
свита	S	13
седьмой	A	13
сейчас	ADV	13
случиться	V	13
солнечный	A	13
солёный	A	13
сохранить	V	13
средний	A	13
стопа	S	13
ступать	V	13
танец	S	13
терзать	V	13
тяжкий	A	13
уводить	V	13
умереть	V	13
уста	S	13
уход	S	13
участок	S	13
четвёртый	A	13
чрево	S	13
яйцо	S	13
асура	S	12
асуровый	A	12
бить	V	12
благословение	S	12
брань	S	12
бутон	S	12
бычий	A	12
ваджра	S	12
вдохновенный	A	12
век	S	12
венок	S	12
вершитель	S	12
вина	S	12
вкушение	S	12
вновь	ADV	12
водоворот	S	12
вопль	S	12
восьмой	A	12
всадник	S	12
всеобщий	A	12
гневный	A	12
готовить	V	12
дальний	A	12
деревянный	A	12
дерзкий	A	12
доиться	V	12
доставить	V	12
дрон	S	12
единодушный	A	12
ждать	V	12
заклинание	S	12
захватчик	S	12
звучащий	A	12
зима	S	12
злобный	A	12
змеиный	A	12
зонт	S	12
извлечь	V	12
изобиловать	V	12
изумление	S	12
искусно	ADV	12
исполнитель	S	12
истинно	ADV	12
йоджан	S	12
кожа	S	12
коза	S	12
козёл	S	12
колодец	S	12
кольцо	S	12
кукушка	S	12
ласковый	A	12
лепёшка	S	12
лучезарный	A	12
мастер	S	12
миг	S	12
музыка	S	12
набухнуть	V	12
насилие	S	12
нектар	S	12
обращать	V	12
ожерелие	S	12
осень	S	12
оскорблять	V	12
осуждать	V	12
осёл	S	12
отбросить	V	12
отличаться	V	12
отметить	V	12
отношение	S	12
отточить	V	12
охватывать	V	12
пандав	S	12
пара	S	12
писание	S	12
плоть	S	12
плясать	V	12
побег	S	12
повелеть	V	12
повод	S	12
подавить	V	12
пожертвовать	V	12
покаяние	S	12
покои	S	12
покорять	V	12
полагаться	V	12
полёт	S	12
помазание	S	12
помысел	S	12
порождать	V	12
порок	S	12
посвящение	S	12
постигать	V	12
построить	V	12
пот	S	12
потом	ADV	12
похищение	S	12
поэтический	A	12
появляться	V	12
пояс	S	12
правый	A	12
пребывание	S	12
привезти	V	12
прислуживать	V	12
причинить	V	12
пробудить	V	12
простираться	V	12
просьба	S	12
прохладный	A	12
разбить	V	12
разъярённый	A	12
рассеять	V	12
решительный	A	12
родство	S	12
рост	S	12
ряд	S	12
связанный	V	12
связать	V	12
сдержать	V	12
скакун	S	12
сладкое	S	12
смешение	S	12
собака	S	12
собирать	V	12
содержать	V	12
сокровищница	S	12
союз	S	12
спасать	V	12
спаситель	S	12
сразиться	V	12
стена	S	12
стоить	V	12
сторонник	S	12
сюда	ADV	12
туда	ADV	12
угрожать	V	12
умеренный	A	12
установленный	A	12
хватать	V	12
храм	S	12
царевна	S	12
целый	A	12
читать	V	12
широко	ADV	12
ад	S	11
аскетический	A	11
безлюдный	A	11
безначальный	A	11
безоружный	A	11
бесчестие	S	11
благовоние	S	11
благодатный	A	11
близость	S	11
бодрствовать	V	11
буланый	A	11
важный	A	11
вдохновлять	V	11
великолепие	S	11
вздох	S	11
вкусный	A	11
влага	S	11
водный	A	11
ворона	S	11
восхождение	S	11
вредить	V	11
вспышка	S	11
вспять	ADV	11
вступать	V	11
всюду	ADV	11
выбирать	V	11
выглядеть	V	11
гнать	V	11
горький	A	11
грохотать	V	11
двуногий	A	11
дед	S	11
держатель	S	11
диадема	S	11
дозволение	S	11
дойный	A	11
достояние	S	11
дрова	S	11
душевный	A	11
жадность	S	11
жемчуг	S	11
журавль	S	11
зависть	S	11
завоевать	V	11
замечать	V	11
замуж	ADV	11
запад	S	11
западный	A	11
запрягать	V	11
зародыш	S	11
затрубить	V	11
избранный	A	11
изначальный	A	11
искупление	S	11
кал	S	11
канва	S	11
клич	S	11
кобылица	S	11
кормить	V	11
коровий	A	11
крайний	A	11
лихорадка	S	11
лодка	S	11
локон	S	11
лыко	S	11
любитель	S	11
лягушка	S	11
м	S	11
мужской	A	11
мул	S	11
муравей	S	11
мучение	S	11
наблюдать	V	11
навстречу	ADV	11
нагой	A	11
наделять	V	11
надеть	V	11
надлежащий	A	11
направо	ADV	11
нарушить	V	11
небытие	S	11
непроявленный	A	11
ночной	A	11
обретать	V	11
объявить	V	11
овладеть	V	11
одеяние	S	11
однажды	ADV	11
ожидание	S	11
оказаться	V	11
опровержение	S	11
опьянение	S	11
опьянить	V	11
опьянять	V	11
орган	S	11
отвращение	S	11
отдых	S	11
открыть	V	11
откуда	ADV	11
отразить	V	11
отрицать	V	11
пальма	S	11
пасть	S	11
переправиться	V	11
пехотинец	S	11
питание	S	11
планета	S	11
повелевать	V	11
повергать	V	11
повредить	V	11
повторять	V	11
погибель	S	11
погрузить	V	11
погубить	V	11
подвижный	A	11
подробно	ADV	11
подруга	S	11
поместить	V	11
понимать	V	11
поселение	S	11
послушание	S	11
поступать	V	11
почтенный	A	11
появление	S	11
праздник	S	11
преданность	S	11
приглашение	S	11
приказание	S	11
пропитать	V	11
проступок	S	11
протянуть	V	11
пытаться	V	11
раб	S	11
раздавить	V	11
разрушение	S	11
разящий	A	11
раскалить	V	11
расположение	S	11
рассудок	S	11
решающий	A	11
решимость	S	11
родич	S	11
свобода	S	11
сезон	S	11
сладостный	A	11
слева	ADV	11
смех	S	11
содрогаться	V	11
соединиться	V	11
созерцание	S	11
сойти	V	11
соответствовать	V	11
сопрячь	V	11
спасение	S	11
спокойно	ADV	11
спрашивать	V	11
средоточие	S	11
старец	S	11
сумерки	S	11
сустав	S	11
твёрдо	ADV	11
ткань	S	11
топливо	S	11
трижды	ADV	11
труднодостижимый	A	11
трудность	S	11
увенчать	V	11
угодный	A	11
угощение	S	11
удалиться	V	11
умелый	A	11
умножать	V	11
усеять	V	11
усиливать	V	11
устремляться	V	11
участь	S	11
хулитель	S	11
черепаха	S	11
чрезвычайно	ADV	11
щедрость	S	11
щит	S	11
южный	A	11
безграничный	A	10
безобманный	A	10
безопасность	S	10
беспокойство	S	10
благосклонность	S	10
благоухать	V	10
блуждать	V	10
вводить	V	10
веданг	S	10
вечерний	A	10
вечером	ADV	10
веять	V	10
взволновать	V	10
взывать	V	10
вкусить	V	10
властелин	S	10
влечь	V	10
внук	S	10
вожделение	S	10
воздержание	S	10
возникновение	S	10
возрастать	V	10
вопрос	S	10
воспевать	V	10
восток	S	10
враждебность	S	10
всепроникающий	A	10
выбор	S	10
выдыхать	V	10
голубь	S	10
горло	S	10
господь	S	10
гостеприимство	S	10
греметь	V	10
грешный	A	10
группа	S	10
гусь	S	10
данный	V	10
дасие	S	10
двойной	A	10
деньга	S	10
дивный	A	10
должник	S	10
дубина	S	10
жалкий	A	10
жениться	V	10
завершить	V	10
закрывать	V	10
замысел	S	10
заросль	S	10
зачем	ADV	10
заяц	S	10
злонамеренный	A	10
игрок	S	10
колонна	S	10
колос	S	10
кончик	S	10
копыто	S	10
корзина	S	10
крокодил	S	10
круглый	A	10
куча	S	10
ланка	S	10
лань	S	10
левый	A	10
лик	S	10
лишать	V	10
лотосоглазый	A	10
лотосоокий	A	10
лошадь	S	10
любовник	S	10
манго	S	10
милостыня	S	10
мозг	S	10
мука	S	10
наг	S	10
надёжный	A	10
назначить	V	10
напоминать	V	10
наступить	V	10
натягивать	V	10
небольшой	A	10
неверный	A	10
ненавистник	S	10
непостижимый	A	10
непостоянный	A	10
непрерывно	ADV	10
неудержимый	A	10
нечистота	S	10
ничтожный	A	10
обдумать	V	10
обширный	A	10
общество	S	10
одержимый	A	10
одолевать	V	10
оказать	V	10
оперение	S	10
описать	V	10
определение	S	10
опустить	V	10
опытный	A	10
освятить	V	10
отдельный	A	10
отправить	V	10
отступить	V	10
падение	S	10
пахарь	S	10
пение	S	10
период	S	10
питательный	A	10
пламенный	A	10
повернуть	V	10
подарок	S	10
поддержать	V	10
пожар	S	10
позади	ADV	10
пойти	V	10
покоритель	S	10
попросить	V	10
поспешить	V	10
поспешно	ADV	10
поступок	S	10
посылать	V	10
появиться	V	10
правильный	A	10
практика	S	10
предлог	S	10
прибегать	V	10
приветствие	S	10
пригласить	V	10
приняться	V	10
приём	S	10
продолжать	V	10
продолжение	S	10
производить	V	10
противоположный	A	10
прочный	A	10
пуруша	S	10
путник	S	10
раздавать	V	10
разлучить	V	10
разрешение	S	10
разыскивать	V	10
раскат	S	10
распустить	V	10
расстаться	V	10
расстояние	S	10
рваться	V	10
реальность	S	10
ремень	S	10
решить	V	10
садиться	V	10
сбор	S	10
светить	V	10
свидание	S	10
сзади	ADV	10
синий	A	10
склон	S	10
сколько	ADV	10
скорость	S	10
сладость	S	10
слог	S	10
снабдить	V	10
совместный	A	10
сопровождение	S	10
сосредоточение	S	10
спокойный	A	10
сразить	V	10
старание	S	10
стезя	S	10
столкновение	S	10
столь	ADV	10
страстный	A	10
субстрат	S	10
существующий	A	10
считаться	V	10
танцевать	V	10
тяжко	ADV	10
тяжёлый	A	10
удача	S	10
удивление	S	10
удобно	ADV	10
указать	V	10
указывать	V	10
украшать	V	10
упрёк	S	10
устрашать	V	10
устроитель	S	10
утвердить	V	10
учиться	V	10
хобот	S	10
царственный	A	10
целовать	V	10
чаша	S	10
чувственный	A	10
чуждый	A	10
шнур	S	10
шри	S	10
эпитет	S	10
эхо	S	10
яростный	A	10
аргумент	S	9
беззащитный	A	9
безраздельный	A	9
беспрепятственно	ADV	9
бессильный	A	9
бесстрашный	A	9
бесчисленный	A	9
благосклонный	A	9
благочестие	S	9
варн	S	9
вдохновение	S	9
великолепный	A	9
весна	S	9
взирать	V	9
видный	A	9
военный	A	9
возить	V	9
возрасти	V	9
восточный	A	9
восходить	V	9
восходящий	A	9
вплоть	ADV	9
враждовать	V	9
вражеский	A	9
вращаться	V	9
выгнать	V	9
выдох	S	9
выступать	V	9
газель	S	9
гетера	S	9
грозовой	A	9
давильный	A	9
доение	S	9
должное	S	9
доступный	A	9
дружелюбный	A	9
ехать	V	9
жадный	A	9
жалость	S	9
заблуждаться	V	9
завоевание	S	9
задрожать	V	9
залог	S	9
занятие	S	9
занятой	A	9
зачать	V	9
звон	S	9
знатный	A	9
зной	S	9
зрение	S	9
избавлять	V	9
издали	ADV	9
издать	V	9
издревле	ADV	9
изранить	V	9
инструмент	S	9
исключение	S	9
иссякать	V	9
истребить	V	9
истребление	S	9
йогин	S	9
канал	S	9
кнут	S	9
коварный	A	9
кожаный	A	9
контакт	S	9
корм	S	9
коршун	S	9
красноречивый	A	9
крыша	S	9
ласково	ADV	9
ликование	S	9
лука	S	9
малое	S	9
материнский	A	9
метнуть	V	9
миновать	V	9
мировой	A	9
многообразный	A	9
морской	A	9
мощно	ADV	9
навоз	S	9
намереваться	V	9
направлять	V	9
напрасно	ADV	9
наставлять	V	9
наступать	V	9
начинание	S	9
небосвод	S	9
неотвратимый	A	9
непосредственный	A	9
непостоянство	S	9
неправедный	A	9
непреходящий	A	9
несомненно	ADV	9
неспособность	S	9
новолуние	S	9
нора	S	9
облизывать	V	9
оболочка	S	9
обращение	S	9
обречь	V	9
обрить	V	9
обучать	V	9
обучение	S	9
овечий	A	9
ограниченный	A	9
озарить	V	9
опасный	A	9
опоясать	V	9
опыт	S	9
освобождаться	V	9
ослепить	V	9
отвращать	V	9
отказаться	V	9
отражение	S	9
отречься	V	9
охранитель	S	9
панда	S	9
перворождённый	A	9
переполненный	A	9
плакать	V	9
побоище	S	9
погружаться	V	9
податель	S	9
подаяние	S	9
подвластный	A	9
позор	S	9
показаться	V	9
покорный	A	9
покров	S	9
посох	S	9
постель	S	9
потрясти	V	9
почва	S	9
почитатель	S	9
почтительность	S	9
почтительный	A	9
праведник	S	9
прародитель	S	9
преграда	S	9
предложить	V	9
представление	S	9
прекраснобедрый	A	9
прелестный	A	9
пренебрежение	S	9
приверженный	A	9
привлекать	V	9
прикосновение	S	9
принадлежать	V	9
принудить	V	9
пробуравить	V	9
прожить	V	9
промедление	S	9
промежуток	S	9
промежуточный	A	9
пронизать	V	9
проникать	V	9
противоречащий	A	9
проявить	V	9
путешествие	S	9
равнодушный	A	9
радостно	ADV	9
различать	V	9
разрывать	V	9
распуститься	V	9
рассеивать	V	9
решиться	V	9
сбить	V	9
сверху	ADV	9
сезам	S	9
серп	S	9
скала	S	9
скитаться	V	9
скоро	ADV	9
скрывать	V	9
скупец	S	9
слониха	S	9
соблюдение	S	9
соединяться	V	9
сострадательный	A	9
способствовать	V	9
ссора	S	9
ставить	V	9
степень	S	9
стойкость	S	9
страж	S	9
странствие	S	9
стрелка	S	9
счёт	S	9
съесть	V	9
текст	S	9
темнота	S	9
терять	V	9
теснить	V	9
топлёный	A	9
трение	S	9
тысячная	S	9
убегать	V	9
убиение	S	9
уголок	S	9
удобный	A	9
уединённый	A	9
узел	S	9
узнавать	V	9
улыбаться	V	9
услаждать	V	9
услуга	S	9
успокаивать	V	9
успокоиться	V	9
установление	S	9
устроить	V	9
утвердиться	V	9
учёность	S	9
чрезмерно	ADV	9
чужое	S	9
шар	S	9
щека	S	9
юность	S	9
якшея	S	9
банановый	A	8
баран	S	8
бездействие	S	8
безумие	S	8
беременный	A	8
беседовать	V	8
бесстрашно	ADV	8
благоуханный	A	8
близко	ADV	8
броситься	V	8
булава	S	8
вдыхать	V	8
вепрь	S	8
верхний	A	8
влажный	A	8
вложить	V	8
водопой	S	8
водоём	S	8
вожак	S	8
возвышаться	V	8
воздать	V	8
возложить	V	8
воинственный	A	8
волк	S	8
воспеть	V	8
восседать	V	8
восхвалитель	S	8
вражда	S	8
всезнающий	A	8
вспоминать	V	8
встретить	V	8
встречать	V	8
выполнить	V	8
выпускать	V	8
вырывать	V	8
выслушать	V	8
главное	S	8
глубина	S	8
глубоко	ADV	8
глухой	A	8
гневаться	V	8
голубой	A	8
гордый	A	8
господство	S	8
губить	V	8
давно	ADV	8
дань	S	8
детство	S	8
деятель	S	8
добиваться	V	8
добиться	V	8
домой	ADV	8
дуть	V	8
ежедневно	ADV	8
жгучий	A	8
жемчужный	A	8
жених	S	8
завершение	S	8
зависимый	A	8
зажигать	V	8
заключение	S	8
закрытый	A	8
занятый	A	8
заполнять	V	8
зваться	V	8
звенящий	A	8
звучать	V	8
земледелец	S	8
зоря	S	8
зрелище	S	8
индрия	S	8
испускать	V	8
кабан	S	8
кадамба	S	8
каменный	A	8
клятва	S	8
количество	S	8
колокольчик	S	8
красиво	ADV	8
красноречие	S	8
кропить	V	8
кубок	S	8
купец	S	8
кура	S	8
лак	S	8
лезвие	S	8
ловкий	A	8
логика	S	8
масть	S	8
мелкий	A	8
местопребывание	S	8
месячный	A	8
метаться	V	8
миллион	S	8
министр	S	8
момент	S	8
монах	S	8
муха	S	8
н	S	8
назвать	V	8
наиболее	ADV	8
накопить	V	8
нанести	V	8
нападение	S	8
направиться	V	8
наружу	ADV	8
натиск	S	8
натянутый	A	8
небожитель	S	8
невыносимый	A	8
негодный	A	8
некоторый	A	8
необузданный	A	8
неподвижно	ADV	8
неправда	S	8
непревзойдённый	A	8
непрерывный	A	8
нечестивец	S	8
нисхождение	S	8
обещать	V	8
обнаруживать	V	8
обнимать	V	8
обозначать	V	8
обосновывать	V	8
обученный	A	8
объяснить	V	8
ограничение	S	8
одарить	V	8
одинаково	ADV	8
одобрить	V	8
озирать	V	8
оказывать	V	8
опахать	V	8
орёл	S	8
осветить	V	8
особенно	ADV	8
остановиться	V	8
отвести	V	8
открывать	V	8
открытый	A	8
отрезать	V	8
охотно	ADV	8
очередь	S	8
очищаться	V	8
падеж	S	8
панчал	S	8
пахнуть	V	8
печалиться	V	8
писать	V	8
повеление	S	8
поверхность	S	8
повторение	S	8
поддать	V	8
подпруга	S	8
подчинить	V	8
подъём	S	8
поедать	V	8
пока	ADV	8
показать	V	8
поклониться	V	8
полезный	A	8
поражать	V	8
посланец	S	8
последовательно	ADV	8
последствие	S	8
поцеловать	V	8
презренный	A	8
преимущество	S	8
прекратить	V	8
премудрый	A	8
преследователь	S	8
привлечь	V	8
привыкнуть	V	8
признание	S	8
прислать	V	8
пробить	V	8
пробуждать	V	8
проглотить	V	8
прогонять	V	8
произведение	S	8
проливать	V	8
пронзать	V	8
противоречие	S	8
прошедшее	S	8
пустой	A	8
раджа	S	8
разбежаться	V	8
разбивать	V	8
разложить	V	8
разукрасить	V	8
ранее	ADV	8
раса	S	8
расположить	V	8
расположиться	V	8
расстройство	S	8
расход	S	8
ревностный	A	8
результат	S	8
ремесленник	S	8
росток	S	8
рукоять	S	8
самка	S	8
сварить	V	8
светило	S	8
светящийся	A	8
сердечный	A	8
сетовать	V	8
сказание	S	8
склоняться	V	8
скорбеть	V	8
слабость	S	8
сложный	A	8
сломать	V	8
слоновий	A	8
смертельный	A	8
смешаться	V	8
снаружи	ADV	8
снять	V	8
создание	S	8
сокрушать	V	8
соперничать	V	8
соприкосновение	S	8
состязаться	V	8
спалить	V	8
спасть	V	8
спокойствие	S	8
сразу	ADV	8
стечение	S	8
страсть	ADV	8
строфа	S	8
стыдиться	V	8
стяг	S	8
судья	S	8
сут	S	8
танцор	S	8
течь	S	8
толк	S	8
торговля	S	8
тоска	S	8
тотчас	ADV	8
тюрбан	S	8
тяжесть	S	8
уважение	S	8
уголь	S	8
уединение	S	8
уже	ADV	8
указание	S	8
упанишад	S	8
услужение	S	8
установить	V	8
утро	S	8
уцелеть	V	8
холодный	A	8
хромой	A	8
целиком	ADV	8
цепь	S	8
четверть	S	8
четырнадцатый	A	8
чинить	V	8
чувствовать	V	8
шутка	S	8
щедро	ADV	8
энергия	S	8
юноша	S	8
являть	V	8
ячмень	S	8
алый	A	7
амулет	S	7
ана	S	7
апсар	S	7
аромат	S	7
атом	S	7
бамбук	S	7
безмерный	A	7
безрукий	A	7
биться	V	7
благословенный	A	7
благоухание	S	7
бледный	A	7
блюдо	S	7
боб	S	7
бодрствование	S	7
большеокий	A	7
бурный	A	7
ваш	A	7
везде	ADV	7
вездесущий	A	7
вена	S	7
верх	S	7
взглянуть	V	7
вздыматься	V	7
владычица	S	7
внизу	ADV	7
возврат	S	7
возвращать	V	7
возглавлять	V	7
воздеть	V	7
возничий	S	7
воинство	S	7
восклицать	V	7
воспламенить	V	7
воспоминание	S	7
восторг	S	7
встретиться	V	7
втягивать	V	7
выбрать	V	7
выгода	S	7
выделить	V	7
высота	S	7
газелеокий	A	7
голый	A	7
горевать	V	7
госпожа	S	7
готовность	S	7
грубо	ADV	7
груда	S	7
данный	A	7
даром	ADV	7
длина	S	7
дно	S	7
долголетие	S	7
достигнутый	V	7
досягаемость	S	7
дядя	S	7
евнух	S	7
единство	S	7
жарка	S	7
жаркий	A	7
забыть	V	7
завтра	ADV	7
задумать	V	7
закат	S	7
заклад	S	7
заметить	V	7
замечательный	A	7
заниматься	V	7
заплести	V	7
затылок	S	7
захотеть	V	7
зачатие	S	7
зеркало	S	7
избежать	V	7
изгонять	V	7
изобилие	S	7
инструментарий	S	7
испуганный	A	7
иссушать	V	7
истребитель	S	7
кислый	A	7
колдовской	A	7
колебание	S	7
контроль	S	7
красноватый	A	7
кусочек	S	7
ласкать	V	7
лживый	A	7
лизать	V	7
ликовать	V	7
листва	S	7
любимец	S	7
лёгкость	S	7
майя	S	7
малый	S	7
материальный	A	7
местность	S	7
метеор	S	7
минута	S	7
митра	S	7
моча	S	7
музыкальный	A	7
мёртвый	S	7
наводить	V	7
навредить	V	7
наедине	ADV	7
накопление	S	7
направляться	V	7
насекомое	S	7
населить	V	7
наследник	S	7
насытиться	V	7
насыщать	V	7
начищать	V	7
неведение	S	7
невежество	S	7
неверующий	A	7
незнание	S	7
неизменный	A	7
необоримый	A	7
необычайный	A	7
неразрушимый	A	7
ниц	ADV	7
нравиться	V	7
обманщик	S	7
обманывать	V	7
обходить	V	7
община	S	7
объединиться	V	7
обычный	A	7
одноглазый	A	7
окончание	S	7
окружение	S	7
омывать	V	7
омыть	V	7
опалять	V	7
оперить	V	7
опечалиться	V	7
описание	S	7
освежать	V	7
осенний	A	7
осязание	S	7
отборный	A	7
отринуть	V	7
отсек	S	7
отступать	V	7
охота	S	7
очевидный	A	7
пагубный	A	7
пасти	V	7
пастись	V	7
переправа	S	7
платить	V	7
плыть	V	7
победный	A	7
повар	S	7
поверженный	A	7
повреждение	S	7
повторный	A	7
погнать	V	7
погонщик	S	7
подавлять	V	7
подвижница	S	7
поддаваться	V	7
подлый	A	7
поднести	V	7
подчинённый	A	7
покидать	V	7
покинутый	A	7
покровительство	S	7
полено	S	7
полумесяц	S	7
пользоваться	V	7
помазать	V	7
помещение	S	7
помрачение	S	7
понять	V	7
попугай	S	7
порадовать	V	7
последующий	A	7
посмотреть	V	7
поститься	V	7
поторапливать	V	7
поэма	S	7
правильно	ADV	7
превыше	ADV	7
прегрешение	S	7
предлагать	V	7
препятствовать	V	7
прибегнуть	V	7
приверженец	S	7
приготовление	S	7
применение	S	7
принесение	S	7
присущий	A	7
притирание	S	7
притягивать	V	7
приятно	ADV	7
пробудиться	V	7
пробуждаться	V	7
проводить	V	7
провозгласить	V	7
прозорливый	A	7
произнести	V	7
пролить	V	7
простить	V	7
простой	A	7
противостоять	V	7
протяжённость	S	7
проходить	V	7
прошлый	A	7
пугать	V	7
пузырь	S	7
пыльца	S	7
пятка	S	7
равновесие	S	7
разбросать	V	7
развлекаться	V	7
раздать	V	7
раздробить	V	7
разжечь	V	7
разить	V	7
различение	S	7
разрушить	V	7
раскалывать	V	7
распространять	V	7
растворяться	V	7
родня	S	7
рыбак	S	7
сажать	V	7
сандалия	S	7
сансар	S	7
сахар	S	7
свидетель	S	7
свободно	ADV	7
святилище	S	7
серебро	S	7
сеять	V	7
скопище	S	7
скромность	S	7
скромный	A	7
скупой	A	7
служащий	A	7
служитель	S	7
слышный	A	7
смиренный	A	7
смирить	V	7
совсем	ADV	7
сожжение	S	7
созерцать	V	7
сокрытый	A	7
сообщить	V	7
составлять	V	7
спорить	V	7
спускаться	V	7
ствол	S	7
стекать	V	7
стекаться	V	7
стон	S	7
стоя	ADV	7
субъект	S	7
сулить	V	7
сутки	S	7
суть	S	7
сходиться	V	7
сходство	S	7
тамас	S	7
терние	S	7
товарищ	S	7
трубить	V	7
труднодоступный	A	7
труп	S	7
тут	ADV	7
тыльный	A	7
убрать	V	7
удав	S	7
указанный	V	7
уклоняться	V	7
умастить	V	7
умирать	V	7
унести	V	7
управлять	V	7
усилить	V	7
успешный	A	7
устранение	S	7
уступать	V	7
функция	S	7
харя	S	7
хина	S	7
цветочный	A	7
целое	S	7
цена	S	7
циновка	S	7
чаровать	V	7
частица	S	7
чрезмерный	A	7
шалый	A	7
явный	A	7
яловый	A	7
автор	S	6
актёр	S	6
алкать	V	6
алоэ	S	6
алчность	S	6
ароматный	A	6
ашок	S	6
баньян	S	6
безвинный	A	6
безоблачный	A	6
безрадостный	A	6
безразличие	S	6
безрассудный	A	6
беседка	S	6
бесполезный	A	6
бестелесный	A	6
благовонный	A	6
благонравный	A	6
благоприятствовать	V	6
благородство	S	6
блестящий	A	6
бороться	V	6
борьба	S	6
буйвол	S	6
буйволовый	A	6
буквенный	A	6
бурлить	V	6
бхарат	S	6
быстроходный	A	6
варить	V	6
вдова	S	6
вдохнуть	V	6
ведийский	A	6
вездесущие	S	6
вертеться	V	6
веселие	S	6
вихрь	S	6
вкратце	ADV	6
владычество	S	6
влияние	S	6
влюбить	V	6
внимательно	ADV	6
внушать	V	6
вовремя	ADV	6
водопад	S	6
возвышение	S	6
возглашать	V	6
возмездие	S	6
возможность	S	6
возмутить	V	6
воочию	ADV	6
восклицание	S	6
восхищение	S	6
всеведущий	A	6
всевозможный	A	6
всемогущий	A	6
всепобеждающий	A	6
вскоре	ADV	6
вспомнить	V	6
вспыхивать	V	6
вставать	V	6
встревожить	V	6
вступить	V	6
вход	S	6
вывод	S	6
выдерживать	V	6
вызов	S	6
выпить	V	6
выполнение	S	6
вытащить	V	6
вытесать	V	6
гиена	S	6
гнездо	S	6
горячий	A	6
грешник	S	6
громадный	A	6
громовержец	S	6
груз	S	6
дальнейший	A	6
двор	S	6
девочка	S	6
десятка	S	6
десятый	A	6
довольно	ADV	6
доктрина	S	6
домочадец	S	6
дурно	ADV	6
единоутробный	A	6
естественный	A	6
жало	S	6
жечь	V	6
живой	S	6
жирный	A	6
забава	S	6
забавляться	V	6
забывать	V	6
законный	A	6
закрыть	V	6
запереть	V	6
засов	S	6
заход	S	6
злоба	S	6
злонравный	A	6
зов	S	6
игла	S	6
игральный	A	6
изменчивый	A	6
изнурять	V	6
изъян	S	6
исполниться	V	6
испытать	V	6
истечение	S	6
исторгать	V	6
история	S	6
истреблять	V	6
касание	S	6
кишка	S	6
ковш	S	6
козни	S	6
кол	S	6
комок	S	6
короткий	A	6
кража	S	6
красоваться	V	6
крылатый	A	6
купание	S	6
лагерь	S	6
лишаться	V	6
локоть	S	6
людоед	S	6
лютня	S	6
магический	A	6
макар	S	6
масса	S	6
мгновенность	S	6
менять	V	6
метать	V	6
метко	ADV	6
многоцветный	A	6
модус	S	6
молчание	S	6
мычание	S	6
наверху	ADV	6
надменный	A	6
надя	S	6
наличие	S	6
наносить	V	6
наполовину	ADV	6
направление	S	6
нарукавник	S	6
нарядный	A	6
наставить	V	6
не-сущий	A	6
неблагодарный	A	6
невеста	S	6
недавно	ADV	6
неделимый	A	6
недолжный	A	6
недостижимый	A	6
нежеланный	A	6
неистовство	S	6
немного	ADV	6
неподалёку	ADV	6
несгибаемый	A	6
несправедливость	S	6
несправедливый	A	6
несчастливый	A	6
неуязвимый	A	6
нечестивый	A	6
низина	S	6
нирвана	S	6
нищенствовать	V	6
ноздря	S	6
нужный	A	6
обезуметь	V	6
оберегать	V	6
обилие	S	6
обозначение	S	6
обрадоваться	V	6
обратно	ADV	6
обрушиваться	V	6
обрушить	V	6
обуздывать	V	6
объяснение	S	6
объяснять	V	6
объять	V	6
огласить	V	6
опечалить	V	6
оплакивать	V	6
оппонент	S	6
опуститься	V	6
опьяняться	V	6
освобождать	V	6
осквернить	V	6
ослепление	S	6
остров	S	6
осуществить	V	6
ось	S	6
отвергать	V	6
отвлечь	V	6
отвращаться	V	6
отдавать	V	6
отказ	S	6
откровение	S	6
отомстить	V	6
отрешение	S	6
отрешиться	V	6
отрицание	S	6
отсечь	V	6
отталкивать	V	6
оттолкнуть	V	6
ощущение	S	6
п	S	6
пашня	S	6
передавать	V	6
передний	A	6
перекрёсток	S	6
перенести	V	6
переносить	V	6
перепугать	V	6
пересечь	V	6
песчаный	A	6
петух	S	6
печальный	A	6
пеший	A	6
пик	S	6
письмо	S	6
пишач	S	6
плавать	V	6
плата	S	6
плодородный	A	6
плотина	S	6
плотник	S	6
повелительница	S	6
повествование	S	6
поворачиваться	V	6
поглощать	V	6
погружение	S	6
подкреплять	V	6
подлинный	A	6
подражание	S	6
подстилка	S	6
подушка	S	6
подходить	V	6
поедание	S	6
поистине	ADV	6
полить	V	6
полнолуние	S	6
поносить	V	6
попадать	V	6
порочный	A	6
посадить	V	6
посвящать	V	6
посредине	ADV	6
посредница	S	6
постепенно	ADV	6
похищать	V	6
правдивость	S	6
правящий	A	6
праздничный	A	6
практиковать	V	6
превращение	S	6
предание	S	6
прекрасноликий	A	6
приближение	S	6
приблизить	V	6
прибытие	S	6
привратник	S	6
приготовиться	V	6
принадлежность	S	6
принятие	S	6
природный	A	6
прихоть	S	6
проворный	A	6
продвигаться	V	6
прожорливый	A	6
проказа	S	6
проклинать	V	6
пропитание	S	6
прорвать	V	6
прославление	S	6
пустынь	S	6
пышный	A	6
пьяница	S	6
разбудить	V	6
развлечение	S	6
различить	V	6
размахивать	V	6
разнести	V	6
рай	S	6
рано	ADV	6
расколоться	V	6
распространить	V	6
рассказчик	S	6
рассматривать	V	6
рассуждение	S	6
рассыпаться	V	6
рвать	V	6
ржать	V	6
рисовый	A	6
родительница	S	6
родовой	A	6
родственный	A	6
рождать	V	6
саман	S	6
самообладание	S	6
самость	S	6
сандаловый	A	6
сапфир	S	6
сбоку	ADV	6
свадьба	S	6
свекровь	S	6
свершитель	S	6
своевременный	A	6
святость	S	6
секира	S	6
сердиться	V	6
сердцевина	S	6
сесть	V	6
склонить	V	6
склонять	V	6
славить	V	6
слияние	S	6
словесный	A	6
смиренно	ADV	6
смоляной	A	6
смыть	V	6
снарядить	V	6
соблазнять	V	6
собранный	A	6
совершение	S	6
содержание	S	6
содеять	V	6
соответственно	ADV	6
соперничество	S	6
сопряжение	S	6
сосед	S	6
соскочить	V	6
сосредоточиться	V	6
сотрапезник	S	6
сотрясатель	S	6
сотрясаться	V	6
сочный	A	6
справедливо	ADV	6
срезать	V	6
сталкиваться	V	6
стан	S	6
стирать	V	6
столкнуть	V	6
странник	S	6
стрелять	V	6
стремительность	S	6
ступень	S	6
ступица	S	6
ступня	S	6
стяжать	V	6
субстанция	S	6
счастливо	ADV	6
такой-то	A	6
тварь	S	6
творог	S	6
тезис	S	6
тека	S	6
течка	S	6
томить	V	6
трактат	S	6
трапеза	S	6
тринадцатый	A	6
туман	S	6
тупоумный	A	6
тыква	S	6
ублажать	V	6
увлажнять	V	6
угощать	V	6
угроза	S	6
уд	S	6
укреплять	V	6
уметь	V	6
умолять	V	6
уныние	S	6
управитель	S	6
уравновесить	V	6
усердие	S	6
усердно	ADV	6
усмиритель	S	6
устанавливать	V	6
установленный	V	6
усыпать	V	6
утешить	V	6
утка	S	6
утомлённый	A	6
учтивый	A	6
философский	A	6
хищный	A	6
хлопок	S	6
хмельный	A	6
храбрый	A	6
хребет	S	6
целомудрие	S	6
часто	ADV	6
четвероногий	A	6
четырехчастный	A	6
чужбина	S	6
шантан	S	6
широкогрудый	A	6
шлем	S	6
ягода	S	6
ядав	S	6
ясность	S	6
ястреб	S	6
авторитет	S	5
адхварь	S	5
атман	S	5
атмана	S	5
бег	S	5
бездыханный	A	5
безжизненный	A	5
безопасный	A	5
безошибочный	A	5
безразличный	A	5
беспечальный	A	5
беспорочный	A	5
беспредельный	A	5
беспричинно	ADV	5
бессилие	S	5
бетель	S	5
благодетель	S	5
благодеяние	S	5
блестеть	V	5
близнец	S	5
блюститель	S	5
борец	S	5
брахманский	A	5
бревно	S	5
бушевать	V	5
бхут	S	5
ваджрой	S	5
ввести	V	5
ввысь	ADV	5
вдох	S	5
верблюд	S	5
верхушка	S	5
весло	S	5
ветка	S	5
взволноваться	V	5
взреветь	V	5
внезапно	ADV	5
возбуждение	S	5
возвестить	V	5
возносить	V	5
возрадоваться	V	5
воитель	S	5
вопить	V	5
воспевание	S	5
воспламениться	V	5
восприниматься	V	5
впасть	V	5
вращать	V	5
вс	S	5
вселенский	A	5
всеобъемлющий	A	5
втайне	ADV	5
вхождение	S	5
выводить	V	5
выжимка	S	5
вымя	S	5
вынести	V	5
выражение	S	5
вырыть	V	5
высокочтимый	A	5
вьющийся	A	5
гад	S	5
гадюка	S	5
гандив	S	5
гандхарва	S	5
гарем	S	5
глазной	A	5
говориться	V	5
гонитель	S	5
горделивый	A	5
горестный	A	5
городской	A	5
грива	S	5
гряда	S	5
губительный	A	5
двинуться	V	5
двоедушный	A	5
дворцовый	A	5
действенный	A	5
деревенский	A	5
дерзко	ADV	5
дитя	S	5
добавление	S	5
доверять	V	5
довольство	S	5
долговечный	A	5
допустить	V	5
допущение	S	5
достославный	A	5
доступ	S	5
дравид	S	5
дремучий	A	5
дружеский	A	5
дружить	V	5
дубинка	S	5
дыбом	ADV	5
естество	S	5
жасмин	S	5
желаемый	A	5
желудок	S	5
жестоко	ADV	5
жидкость	S	5
завет	S	5
завистник	S	5
заговорить	V	5
зад	S	5
задний	A	5
зажечься	V	5
зазвучать	V	5
замышлять	V	5
запас	S	5
запретить	V	5
запятнать	V	5
зарыдать	V	5
заслужить	V	5
затмение	S	5
затопить	V	5
заточить	V	5
заходить	V	5
землетрясение	S	5
злоречивый	A	5
знамение	S	5
зреть	V	5
зять	S	5
избавиться	V	5
извиваться	V	5
изливать	V	5
изматывать	V	5
изменять	V	5
измерить	V	5
изогнутый	A	5
изречь	V	5
интеллект	S	5
искра	S	5
искусственный	A	5
испортить	V	5
испросить	V	5
испустить	V	5
иссякнуть	V	5
источать	V	5
исходящий	A	5
кадр	S	5
кали	S	5
картина	S	5
каурав	S	5
кидаться	V	5
кичиться	V	5
кланяться	V	5
класть	V	5
кобыла	S	5
колючка	S	5
кончина	S	5
копать	V	5
корабль	S	5
коралл	S	5
косица	S	5
котёл	S	5
крапчатый	A	5
кратко	ADV	5
кредитор	S	5
кривая	S	5
кричащий	A	5
крошить	V	5
кругом	ADV	5
кружить	V	5
кулак	S	5
купить	V	5
кхадир	S	5
лента	S	5
леса	S	5
лето	S	5
лжец	S	5
линия	S	5
литавра	S	5
любопытство	S	5
людская	S	5
мгновенно	ADV	5
медведь	S	5
медитация	S	5
медленно	ADV	5
медлить	V	5
медно-красный	A	5
мелодия	S	5
меняться	V	5
метательный	A	5
метод	S	5
милосердие	S	5
мнить	V	5
многожеланный	A	5
многомудрый	A	5
многопрославить	V	5
могучерукий	A	5
молвить	V	5
молить	V	5
монахиня	S	5
мотыга	S	5
мочевой	A	5
мошонка	S	5
мрачный	A	5
мычать	V	5
мышьяк	S	5
мяч	S	5
набухать	V	5
надеяться	V	5
надёжно	ADV	5
называться	V	5
наконечник	S	5
накормить	V	5
напряжение	S	5
насильно	ADV	5
насквозь	ADV	5
наследство	S	5
настигнуть	V	5
настойчиво	ADV	5
настроить	V	5
научить	V	5
нацеливаться	V	5
небывалый	A	5
невежественный	A	5
неверие	S	5
неверно	ADV	5
невиновный	A	5
невозможность	S	5
невозможный	A	5
невозмутимость	S	5
невозмутимый	A	5
негодяй	S	5
недобрый	A	5
недружелюбный	A	5
недуг	S	5
незамужний	A	5
незапятнанный	A	5
незначительный	A	5
неизвестный	A	5
неизменно	ADV	5
неимущий	A	5
неистинный	A	5
неистощимый	A	5
ненасытный	A	5
непрерывность	S	5
непрестанно	ADV	5
непривязанный	A	5
непробиваемый	A	5
непроходимый	A	5
нераздельный	A	5
неразумие	S	5
нерегулярность	S	5
нерешительный	A	5
несметный	A	5
нетерпение	S	5
неузнанный	A	5
нечеловеческий	A	5
низвергаться	V	5
нишадх	S	5
ножны	S	5
нужда	S	5
нуждаться	V	5
обвивать	V	5
обессилеть	V	5
обжигать	V	5
обнажённый	A	5
обнаружение	S	5
ободрить	V	5
ободрять	V	5
обозначить	V	5
обоснование	S	5
образовать	V	5
обрушиться	V	5
обуять	V	5
общаться	V	5
объединение	S	5
огорчить	V	5
ограда	S	5
одиннадцатый	A	5
одинокий	A	5
одновременно	ADV	5
одобрение	S	5
одобрять	V	5
окатить	V	5
округлый	A	5
опахало	S	5
определённый	A	5
ослица	S	5
оснастить	V	5
осознание	S	5
останавливаться	V	5
остро	ADV	5
осуждение	S	5
отверженный	A	5
отдельность	S	5
отзвук	S	5
отклоняться	V	5
открыто	ADV	5
отлогий	A	5
отозваться	V	5
отрешённость	S	5
отрешённый	A	5
отросток	S	5
отсекать	V	5
отступление	S	5
отсутствовать	V	5
отсюда	ADV	5
оттеснять	V	5
отшельница	S	5
очаровательный	A	5
оштрафовать	V	5
ощущать	V	5
палить	V	5
паломничество	S	5
пампа	S	5
парный	A	5
пахтание	S	5
пена	S	5
перевозчик	S	5
передача	S	5
передовой	A	5
переходить	V	5
пернатый	A	5
песок	S	5
печь	S	5
плач	S	5
пляска	S	5
побудитель	S	5
погибать	V	5
поглощение	S	5
погружать	V	5
подбородок	S	5
поддерживатель	S	5
поджечь	V	5
поднятие	S	5
подражать	V	5
поедатель	S	5
поза	S	5
позвать	V	5
поздний	A	5
позиция	S	5
позорить	V	5
показываться	V	5
покоиться	V	5
поливать	V	5
полночь	S	5
полуденный	A	5
получение	S	5
помчаться	V	5
помышлять	V	5
портить	V	5
посещение	S	5
посланник	S	5
потому	ADV	5
потрясать	V	5
похвала	S	5
походка	S	5
правление	S	5
прана	S	5
превратиться	V	5
предвещать	V	5
предзнаменование	S	5
представить	V	5
предстоять	V	5
прекрасногубый	A	5
прекрасноокий	A	5
прерывать	V	5
престарелый	A	5
преуспевать	V	5
преуспеть	V	5
привлекательный	A	5
привязывать	V	5
привязь	S	5
приглашать	V	5
пригнать	V	5
прижаться	V	5
прижимать	V	5
признавать	V	5
приказывать	V	5
прикрепить	V	5
прилежный	A	5
приобретать	V	5
припасть	V	5
прислушиваться	V	5
приступить	V	5
приходящий	A	5
причастный	A	5
причитать	V	5
пробовать	V	5
продавец	S	5
продажа	S	5
прозреть	V	5
производиться	V	5
произнесение	S	5
проломить	V	5
промах	S	5
промежность	S	5
проникнуться	V	5
проститься	V	5
простёртый	A	5
противодействие	S	5
противоречивый	A	5
противоречить	V	5
прошлое	S	5
прощение	S	5
прут	S	5
пуп	S	5
пурана	S	5
пустыня	S	5
пучина	S	5
пучок	S	5
пылкий	A	5
пятеричный	A	5
пятнистый	A	5
пятый	A	5
пёс	S	5
разведение	S	5
разверстый	A	5
раздор	S	5
раздувать	V	5
размеренный	A	5
разрушительный	A	5
разумение	S	5
разуметь	V	5
ракшасти	V	5
раненый	A	5
раскрытый	A	5
раскрыть	V	5
распадаться	V	5
распознавание	S	5
распознать	V	5
распоряжение	S	5
распутный	A	5
рассеиваться	V	5
рассмотреть	V	5
растворение	S	5
растереть	V	5
ревностно	ADV	5
религиозный	A	5
ресница	S	5
речение	S	5
решать	V	5
рисовать	V	5
робкий	A	5
ров	S	5
ровный	A	5
родина	S	5
ручей	S	5
рычать	V	5
сало	S	5
самомнение	S	5
самосущий	A	5
свадебный	A	5
сверкание	S	5
свидетельство	S	5
сжимать	V	5
сиятельный	A	5
скакать	V	5
скамья	S	5
склонный	A	5
скрываться	V	5
скрыть	V	5
слабеть	V	5
слабоумный	A	5
сладкозвучный	A	5
следом	ADV	5
слиться	V	5
сломить	V	5
слоновый	A	5
смертный	S	5
смертоносный	A	5
смоковница	S	5
смочь	V	5
смутить	V	5
смущать	V	5
собачий	A	5
совокупность	S	5
сожрать	V	5
созвать	V	5
созреть	V	5
сокровенный	A	5
соль	S	5
сообщать	V	5
соответствующий	A	5
соперница	S	5
сотрясти	V	5
спереди	ADV	5
спинной	A	5
сподвижник	S	5
спуститься	V	5
сравнение	S	5
старательно	ADV	5
стервятник	S	5
стереть	V	5
стонать	V	5
стремнина	S	5
строгий	A	5
строение	S	5
строка	S	5
струиться	V	5
ступка	S	5
стыдливый	A	5
суждение	S	5
сутра	S	5
сходный	A	5
счесть	V	5
талия	S	5
танцовщица	S	5
тапас	S	5
терзаться	V	5
термин	S	5
терпеливый	A	5
тигрица	S	5
тишина	S	5
тонкостать	V	5
торчать	V	5
тосковать	V	5
традиция	S	5
трепещущий	A	5
треск	S	5
троякий	A	5
труба	S	5
тщательно	ADV	5
тщетный	A	5
тыл	S	5
тысячный	A	5
тягловый	A	5
тянуться	V	5
увеличить	V	5
увести	V	5
увозить	V	5
уготовать	V	5
удовлетворять	V	5
удовлетворённость	S	5
ужасающий	A	5
узкий	A	5
укротить	V	5
укрытый	A	5
уменьшаться	V	5
умерший	A	5
унаследовать	V	5
унижение	S	5
упадок	S	5
упомянуть	V	5
употребление	S	5
управление	S	5
упрямый	A	5
уродливый	A	5
урочный	A	5
усадить	V	5
успокоение	S	5
устлать	V	5
устоять	V	5
утверждение	S	5
утешать	V	5
участник	S	5
уязвимый	A	5
флаг	S	5
формула	S	5
хитрость	S	5
хлопать	V	5
хозяйство	S	5
худой	A	5
хула	S	5
цапля	S	5
цедилка	S	5
целебный	A	5
целиться	V	5
чакравака	S	5
червь	S	5
чресла	S	5
чудной	A	5
чуткий	A	5
ша	S	5
шагать	V	5
шевелиться	V	5
шест	S	5
шестнадцатый	A	5
шип	S	5
ширина	S	5
школа	S	5
штраф	S	5
шурин	S	5
агрегат	S	4
альтернативный	A	4
анг	S	4
андхра	S	4
арань	S	4
аркан	S	4
асурский	A	4
бадар	S	4
безводный	A	4
бездна	S	4
бездонный	A	4
безмолвствовать	V	4
безобразный	A	4
безъ	S	4
белые	S	4
бесконечность	S	4
бескрайний	A	4
беспокоить	V	4
беспорядок	S	4
беспрепятственность	S	4
бесстрашие	S	4
бесстыдный	A	4
бесформенный	A	4
бесчестный	A	4
бимб	S	4
благоволение	S	4
благоволить	V	4
благожелательно	ADV	4
благополучный	A	4
благосклонно	ADV	4
благословить	V	4
благостный	A	4
благотворный	A	4
бодрый	A	4
божественность	S	4
борода	S	4
брахма	S	4
брахмачариный	A	4
брачный	A	4
брод	S	4
будда	S	4
будить	V	4
будущий	A	4
буйный	A	4
бывать	V	4
ваджрать	V	4
вайя	S	4
вал	S	4
вволю	ADV	4
вдалеке	ADV	4
вдаль	ADV	4
вдохновить	V	4
веление	S	4
великодержавный	A	4
великодушный	A	4
величественный	A	4
величина	S	4
верблюдица	S	4
верность	S	4
весело	ADV	4
весенний	A	4
вздымать	V	4
взлететь	V	4
взыскующий	A	4
видарбх	S	4
виднеться	V	4
висеть	V	4
водяной	S	4
воевать	V	4
вожжа	S	4
возбудитель	S	4
возбуждаться	V	4
возвеличивать	V	4
возвести	V	4
возгласить	V	4
воздвигнуть	V	4
возжелать	V	4
вознести	V	4
возноситься	V	4
возражать	V	4
возразить	V	4
возрастание	S	4
воистину	ADV	4
волновать	V	4
волноваться	V	4
волокно	S	4
воображать	V	4
воробей	S	4
воспылать	V	4
восславить	V	4
восхитительный	A	4
впадать	V	4
вредный	A	4
вручать	V	4
вручить	V	4
всевидящий	A	4
всевышний	S	4
вседержитель	S	4
всезнание	S	4
вспомогательный	A	4
вспыльчивый	A	4
всяческий	A	4
выдавать	V	4
выдать	V	4
выделяться	V	4
выдоить	V	4
выезд	S	4
выкопать	V	4
выманить	V	4
выражать	V	4
высказывание	S	4
высохший	A	4
выстрел	S	4
выстроить	V	4
выступление	S	4
вытекать	V	4
гаятереть	V	4
глагол	S	4
гладить	V	4
глиняный	A	4
глотать	V	4
гневливый	A	4
гнедой	A	4
горячее	S	4
грозить	V	4
гул	S	4
данав	S	4
данник	S	4
двадцатый	A	4
двенадцатый	A	4
движимый	A	4
деверь	S	4
девица	S	4
девятый	A	4
действительный	A	4
демонический	A	4
дерзость	S	4
детородный	A	4
дивно	ADV	4
дневный	A	4
доброжелательный	A	4
довести	V	4
дозволить	V	4
доить	V	4
доказать	V	4
долженствовать	V	4
домогательство	S	4
дополнение	S	4
дополнительный	A	4
доска	S	4
достижимый	A	4
достойно	ADV	4
доходить	V	4
древнеиндий	S	4
дрогнуть	V	4
единение	S	4
ездить	V	4
ездок	S	4
еле	ADV	4
жалование	S	4
жареный	A	4
жизненно	ADV	4
жильё	S	4
жительница	S	4
забвение	S	4
завеса	S	4
завидовать	V	4
завистливый	A	4
завязать	V	4
загрязнить	V	4
задержать	V	4
заключать	V	4
замкнутый	A	4
запястье	S	4
зареветь	V	4
зарыть	V	4
засуха	S	4
затмевать	V	4
защитный	A	4
звенеть	V	4
здравие	S	4
зевать	V	4
зелёный	A	4
земледелие	S	4
землекоп	S	4
злокозненный	A	4
злословие	S	4
злосчастный	A	4
змей	S	4
знакомый	A	4
зола	S	4
зубец	S	4
зубчатый	A	4
игрушка	S	4
избавляться	V	4
избрать	V	4
избыток	S	4
известность	S	4
изложение	S	4
измениться	V	4
изнурённый	A	4
изнутри	ADV	4
иллюстративный	A	4
именовать	V	4
испить	V	4
исполняться	V	4
испражнение	S	4
истощённый	A	4
исчезновение	S	4
казна	S	4
кальпа	S	4
карать	V	4
кастрат	S	4
качаться	V	4
кашель	S	4
кладовая	S	4
ковёр	S	4
когда-либо	ADV	4
колдовать	V	4
колышек	S	4
компонент	S	4
конечный	A	4
кора	S	4
костный	A	4
красавец	S	4
красноглазый	A	4
краткий	A	4
крепление	S	4
кровный	A	4
кровожадный	A	4
кружиться	V	4
крутой	A	4
крушить	V	4
крюк	S	4
крючок	S	4
кузнец	S	4
кулачный	A	4
кунжут	S	4
куропатка	S	4
кусать	V	4
куст	S	4
кухня	S	4
лавка	S	4
лакрица	S	4
ласка	S	4
лебедь	S	4
легкопроходимый	A	4
лекарство	S	4
лекарь	S	4
лемех	S	4
лепесток	S	4
летний	A	4
лишение	S	4
лишний	A	4
ловушка	S	4
ложь	S	4
ломать	V	4
лотосоподобный	A	4
львиный	A	4
людской	A	4
магадх	S	4
магнит	S	4
мандар	S	4
математик	S	4
матсьев	S	4
медвяный	A	4
медлительный	A	4
менее	ADV	4
ментальный	A	4
меткий	A	4
мечтать	V	4
мешать	V	4
мираж	S	4
молиться	V	4
молот	S	4
моргать	V	4
морда	S	4
морщина	S	4
мочить	V	4
мутный	A	4
мутовка	S	4
мучительный	A	4
мучиться	V	4
навсегда	ADV	4
надзор	S	4
надлежать	V	4
накидка	S	4
налетать	V	4
налог	S	4
напоить	V	4
наполнение	S	4
напрасный	A	4
наслать	V	4
насыщение	S	4
начикетас	S	4
небрежение	S	4
невестка	S	4
невольно	ADV	4
недалёкий	A	4
недозволенный	A	4
незабываемый	A	4
незаметно	ADV	4
незамеченный	A	4
неизбежный	A	4
неизвестно	ADV	4
неисчислимый	A	4
некий	A	4
нелегко	ADV	4
немедленно	ADV	4
немой	A	4
ненаблюдаемый	A	4
ненавидеть	V	4
ненадёжный	A	4
ненамеренно	ADV	4
необъятный	A	4
неожиданно	ADV	4
неподходящий	A	4
непосредственно	ADV	4
непривычный	A	4
непригодный	A	4
неприятель	S	4
нерешительность	S	4
несколько	ADV	4
несокрушимый	A	4
несостоятельный	A	4
несуществование	S	4
неуклонный	A	4
неуязвимость	S	4
нештара	S	4
низвергнуть	V	4
ноша	S	4
нравственность	S	4
ныне	ADV	4
нёбо	S	4
обагрить	V	4
обвевать	V	4
обездолить	V	4
обесчестить	V	4
обладание	S	4
облачиться	V	4
обличие	S	4
обоняние	S	4
обонять	V	4
оборотень	S	4
обратный	A	4
обслуживающий	A	4
обучить	V	4
объединять	V	4
оглушить	V	4
оглядывать	V	4
одевать	V	4
одиночество	S	4
однородный	A	4
оживить	V	4
оживлять	V	4
окно	S	4
окова	S	4
окрасить	V	4
окропление	S	4
окружный	A	4
омыться	V	4
определить	V	4
определять	V	4
опускаться	V	4
опять	ADV	4
осиливать	V	4
оскорбитель	S	4
ослабление	S	4
останавливать	V	4
остановка	S	4
остророгий	A	4
осудить	V	4
осуществление	S	4
осуществлять	V	4
осязаемость	S	4
ответный	A	4
отводить	V	4
отворачиваться	V	4
отвратительный	A	4
отдалить	V	4
отдыхать	V	4
отказать	V	4
открываться	V	4
отличие	S	4
отложить	V	4
отнимать	V	4
относить	V	4
отобрать	V	4
отовсюду	ADV	4
отпускать	V	4
отравить	V	4
отрубить	V	4
отход	S	4
отчётливый	A	4
отыскать	V	4
охочий	A	4
очаг	S	4
очиститель	S	4
ощутить	V	4
парамахамса	S	4
передать	V	4
перейти	V	4
переливаться	V	4
перемена	S	4
переправить	V	4
переправлять	V	4
пересохнуть	V	4
перехитрить	V	4
пир	S	4
пиршественный	A	4
пламенеть	V	4
плодоносить	V	4
плот	S	4
плотный	A	4
площадка	S	4
побежать	V	4
поблёкнуть	V	4
поворачивать	V	4
повязка	S	4
погубитель	S	4
подать	V	4
поддержание	S	4
подземный	A	4
подкладывать	V	4
подмостки	S	4
подобие	S	4
показание	S	4
поколение	S	4
покорение	S	4
покоящийся	A	4
покраснеть	V	4
покровительствовать	V	4
пол	S	4
ползти	V	4
полоска	S	4
помеха	S	4
помещать	V	4
поминовение	S	4
понравиться	V	4
понукать	V	4
поперёк	ADV	4
попона	S	4
попрощаться	V	4
поражающий	A	4
поранить	V	4
порастить	V	4
поручить	V	4
порция	S	4
порча	S	4
поселиться	V	4
посередине	ADV	4
посещать	V	4
последователь	S	4
посовещаться	V	4
постоянство	S	4
поступь	S	4
потара	S	4
потечь	V	4
поучать	V	4
похваляться	V	4
почётный	A	4
пр	A	4
правдоречивый	A	4
прадакшина	S	4
прадед	S	4
превозмогать	V	4
превосходно	ADV	4
преградить	V	4
предвидеть	V	4
предоставить	V	4
представляться	V	4
предстать	V	4
преисполниться	V	4
прекраснорожденный	A	4
пренебречь	V	4
прерываться	V	4
преступление	S	4
прибыль	S	4
привет	S	4
придворный	S	4
придерживаться	V	4
приезжать	V	4
приехать	V	4
признать	V	4
призрак	S	4
прикоснуться	V	4
прилагать	V	4
приласкать	V	4
приниматься	V	4
приобрести	V	4
приписывать	V	4
прислуга	S	4
прислужник	S	4
пристяжной	A	4
присутствовать	V	4
приют	S	4
проверить	V	4
провидец	S	4
провозглашать	V	4
продажный	A	4
прозорливец	S	4
проклятый	A	4
проломитель	S	4
промолвить	V	4
пропадать	V	4
прореветь	V	4
просветлеть	V	4
простереться	V	4
простирать	V	4
простокваша	S	4
просторный	A	4
противный	A	4
протянуться	V	4
процент	S	4
прочно	ADV	4
проявиться	V	4
проявляться	V	4
пудра	S	4
пуститься	V	4
пустота	S	4
путы	S	4
пятиглавый	A	4
пятиногий	A	4
пятнадцатый	A	4
рабство	S	4
равнина	S	4
равнодушие	S	4
разбегаться	V	4
разбрасывать	V	4
разглядеть	V	4
разгневаться	V	4
разделение	S	4
разделять	V	4
раздирать	V	4
раздумье	S	4
разнообразие	S	4
разноцветный	A	4
разорвать	V	4
разрезать	V	4
разрешить	V	4
разрешиться	V	4
разрубить	V	4
разрываться	V	4
разряд	S	4
разъединение	S	4
разъяснение	S	4
раскаяние	S	4
расплавить	V	4
распространение	S	4
распространиться	V	4
распускаться	V	4
рассекать	V	4
рассеянный	V	4
рассказывание	S	4
расслабить	V	4
растекаться	V	4
растирать	V	4
рвение	S	4
реализация	S	4
реализовать	V	4
реальный	A	4
ребро	S	4
редкий	A	4
резвиться	V	4
резкий	A	4
ржание	S	4
рикша	S	4
роза	S	4
роскошь	S	4
рукопашный	A	4
рыдание	S	4
рык	S	4
рынок	S	4
самовластный	A	4
самодержец	S	4
самообуздание	S	4
св	A	4
свадх	S	4
сваха	S	4
светиться	V	4
свинец	S	4
свободенъ	S	4
сводня	S	4
свойственный	A	4
свёкор	S	4
сгибать	V	4
сгребать	V	4
сдвинуть	V	4
себялюбие	S	4
северо-восток	S	4
северо-восточный	A	4
сегодня	ADV	4
семейный	A	4
семейство	S	4
сетование	S	4
сидя	ADV	4
скаковой	A	4
сковать	V	4
сколь	ADV	4
скопец	S	4
скопление	S	4
скотоводство	S	4
скудоумный	A	4
сладкоречивый	A	4
сладостно	ADV	4
сладострастный	A	4
смазать	V	4
смело	ADV	4
смесь	S	4
смешать	V	4
смуглый	A	4
сначала	ADV	4
снег	S	4
снести	V	4
сновидение	S	4
соблазн	S	4
соблазнить	V	4
совершаться	V	4
совершенно	ADV	4
совр	S	4
соглашение	S	4
соглядатай	S	4
согнуть	V	4
согреть	V	4
содействовать	V	4
содержимое	S	4
соединять	V	4
созревание	S	4
сойка	S	4
сокол	S	4
сократить	V	4
сокрытие	S	4
соотнесённость	S	4
сопротивление	S	4
сопротивляться	V	4
соратник	S	4
сородич	S	4
составитель	S	4
составной	A	4
сотый	A	4
сохранение	S	4
сохранять	V	4
спрятать	V	4
среднее	S	4
срубить	V	4
стая	S	4
стойка	S	4
стократный	A	4
столп	S	4
струить	V	4
струна	S	4
стёртый	A	4
судоходный	A	4
сура	S	4
сфера	S	4
схватывать	V	4
сырой	A	4
таинственный	A	4
таскать	V	4
твёрдость	S	4
телосложение	S	4
технический	A	4
тихий	A	4
тождественный	A	4
тождество	S	4
толкование	S	4
точка	S	4
точно	ADV	4
требовать	V	4
тревожить	V	4
триада	S	4
тронутый	A	4
тростниковый	A	4
трудиться	V	4
трудноодолить	V	4
труднопроходимый	A	4
трясти	V	4
тугой	A	4
тысячеглавый	A	4
тяжело	ADV	4
убывать	V	4
уважаемый	A	4
уведомить	V	4
уверенность	S	4
увлекать	V	4
угасание	S	4
удаляться	V	4
удел	S	4
удержание	S	4
удерживаться	V	4
узда	S	4
улетать	V	4
уловка	S	4
умащать	V	4
уменьшать	V	4
умилостивлять	V	4
умысел	S	4
уплатить	V	4
управляемый	A	4
упряжной	A	4
урожай	S	4
усвоить	V	4
услужливый	A	4
уставать	V	4
усталый	A	4
устойчивость	S	4
устранять	V	4
устрашить	V	4
устремлённость	S	4
устроенный	A	4
утварь	S	4
ухищрение	S	4
участвовать	V	4
учёба	S	4
факел	S	4
характер	S	4
характеристика	S	4
хитрый	A	4
хищник	S	4
хлеб	S	4
хлопковый	A	4
хотар	S	4
храпеть	V	4
хулить	V	4
чакора	S	4
чакра	S	4
чатака	S	4
чаща	S	4
череп	S	4
черепок	S	4
чертог	S	4
честной	A	4
четырехликий	A	4
чин	S	4
чреватый	A	4
шабала	S	4
шак	S	4
шалев	S	4
шарнгак	S	4
шафран	S	4
швырять	V	4
шелуха	S	4
широкобёдрый	A	4
широкоглазый	A	4
ширь	S	4
шлоко	S	4
шпион	S	4
шраддхи	S	4
шрутить	V	4
шудрянки	S	4
шутить	V	4
явить	V	4
явно	ADV	4
ясно	ADV	4
яство	S	4
ячменный	A	4
авторитетный	A	3
адхарма	S	3
айогавый	A	3
активность	S	3
активный	A	3
акула	S	3
алмаз	S	3
амарант	S	3
амратака	S	3
аналогия	S	3
ангад	S	3
анджалик	S	3
анджать	V	3
андхак	S	3
апасад	S	3
арена	S	3
ариец	S	3
ария	S	3
арка	S	3
астрономия	S	3
атака	S	3
атманом	S	3
ашвамедха	S	3
ашрам	S	3
бакула	S	3
бакур	S	3
балка	S	3
башня	S	3
бдительность	S	3
бдительный	A	3
бегать	V	3
бедняк	S	3
бедственный	A	3
безбородый	A	3
бездействовать	V	3
бездомный	A	3
беззвучный	A	3
безмерно	ADV	3
безмолвный	A	3
безногий	A	3
безраздельно	ADV	3
безукоризненный	A	3
безумец	S	3
безухий	A	3
белоногий	A	3
бескачественный	A	3
бескорыстно	ADV	3
бескорыстный	A	3
бескостный	A	3
беспечность	S	3
бесподобный	A	3
беспомощный	A	3
беспристрастие	S	3
беспристрастность	S	3
беспричинный	A	3
беспыльный	A	3
бесславие	S	3
бессонница	S	3
бессонный	A	3
бесстрастие	S	3
бесстрастный	A	3
бесценный	A	3
билев	S	3
благодарный	A	3
благоденствовать	V	3
благосостояние	S	3
благость	S	3
блаженный	A	3
близкие	S	3
блудница	S	3
богоподобный	A	3
бойня	S	3
болезненный	A	3
болтун	S	3
бормотание	S	3
борозда	S	3
боязливый	A	3
брадобрей	S	3
бракосочетание	S	3
братский	A	3
братство	S	3
браться	V	3
брахманка	S	3
брахманство	S	3
брахмический	A	3
брызгать	V	3
брюхо	S	3
бряцание	S	3
буря	S	3
бхадрапад	S	3
бхалл	S	3
бходжа	S	3
варан	S	3
варвар	S	3
вассал	S	3
вата	S	3
вдали	ADV	3
вдовый	A	3
вдохновитель	S	3
веданта	S	3
ведический	A	3
ведомый	A	3
венец	S	3
вено	S	3
венчать	V	3
вереница	S	3
вероломный	A	3
вершить	V	3
вес	S	3
взаимно	ADV	3
вздохнуть	V	3
взятие	S	3
видать	V	3
видеться	V	3
вирана	S	3
виски	S	3
вишкандху	S	3
вклад	S	3
вкуситель	S	3
вмещать	V	3
вначале	ADV	3
внешность	S	3
внутренность	S	3
внутрь	ADV	3
воедино	ADV	3
вожделеть	V	3
возвратить	V	3
возглашение	S	3
воздавать	V	3
воздаяние	S	3
воздействие	S	3
воздержать	V	3
вознестись	V	3
воинский	A	3
вол	S	3
волоокий	A	3
волчица	S	3
вольный	A	3
вонзить	V	3
воображение	S	3
воодушевление	S	3
воплощать	V	3
воровство	S	3
ворожба	S	3
ворон	S	3
воспитанный	A	3
воспользоваться	V	3
воспрепятствовать	V	3
воспроизведение	S	3
воссиять	V	3
восхищаться	V	3
восьмеричный	A	3
восьминогий	A	3
восьмичастный	A	3
вредитель	S	3
временной	A	3
вришниевый	A	3
вручение	S	3
вселять	V	3
всенасыщать	V	3
всепожирающий	A	3
вскочить	V	3
вскричать	V	3
вспоминание	S	3
встревожиться	V	3
встречаться	V	3
вступительный	A	3
вторить	V	3
вторичный	A	3
второстепенный	A	3
выдержать	V	3
выезжать	V	3
выжиматель	S	3
выиграть	V	3
выказывать	V	3
выкуп	S	3
вымазать	V	3
выпадать	V	3
выраженный	A	3
выраженный	V	3
вырваться	V	3
высасывать	V	3
высокомерный	A	3
высохнуть	V	3
выткать	V	3
вытянутый	A	3
вялый	A	3
гаремный	A	3
где-либо	ADV	3
героический	A	3
гладкий	A	3
глотка	S	3
глупость	S	3
гневливость	S	3
гномический	A	3
гнуться	V	3
голень	S	3
голубиный	A	3
гончар	S	3
горб	S	3
горбатый	A	3
горбунья	S	3
гордиться	V	3
гостеприимный	A	3
грабитель	S	3
грамматика	S	3
грозд	S	3
громада	S	3
громовой	A	3
грубость	S	3
грязный	A	3
гухьяк	S	3
даваться	V	3
дакшина	S	3
даман	S	3
дарование	S	3
дас	S	3
дашарновый	A	3
даяние	S	3
дважды	ADV	3
двигать	V	3
движущий	A	3
двойственный	A	3
двуличный	A	3
двухвершинный	A	3
дебри	S	3
девственница	S	3
действительность	S	3
деодар	S	3
десятеричный	A	3
десятикратный	A	3
детёныш	S	3
джангид	S	3
дикобраз	S	3
дичь	S	3
длительный	A	3
днище	S	3
доброжелатель	S	3
добытчик	S	3
довод	S	3
договор	S	3
дождевой	A	3
доказательство	S	3
долгорукий	A	3
долина	S	3
достаток	S	3
достаточно	ADV	3
достать	V	3
достаться	V	3
достигаться	V	3
достигнутый	A	3
доход	S	3
драматург	S	3
древо	S	3
дружески	ADV	3
дума	S	3
дупло	S	3
дхарана	S	3
единодушно	ADV	3
ежедневный	A	3
жадно	ADV	3
жалобно	ADV	3
жаркое	S	3
женатый	A	3
жеребец	S	3
жеребёнок	S	3
жест	S	3
жила	S	3
житейский	A	3
жительство	S	3
жреческий	A	3
жужжать	V	3
жёлчь	S	3
жёрнов	S	3
заблудший	A	3
заботливо	ADV	3
завершаться	V	3
завиток	S	3
завтрак	S	3
заговор	S	3
задача	S	3
задержка	S	3
зажать	V	3
зайти	V	3
закалённый	A	3
заключаться	V	3
заключительный	A	3
заклятие	S	3
закрепить	V	3
заливать	V	3
заливаться	V	3
заменять	V	3
заметный	A	3
заново	ADV	3
запечатать	V	3
запинаться	V	3
заплясать	V	3
запруда	S	3
запрудить	V	3
запрягание	S	3
засветить	V	3
засиять	V	3
засмеяться	V	3
застилать	V	3
затаиться	V	3
затронуть	V	3
затруднить	V	3
звучный	A	3
здравствовать	V	3
здравый	A	3
зелень	S	3
зловещий	A	3
зловонный	A	3
зловредный	A	3
злодейство	S	3
злоречивец	S	3
знакомство	S	3
зритель	S	3
зёрнышко	S	3
идеть	V	3
идол	S	3
изблизи	ADV	3
извергать	V	3
извилистый	A	3
извлекать	V	3
извратить	V	3
изгибать	V	3
изготовить	V	3
излить	V	3
изложить	V	3
измазать	V	3
изменить	V	3
изменчивость	S	3
изменяться	V	3
измерять	V	3
изнемогать	V	3
износить	V	3
изображать	V	3
изречение	S	3
изукрасить	V	3
изумлённый	A	3
изумруд	S	3
ил	S	3
искалечить	V	3
искоренить	V	3
искренний	A	3
искупаться	V	3
искупить	V	3
испепелить	V	3
использовать	V	3
испражняться	V	3
испугаться	V	3
испытание	S	3
исток	S	3
исхудать	V	3
исцелить	V	3
итихас	S	3
йоджана	S	3
казнь	S	3
какой-либо	A	3
какой-нибудь	A	3
какой-то	A	3
калей	S	3
калинг	S	3
камыш	S	3
караван	S	3
карлик	S	3
карникара	S	3
катиться	V	3
киннар	S	3
кинуться	V	3
кит	S	3
китайский	A	3
класс	S	3
клин	S	3
клок	S	3
клыкастый	A	3
ключ	S	3
князь	S	3
коварство	S	3
когда-то	ADV	3
коготь	S	3
кожевник	S	3
кой	A	3
колдунья	S	3
колебать	V	3
колеблемый	A	3
колодка	S	3
колоколец	S	3
колючий	A	3
комета	S	3
комната	S	3
конный	A	3
конопля	S	3
конский	A	3
контрпример	S	3
концентрация	S	3
конюший	S	3
корениться	V	3
коричневый	A	3
кормилец	S	3
кормилица	S	3
королевский	A	3
корона	S	3
коротко	ADV	3
корыстолюбивый	A	3
косой	A	3
кошка	S	3
краса	S	3
краска	S	3
крепчать	V	3
кривой	A	3
крип	S	3
кровавый	A	3
кровать	S	3
кромешный	A	3
круговорот	S	3
крупный	A	3
крыса	S	3
кудри	S	3
кумбхак	S	3
кундалини	S	3
купаться	V	3
кустарник	S	3
кшетрия	S	3
лад	S	3
ладовый	A	3
лайя	S	3
лампа	S	3
ларь	S	3
легкомысленный	A	3
лелеять	V	3
лень	S	3
леопард	S	3
лепетать	V	3
лестница	S	3
ликующий	A	3
лилия	S	3
лицемер	S	3
лицемерие	S	3
личный	A	3
ложиться	V	3
лохмотья	S	3
луг	S	3
лукавый	S	3
лютый	A	3
магия	S	3
макушка	S	3
манговый	A	3
мара	S	3
массаж	S	3
мгновенный	A	3
медь	S	3
менструация	S	3
местный	A	3
металл	S	3
метание	S	3
механизм	S	3
мечта	S	3
миловидный	A	3
милосердный	A	3
миманс	S	3
минуть	V	3
миропроявление	S	3
млеччховый	A	3
мн	S	3
многократно	ADV	3
многонасыщать	V	3
многообразно	ADV	3
многополезный	A	3
многопризывать	V	3
многославный	A	3
модификация	S	3
молодость	S	3
молотый	A	3
молча	ADV	3
мочь	S	3
мудрец-брахман	S	3
муж-тигр	S	3
мужаться	V	3
муравейник	S	3
мыслить	V	3
мыть	V	3
мышь	S	3
мёртвый	A	3
набожность	S	3
наглый	A	3
наговор	S	3
награждение	S	3
надзиратель	S	3
надзирать	V	3
наисвятой	A	3
наискось	ADV	3
наказывать	V	3
наклонение	S	3
наклониться	V	3
налететь	V	3
наложить	V	3
намазать	V	3
наметить	V	3
нанесение	S	3
напальчник	S	3
написать	V	3
наполниться	V	3
направленность	S	3
напрягать	V	3
нары	S	3
нарядно	ADV	3
население	S	3
населять	V	3
насладиться	V	3
насмехаться	V	3
насмешка	S	3
настигать	V	3
насытить	V	3
натереть	V	3
натирание	S	3
натура	S	3
нахмурить	V	3
начаться	V	3
начищение	S	3
неблагоприятный	A	3
небыстрый	A	3
неведомый	A	3
невероятный	A	3
невиданный	A	3
невинный	A	3
невозвращение	S	3
невредимость	S	3
негодование	S	3
недвижимый	A	3
недоброжелатель	S	3
недоброжелательство	S	3
недовольный	A	3
недомыслие	S	3
недостаточный	A	3
независтливый	A	3
незаслуженно	ADV	3
незлобивость	S	3
незнающий	A	3
некогда	ADV	3
немеркнущий	A	3
немигающий	A	3
немощный	A	3
ненавистный	A	3
ненадлежащий	A	3
ненасилие	S	3
необходимость	S	3
необъяснимый	A	3
необычный	A	3
неограниченный	A	3
неохраняемый	A	3
неподвижность	S	3
неподобающий	A	3
непонимание	S	3
непочтительный	A	3
непреодолимый	A	3
неприязнь	S	3
неразлучный	A	3
неразрывно	ADV	3
нереальный	A	3
нескаредный	A	3
несовершенный	A	3
нестись	V	3
нестойкий	A	3
неумышленный	A	3
неуспех	S	3
неустанный	A	3
неустойчивость	S	3
неучёный	A	3
нечестный	A	3
неясный	A	3
низкородный	A	3
низменный	A	3
нимб	S	3
нишадов	A	3
нищий	A	3
новорождённый	A	3
нож	S	3
норма	S	3
нырять	V	3
обгонять	V	3
обдумывать	V	3
обеспечение	S	3
обеспечить	V	3
обеспокоить	V	3
обидный	A	3
обидчик	S	3
обижать	V	3
обиженный	A	3
обитание	S	3
обласкать	V	3
облачный	A	3
обманчивый	A	3
обнести	V	3
образъ	S	3
обрушивать	V	3
обуздание	S	3
обусловить	V	3
обхватить	V	3
обход	S	3
объединить	V	3
объезд	S	3
объемлющий	A	3
объявлять	V	3
объясняться	V	3
обычно	ADV	3
овеять	V	3
овладение	S	3
оглобля	S	3
одержать	V	3
одушевлённый	V	3
ожить	V	3
оказание	S	3
океанский	A	3
окроплять	V	3
окружать	V	3
окружающий	A	3
окурить	V	3
олово	S	3
ом	S	3
опасаться	V	3
опасение	S	3
описывать	V	3
описываться	V	3
оплошность	S	3
опровергать	V	3
опускать	V	3
опустелый	A	3
опустошение	S	3
опутать	V	3
ореол	S	3
орнамент	S	3
орудие	S	3
осадить	V	3
осенить	V	3
осесть	V	3
осилить	V	3
осквернение	S	3
ослабеть	V	3
ослаблять	V	3
ослеплять	V	3
осмеяние	S	3
основатель	S	3
особенность	S	3
ост	S	3
остальной	A	3
осушить	V	3
осязаемый	A	3
отблеск	S	3
отбрасывать	V	3
отвалиться	V	3
отвар	S	3
отвернуться	V	3
отвлечение	S	3
отгонять	V	3
отдаваться	V	3
отдел	S	3
отдельно	ADV	3
отзываться	V	3
отирать	V	3
отказываться	V	3
откладывать	V	3
отодвинуть	V	3
отождествление	S	3
отойти	V	3
отпадение	S	3
отпасть	V	3
отплатить	V	3
отправление	S	3
отпрянуть	V	3
отрада	S	3
отрадный	A	3
отстранить	V	3
отступиться	V	3
оттачивать	V	3
оттенок	S	3
оттуда	ADV	3
отцовский	A	3
отчий	A	3
охват	S	3
очарование	S	3
очевидец	S	3
очистительный	A	3
очнуться	V	3
паланкин	S	3
парад	S	3
пари	S	3
парить	V	3
парк	S	3
пахать	V	3
пахтанье	S	3
пахтать	V	3
пениться	V	3
первенство	S	3
перевезти	V	3
перевозка	S	3
передвигаться	V	3
перелом	S	3
перерождение	S	3
перестать	V	3
перец	S	3
перо	S	3
петлить	V	3
петлять	V	3
пинд	S	3
плавно	ADV	3
плачущий	A	3
племянник	S	3
плести	V	3
плеть	S	3
плёнка	S	3
побить	V	3
поблизости	ADV	3
побудить	V	3
повести	V	3
повесть	S	3
повидать	V	3
поворот	S	3
погаснуть	V	3
поглаживать	V	3
поглотитель	S	3
подвергнуться	V	3
подлететь	V	3
подмена	S	3
подножие	S	3
подоить	V	3
подрезать	V	3
подуть	V	3
подчинять	V	3
подчинённый	V	3
поединок	S	3
позаботиться	V	3
позволение	S	3
позволять	V	3
позолотить	V	3
поить	V	3
поймать	V	3
покрытие	S	3
покрыться	V	3
покупка	S	3
полагать	V	3
ползать	V	3
полноводный	A	3
полноценный	A	3
половинка	S	3
полоскание	S	3
полость	S	3
полюбить	V	3
помета	S	3
поминальный	A	3
помрачить	V	3
поникнуть	V	3
пониматься	V	3
поношение	S	3
поощрять	V	3
попечение	S	3
попойка	S	3
попытка	S	3
порода	S	3
порождаться	V	3
поручение	S	3
посетить	V	3
посеять	V	3
послание	S	3
последовательность	S	3
посоветоваться	V	3
посредник	S	3
постараться	V	3
постижимый	A	3
посуда	S	3
потереть	V	3
потеснить	V	3
потирание	S	3
потроха	S	3
потускнеть	V	3
похвальба	S	3
поцелуй	S	3
почитаться	V	3
почка	S	3
праведно	ADV	3
праведность	S	3
празднество	S	3
прай	S	3
пранаям	S	3
прасвапа	S	3
предельный	A	3
предложение	S	3
предопределить	V	3
предотвращение	S	3
предохранять	V	3
предпринимать	V	3
предпринять	V	3
предсказательница	S	3
представлять	V	3
предстоящий	A	3
преисподняя	S	3
прекраснорукий	A	3
прекращаться	V	3
преобладание	S	3
преобладать	V	3
преобразовать	V	3
преодоление	S	3
преодолимый	A	3
преследование	S	3
пресмыкаться	V	3
преступать	V	3
прет	S	3
преуспеяние	S	3
прибыть	V	3
приветливо	ADV	3
привлекательность	S	3
привлечение	S	3
привычный	A	3
привязывание	S	3
прикрывать	V	3
прикрыть	V	3
прилагательное	S	3
применить	V	3
применять	V	3
примета	S	3
приметный	A	3
принц	S	3
приплясывать	V	3
присвоение	S	3
присоединиться	V	3
пристанище	S	3
пристать	V	3
пристрастие	S	3
притвориться	V	3
притеснение	S	3
прихлебывание	S	3
причастие	S	3
причинно-следственный	A	3
причёска	S	3
приятель	S	3
проблема	S	3
прогулка	S	3
продавать	V	3
продвигать	V	3
прозрение	S	3
произвол	S	3
произноситься	V	3
проказить	V	3
прокиснуть	V	3
проклясть	V	3
пролагатель	S	3
пронизывать	V	3
проникнутый	A	3
проницательность	S	3
проноситься	V	3
пропасть	S	3
пропустить	V	3
просвещённый	A	3
простота	S	3
пространно	ADV	3
просыпаться	V	3
протекать	V	3
противоречивость	S	3
противостать	V	3
протягивать	V	3
прохлада	S	3
прочий	A	3
прощать	V	3
прыгать	V	3
прятать	V	3
прятаться	V	3
псевдоответ	S	3
пугаться	V	3
пулькас	S	3
пупок	S	3
пурохит	S	3
пускать	V	3
пустынный	A	3
путаный	A	3
пшеница	S	3
пыльный	A	3
пышнобедрый	A	3
пьяный	A	3
пятнать	V	3
равноценный	A	3
разбиться	V	3
разбойник	S	3
разводить	V	3
раздаваться	V	3
раздвоение	S	3
раздроблять	V	3
разжигать	V	3
разлад	S	3
разлить	V	3
различаться	V	3
различность	S	3
разломать	V	3
разновидность	S	3
разорить	V	3
разрушаться	V	3
разъяснить	V	3
рак	S	3
расколоть	V	3
раскрытый	V	3
раскрыться	V	3
распад	S	3
распасться	V	3
распахнуть	V	3
располагаться	V	3
распределение	S	3
распределитель	S	3
распределить	V	3
распрягать	V	3
распускать	V	3
рассеяться	V	3
расстроить	V	3
рассуждать	V	3
рассыпать	V	3
раствориться	V	3
растерять	V	3
растить	V	3
расторопность	S	3
расцветить	V	3
ратхантар	S	3
резвый	A	3
рефлексия	S	3
речной	A	3
рисковать	V	3
рогатый	A	3
родовитый	A	3
родословный	A	3
рокот	S	3
роль	S	3
ростовщик	S	3
рубин	S	3
рубить	V	3
рубище	S	3
рушиться	V	3
рыскать	V	3
рычание	S	3
рядиться	V	3
садхие	S	3
самадхи	S	3
самба	S	3
самец	S	3
самопознание	S	3
сан	S	3
санскара	S	3
саншаптак	S	3
сапинд	S	3
сбивать	V	3
сборище	S	3
свастика	S	3
сваямвар	S	3
сваямгупт	S	3
свежий	A	3
свергнуть	V	3
свернуть	V	3
свести	V	3
свист	S	3
сводить	V	3
своихъ	S	3
связующий	A	3
связывание	S	3
свёртывать	V	3
сгореть	V	3
сдавленный	A	3
седой	A	3
седок	S	3
селезёнка	S	3
селение	S	3
семичастный	S	3
серповидный	A	3
серый	A	3
сжатый	A	3
сжать	V	3
силач	S	3
силлогизм	S	3
синь	S	3
система	S	3
сито	S	3
скипетр	S	3
скитание	S	3
склонность	S	3
скорпион	S	3
скорый	A	3
скрепить	V	3
слегка	ADV	3
следить	V	3
сливаться	V	3
слизь	S	3
слонёнок	S	3
случайно	ADV	3
слушатель	S	3
слышимость	S	3
смелый	A	3
смешиваться	V	3
смыкать	V	3
смятенный	A	3
смять	V	3
снаряд	S	3
снаряжение	S	3
снежный	A	3
снизу	ADV	3
снимать	V	3
снискать	V	3
собиратель	S	3
собранный	V	3
собственник	S	3
событие	S	3
сова	S	3
совместно	ADV	3
согласиться	V	3
согласный	A	3
согнать	V	3
сожаление	S	3
сокрушение	S	3
сокрушительный	A	3
сомкнуть	V	3
сомнительный	A	3
соорудить	V	3
сооружение	S	3
соотнести	V	3
сопровождаться	V	3
сопряжённость	S	3
состав	S	3
составить	V	3
сотворение	S	3
сочетаться	V	3
сочинять	V	3
сочинённый	A	3
сочленение	S	3
спасительный	A	3
сплотить	V	3
сплошной	A	3
спотыкаться	V	3
справа	ADV	3
спрыгнуть	V	3
старейшина	S	3
стареть	V	3
старик	S	3
старое	S	3
староста	S	3
стенать	V	3
стеречь	V	3
стоимость	S	3
стойко	ADV	3
стойло	S	3
столкнуться	V	3
столько	ADV	3
страшиться	V	3
страшно	ADV	3
стрелок	S	3
строго	ADV	3
строптивый	A	3
струя	S	3
стыдливо	ADV	3
сук	S	3
сука	S	3
сурик	S	3
сухожилие	S	3
схватиться	V	3
сцена	S	3
счастливец	S	3
съедобный	A	3
сынов	A	3
таинство	S	3
таить	V	3
тайник	S	3
тамбурин	S	3
танцевальный	A	3
тащить	V	3
творческий	A	3
текучесть	S	3
текучий	A	3
темнокожий	A	3
темя	S	3
тереть	V	3
терпение	S	3
терпкий	A	3
терраса	S	3
тесть	S	3
товар	S	3
ток	S	3
томиться	V	3
томление	S	3
томъ	S	3
тонкость	S	3
топтать	V	3
торговать	V	3
торговец	S	3
торопить	V	3
травяной	A	3
трояко	ADV	3
трубный	A	3
трудновыполнимый	A	3
трудноисполнимый	A	3
труднопреодолимый	A	3
трус	S	3
тряпка	S	3
тщеславие	S	3
тщетно	ADV	3
тысячекратный	A	3
тысячелучистый	A	3
тысячерукий	A	3
тычинка	S	3
убор	S	3
уважать	V	3
увеличение	S	3
увеличиваться	V	3
увенчаться	V	3
уверенно	ADV	3
увеселительный	A	3
увешать	V	3
увещевание	S	3
увидать	V	3
угнетатель	S	3
уговорить	V	3
угождать	V	3
угождение	S	3
удачливый	A	3
удачно	ADV	3
удгитх	S	3
удивительно	ADV	3
удумбар	S	3
уезжать	V	3
узнавание	S	3
указательный	A	3
укорениться	V	3
укрепиться	V	3
укромный	A	3
укрощать	V	3
укусить	V	3
уложить	V	3
умело	ADV	3
умеренность	S	3
умилостивить	V	3
умирание	S	3
умиротворённый	A	3
умножить	V	3
умолкнуть	V	3
уподобляться	V	3
упорно	ADV	3
упорство	S	3
упражнение	S	3
упряжь	S	3
упускать	V	3
упустить	V	3
ураган	S	3
усаживаться	V	3
усердный	A	3
усиление	S	3
усилиться	V	3
ускользать	V	3
усладить	V	3
условие	S	3
усмехаться	V	3
усмотрение	S	3
успешно	ADV	3
устойчивый	A	3
устраивать	V	3
устранить	V	3
устремление	S	3
устроиться	V	3
усыпить	V	3
утрата	S	3
уха	S	3
уязвить	V	3
уязвлять	V	3
фильтр	S	3
фитиль	S	3
хватить	V	3
хлынуть	V	3
хманом	S	3
хмель	S	3
хозяйка	S	3
хрусталь	S	3
царица-мать	S	3
цвести	V	3
целитель	S	3
целостность	S	3
ценность	S	3
церемония	S	3
ч	S	3
чан	S	3
чандалый	A	3
частый	A	3
чед	S	3
чедий	S	3
чело	S	3
черви	S	3
череда	S	3
черноглазый	A	3
черноокий	A	3
чернота	S	3
чудесно	ADV	3
шалмать	V	3
шатаман	S	3
шатёр	S	3
швырнуть	V	3
шептать	V	3
шестиликий	A	3
шестёрка	S	3
широта	S	3
шлепок	S	3
шудрянка	S	3
шуметь	V	3
шумный	A	3
шут	S	3
щадить	V	3
эго	S	3
эгоизм	S	3
эристика	S	3
эфир	S	3
явь	S	3
якнуть	V	3
ярый	A	3
ясноокий	A	3
ящерица	S	3
яявар	S	3
авак	S	2
авалгуджа	S	2
аватар	S	2
агама	S	2
агнея	S	2
агнихотр	S	2
агништом	S	2
акшар	S	2
алука	S	2
альтернатива	S	2
амалак	S	2
амбивалентный	A	2
анал	S	2
анвахарьяпачать	V	2
анга	S	2
анджаник	S	2
ануштубха	S	2
апан	S	2
апачит	S	2
арий	A	2
армия	S	2
артерия	S	2
артхи	S	2
аскетизм	S	2
астролог	S	2
атимукт	S	2
атиратр	S	2
атиратх	S	2
атхарвангирас	S	2
аум	S	2
ахавание	S	2
ахамкара	S	2
ачапал	S	2
ашвакарный	A	2
ашвамедхи	S	2
багроветь	V	2
баклажан	S	2
балбадж	S	2
бальхик	S	2
бамбуковый	A	2
баналинг	S	2
барьер	S	2
батат	S	2
бать	V	2
бегом	ADV	2
бегунья	S	2
безбожный	A	2
безболезненный	A	2
безбрачие	S	2
безбрежный	A	2
безвредный	A	2
безглавый	A	2
безгрешность	S	2
бездетность	S	2
бездеятельность	S	2
бездушный	A	2
безжалостно	ADV	2
безжалостный	A	2
беззаботно	ADV	2
беззаконие	S	2
беззащитность	S	2
безконечный	A	2
безмятежно	ADV	2
безносый	A	2
безошибочно	ADV	2
безошибочность	S	2
безударный	A	2
безудержный	A	2
безупречно	ADV	2
безучастный	A	2
бел	S	2
белизна	S	2
белоконный	A	2
беременность	S	2
бесконечно	ADV	2
беспамятство	S	2
беспечный	A	2
бесплодно	ADV	2
бесплодность	S	2
беспокойный	A	2
бесполый	A	2
беспрерывно	ADV	2
беспристрастно	ADV	2
беспристрастный	A	2
беспробудно	ADV	2
бессвязно	ADV	2
бессердечный	A	2
бесславный	A	2
бич	S	2
благовоспитанный	A	2
благодарность	S	2
благоденствие	S	2
благодетельный	A	2
благожелательность	S	2
благонравие	S	2
благословлять	V	2
блевотина	S	2
блеять	V	2
ближний	A	2
близиться	V	2
блистание	S	2
блюсти	V	2
богамъ	S	2
богатырский	A	2
богатырь	S	2
богач	S	2
богопочитать	V	2
богоравный	A	2
бодрость	S	2
божеский	A	2
божий	A	2
болеть	V	2
болото	S	2
болтливый	A	2
болтовня	S	2
большеглазый	A	2
бормотать	V	2
бочка	S	2
бранный	A	2
браслет-раковина	S	2
брахман-мудрец	S	2
брахманический	A	2
брахмачарий	A	2
бритвообразный	A	2
бритый	A	2
бродяга	S	2
бросок	S	2
брызги	S	2
брызжущий	A	2
бубна	S	2
буддхи	S	2
бхагавад-гита	S	2
бхакт	S	2
бхаллатака	S	2
бхрингарадж	S	2
бхулинг	S	2
бхушундить	V	2
быстродвижущийся	A	2
быстролетный	A	2
быстроногий	A	2
быстротечный	A	2
ваджракандак	S	2
важно	ADV	2
вайша	S	2
валяться	V	2
ванна	S	2
вач	S	2
вбирать	V	2
вдвое	ADV	2
вдвойне	ADV	2
вдруг	ADV	2
ведантист	S	2
ведение	S	2
ведьма	S	2
вездесущесть	S	2
великоколесничный	A	2
великолепно	ADV	2
великомудрый	A	2
величавый	A	2
величественно	ADV	2
венный	A	2
веранда	S	2
веровать	V	2
вероломство	S	2
вертеть	V	2
веселиться	V	2
вещественный	A	2
вещество	S	2
взволнованно	ADV	2
взглядывать	V	2
вздыбить	V	2
взламывать	V	2
взлелеять	V	2
взлетать	V	2
взлёт	S	2
взмах	S	2
взметнуться	V	2
взмывать	V	2
взорвать	V	2
взрастить	V	2
видимость	S	2
видоизменение	S	2
видьядхар	S	2
видятъ	S	2
визжать	V	2
вилять	V	2
винительный	A	2
винить	V	2
виновник	S	2
виновный	A	2
вислобрюхий	A	2
вишапха	S	2
включить	V	2
вкусъ	S	2
влад	S	2
влажность	S	2
властность	S	2
властный	A	2
влечься	V	2
вливать	V	2
внезапный	A	2
внемлить	V	2
внести	V	2
вниман	S	2
внимательность	S	2
внимать	V	2
внушить	V	2
вовне	ADV	2
водительство	S	2
водрузить	V	2
вождеть	V	2
возбраняться	V	2
возвеличить	V	2
возвеселиться	V	2
возводить	V	2
возвысить	V	2
возгораться	V	2
возгордиться	V	2
возгореться	V	2
воздерживаться	V	2
возжечь	V	2
возлежание	S	2
возлежать	V	2
возмутитель	S	2
возмущение	S	2
вознаградить	V	2
вознамериться	V	2
возражение	S	2
волнистый	A	2
волнующий	A	2
волосатый	A	2
волшебный	A	2
вообразить	V	2
воодушевлять	V	2
воодушевлённый	A	2
ворваться	V	2
воркование	S	2
вороний	A	2
восемнадцатый	A	2
воск	S	2
воскликнуть	V	2
воскрешать	V	2
воскурение	S	2
воспалиться	V	2
воспеватель	S	2
воспеваться	V	2
воспринять	V	2
воссветить	V	2
воссесть	V	2
восставать	V	2
восстановить	V	2
восхитить	V	2
впервые	ADV	2
впечатление	S	2
впоследствии	ADV	2
вращение	S	2
всеведение	S	2
всевластие	S	2
всеисцеляющий	A	2
всемогущество	S	2
всеобразный	A	2
всепокорять	V	2
всецело	ADV	2
вскрыть	V	2
вслух	ADV	2
вспахать	V	2
вспугивать	V	2
вспыхнуть	V	2
вставание	S	2
вступиться	V	2
вступление	S	2
всячески	ADV	2
вторгаться	V	2
втрое	ADV	2
втулка	S	2
втягиваться	V	2
выбраться	V	2
вывезти	V	2
выводной	A	2
выговор	S	2
выгонять	V	2
выездить	V	2
выехать	V	2
выигрывать	V	2
выказать	V	2
вылить	V	2
вымыть	V	2
вынимать	V	2
вынос	S	2
выносить	V	2
вынудить	V	2
выпасть	V	2
выпивать	V	2
выполнимый	A	2
выпуклость	S	2
вырастить	V	2
вырезать	V	2
вырываться	V	2
выситься	V	2
высказать	V	2
высокомерие	S	2
высокорожденный	A	2
выставить	V	2
выстроиться	V	2
высылать	V	2
высыхать	V	2
выталкивать	V	2
вытереть	V	2
выточить	V	2
выхватить	V	2
вычистить	V	2
вьядхигхатака	S	2
вязанка	S	2
ганапатие	S	2
гандхарец	S	2
ганик	S	2
гасить	V	2
где-нибудь	ADV	2
где-то	ADV	2
геройский	A	2
гибельный	A	2
гибкий	A	2
гигантский	A	2
гирикарника	S	2
глас	S	2
глубинный	A	2
глыба	S	2
гневно	ADV	2
гнездиться	V	2
гнилой	A	2
годовой	A	2
гол	S	2
головня	S	2
голодать	V	2
гомон	S	2
гонимый	A	2
гопалик	S	2
гопать	V	2
гораздо	ADV	2
гордячка	S	2
горесть	S	2
горлица	S	2
горох	S	2
горсть	S	2
горчица	S	2
горько	ADV	2
горячо	ADV	2
гранат	S	2
гранатовый	A	2
граничить	V	2
грешить	V	2
гривастый	A	2
грозно	ADV	2
громкоревущий	A	2
грызть	V	2
губастый	A	2
губительница	S	2
гудеть	V	2
гусыня	S	2
гуща	S	2
давить	V	2
давний	A	2
дайтьевый	A	2
далекопрославленный	A	2
даль	S	2
данава	S	2
данные	S	2
дарада	S	2
дарбх	S	2
даров	S	2
дашерак	S	2
двенадцатилетний	A	2
дворик	S	2
двурукий	S	2
девадар	S	2
девать	V	2
девка	S	2
девственность	S	2
действительно	ADV	2
действо	S	2
делатель	S	2
делить	V	2
дельфин	S	2
демоница	S	2
денно	ADV	2
деревенщина	S	2
десница	S	2
десятиголовый	A	2
десятимесячный	A	2
десятирукий	A	2
детский	A	2
джалашук	S	2
джамба	S	2
джаяние	S	2
дживой	A	2
дивиться	V	2
дискурсивный	A	2
дискуссия	S	2
длиться	V	2
доброжелательно	ADV	2
добросердечный	A	2
доброта	S	2
добывание	S	2
доверчивый	A	2
дожденосный	A	2
дождливый	A	2
дожидаться	V	2
доказывать	V	2
долголетний	A	2
должность	S	2
домик	S	2
доносчик	S	2
дорожить	V	2
дорожный	A	2
доставать	V	2
доставаться	V	2
достопочтенный	A	2
досточтимый	A	2
доступно	ADV	2
дотла	ADV	2
драма	S	2
древесина	S	2
древесный	A	2
древко	S	2
древность	S	2
дреколье	S	2
дришта	S	2
дробить	V	2
дружественный	A	2
дряхлый	A	2
дундубх	S	2
дурак	S	2
духовный	A	2
душистый	A	2
дхармашастр	S	2
дымиться	V	2
единичный	A	2
единоборство	S	2
единомышленник	S	2
едкий	A	2
езда	S	2
еретик	S	2
еретический	A	2
жалоба	S	2
жаловаться	V	2
жарить	V	2
жарколучистый	A	2
жатва	S	2
желательный	A	2
желающий	A	2
желаять	V	2
желтоватый	A	2
желтоглазый	A	2
женщина-шудра	S	2
жертвование	S	2
жестокость	S	2
жжение	S	2
живительный	A	2
живить	V	2
живородящий	A	2
живъ	S	2
жидкий	A	2
жнец	S	2
жужжание	S	2
забирать	V	2
забрать	V	2
забраться	V	2
забросить	V	2
забрызгать	V	2
забыться	V	2
завершать	V	2
завести	V	2
заветный	A	2
завидеть	V	2
завладевать	V	2
завлекать	V	2
заводить	V	2
заводь	S	2
заворожить	V	2
завтрашний	A	2
завязывать	V	2
загреметь	V	2
задать	V	2
задумчивый	A	2
задуть	V	2
задымиться	V	2
зажигание	S	2
зажигаться	V	2
зажим	S	2
заклатель	S	2
заклинатель	S	2
законовъ	S	2
закончить	V	2
закружить	V	2
зала	S	2
замирать	V	2
замолчать	V	2
замужний	A	2
занимать	V	2
занять	V	2
заняться	V	2
заподозрить	V	2
заполучить	V	2
запрещать	V	2
запричитать	V	2
запускать	V	2
запутаться	V	2
заранее	ADV	2
заржать	V	2
засада	S	2
засвидетельствовать	V	2
засеять	V	2
засохнуть	V	2
застлать	V	2
застрять	V	2
заступничество	S	2
застылый	A	2
засыпать	V	2
засыхать	V	2
заточение	S	2
затрепетать	V	2
затрястись	V	2
затуманить	V	2
захлестнуть	V	2
заявлять	V	2
звуковость	S	2
звучание	S	2
звёздный	A	2
зев	S	2
зевота	S	2
земля-корова	S	2
зеница	S	2
златооперить	V	2
златорукий	A	2
златоцветный	A	2
злодеяние	S	2
злосердечный	A	2
злословить	V	2
злоумышленница	S	2
злоумышленный	A	2
злоумышлять	V	2
злоупотреблять	V	2
знатность	S	2
зодчий	S	2
золовка	S	2
золочёный	A	2
иголка	S	2
игорный	A	2
игрище	S	2
ида	S	2
идентичный	A	2
избирать	V	2
избранный	V	2
извергнуть	V	2
извержение	S	2
извечный	A	2
изворотливый	A	2
изгиб	S	2
изгибаться	V	2
изгнанник	S	2
изголовье	S	2
изгонительница	S	2
издавна	ADV	2
излучающий	A	2
изнеможение	S	2
изобильный	A	2
изойти	V	2
изорвать	V	2
изумительный	A	2
изумрудный	A	2
изыскание	S	2
иллюзорность	S	2
именоваться	V	2
иногда	ADV	2
интенсивный	A	2
исключать	V	2
искоса	ADV	2
искренне	ADV	2
искренность	S	2
испарина	S	2
испепелять	V	2
испилить	V	2
исполинский	A	2
исполнимый	A	2
исполняемый	A	2
использоваться	V	2
испрашивать	V	2
испытанный	A	2
иссечь	V	2
исследовать	V	2
истекать	V	2
истерзать	V	2
истец	S	2
истечь	V	2
истовость	S	2
истовый	A	2
истощаться	V	2
исхудалый	A	2
исцеление	S	2
исцелиться	V	2
исчисление	S	2
исчислить	V	2
йогиновый	A	2
йогинуть	V	2
йогический	A	2
йство	S	2
кабава	S	2
как-нибудь	ADV	2
калакей	S	2
калинда	S	2
камандал	S	2
кампан	S	2
канвовый	A	2
канчулика	S	2
капалик	S	2
капать	V	2
каратель	S	2
карика	S	2
картинный	A	2
карттик	S	2
карухо	S	2
каршапан	S	2
каршапха	S	2
каскад	S	2
кататься	V	2
категория	S	2
качели	S	2
качественный	A	2
кашиец	S	2
кверху	ADV	2
кетака	S	2
кеш	S	2
кил-кил	S	2
кимвал	S	2
кимидина	S	2
кимпуруша	S	2
кинкара	S	2
киннары	S	2
киншук	S	2
кират	S	2
кирпич	S	2
кисть	S	2
кишеть	V	2
кладбище	S	2
клевета	S	2
клетка	S	2
клик	S	2
клоп	S	2
клуб	S	2
клюв	S	2
клятвенный	A	2
ковидар	S	2
когда-нибудь	ADV	2
козий	A	2
кокетливый	A	2
кокил	S	2
кокилакша	S	2
коленопреклонённый	A	2
колесница-молния	S	2
колечко	S	2
колея	S	2
коллирия	S	2
колоть	V	2
кольчуга	S	2
колючкообразный	A	2
колющий	A	2
кома-л	S	2
компания	S	2
конвенциональный	A	2
конечность	S	2
конструирование	S	2
кончаться	V	2
кончить	V	2
кончиться	V	2
кормиться	V	2
корн	S	2
коровность	S	2
корпус	S	2
корыстный	A	2
корысть	S	2
кот	S	2
котелок	S	2
котораго	S	2
коть	S	2
крайность	S	2
красильщик	S	2
красно-бурый	A	2
красть	V	2
крепки	S	2
крепостной	A	2
кривить	V	2
крикнуть	V	2
кристалл	S	2
криччхра	S	2
кришнал	S	2
кров	S	2
кром	S	2
кроткий	A	2
круговой	A	2
кругообразный	A	2
кузов	S	2
кукла	S	2
кулут	S	2
кунинд	S	2
кунтить	V	2
курочка	S	2
кушанье	S	2
кушать	V	2
кушманда	S	2
куштх	S	2
куща	S	2
кхадура	S	2
кхалва	S	2
кшапанака	S	2
ладоши	S	2
ладья	S	2
ланеокать	V	2
лапа	S	2
лата	S	2
легкодоступный	A	2
легкомыслие	S	2
лен	S	2
ленивый	A	2
лесистый	A	2
лжесвидетельство	S	2
лживость	S	2
лить	V	2
лицезрение	S	2
лицезреть	V	2
лицемерный	A	2
лобный	A	2
ловить	V	2
ловко	ADV	2
лодхра	S	2
лодыжка	S	2
ложбина	S	2
ломание	S	2
ломота	S	2
лопаться	V	2
лопнуть	V	2
лысый	A	2
львёнок	S	2
льнуть	V	2
любоваться	V	2
любовно	ADV	2
лёжа	ADV	2
мадаянтик	S	2
мадр	S	2
мадхураса	S	2
мазать	V	2
малолетний	A	2
малоумный	A	2
манана	S	2
мание	S	2
марута	S	2
марутовый	A	2
матушка	S	2
матёрый	A	2
махавриш	S	2
маш	S	2
мгла	S	2
медитировать	V	2
медный	A	2
медовой	A	2
межбровье	S	2
междометие	S	2
мелководный	A	2
мелкоячеистый	A	2
меркнуть	V	2
местожительство	S	2
местоимение	S	2
метафора	S	2
метла	S	2
мех	S	2
мешок	S	2
мигать	V	2
мимансак	S	2
мирно	ADV	2
миросозидание	S	2
миска	S	2
миф	S	2
мишень	S	2
младенец	S	2
многорукий	A	2
могила	S	2
мокрый	A	2
молока	S	2
молочай	S	2
молчать	V	2
мольба	S	2
мост	S	2
мотылёк	S	2
мочиться	V	2
мощнодарить	V	2
мощнодлать	V	2
мощнопламенный	A	2
мощнорукий	A	2
мриданг	S	2
мудг	S	2
муджавата	S	2
муж-бык	S	2
муж-лев	S	2
муладхара	S	2
мускатный	A	2
мускус	S	2
мускусный	A	2
мученый	A	2
мучитель	S	2
мылить	V	2
мысленный	A	2
мыслящий	A	2
мягко	ADV	2
мягкосердечный	A	2
мягкость	S	2
набитый	A	2
наблюдатель	S	2
наблюдаться	V	2
наблюсти	V	2
набожный	A	2
наброситься	V	2
навамалик	S	2
навес	S	2
навязчивый	A	2
наглядеться	V	2
наготове	ADV	2
награждать	V	2
нагревание	S	2
нагрудник	S	2
нагрузить	V	2
надвигаться	V	2
надвое	ADV	2
надлежащемъ	S	2
надолго	ADV	2
надъ	S	2
наезжать	V	2
назначать	V	2
назреть	V	2
наисокровенный	A	2
накладывать	V	2
наклонять	V	2
накрыть	V	2
накшатр	S	2
налево	ADV	2
налегать	V	2
налить	V	2
намеренный	A	2
намёк	S	2
нанизать	V	2
нанять	V	2
наоборот	ADV	2
нападки	S	2
напасть	S	2
напеть	V	2
напомнить	V	2
напор	S	2
напутствовать	V	2
наречие	S	2
нарисовать	V	2
наручи	S	2
нарядить	V	2
наряжаться	V	2
насколько	ADV	2
наследование	S	2
наслоение	S	2
наставница	S	2
настать	V	2
настояние	S	2
настроение	S	2
насыпать	V	2
насыпь	S	2
насыщаться	V	2
насыщенный	A	2
натуральный	A	2
находящий	A	2
начальный	A	2
начертать	V	2
не-бог	S	2
не-мужеубийца	S	2
не-слышание	S	2
неблагородный	A	2
невдалеке	ADV	2
невеликий	A	2
неверность	S	2
невзгода	S	2
невнимание	S	2
невозвратный	A	2
невообразимый	A	2
невраждебный	A	2
невреждение	S	2
невыразимый	A	2
негодница	S	2
негодующий	A	2
недвижно	ADV	2
недоброжелательный	A	2
недовольство	S	2
недолго	ADV	2
недолговечный	A	2
недоразвитый	A	2
недостижение	S	2
недосягаемый	A	2
недра	S	2
неженатый	A	2
независимость	S	2
неизбежно	ADV	2
неизречённый	A	2
неискушённый	A	2
неисполнение	S	2
неиссякаемый	A	2
неистовствовать	V	2
неистребимый	A	2
неисчерпаемый	A	2
неисчислимость	S	2
некрасивый	A	2
некстати	ADV	2
немедля	ADV	2
немудрый	A	2
немыслимый	A	2
ненастный	A	2
необожжённый	A	2
неодушевлённый	A	2
неопределимый	A	2
неосязаемый	A	2
неповинный	A	2
неподвластный	A	2
неподдельный	A	2
непомерный	A	2
непонятный	A	2
непосильный	A	2
непостижимо	ADV	2
непочтительно	ADV	2
непочтительность	S	2
неправильный	A	2
неприглядный	A	2
неприкосновенный	A	2
непристойно	ADV	2
непричастный	A	2
неприятельский	A	2
непроверенный	A	2
непрозорливый	A	2
непроницаемый	A	2
непрочный	A	2
непроявление	S	2
неравный	A	2
нерадивый	A	2
неразличение	S	2
неробкий	A	2
неровный	A	2
неродной	A	2
нерушимый	A	2
несапинд	S	2
несведущий	A	2
несвободный	A	2
несвязанность	S	2
несвязанный	A	2
несделанный	A	2
несовместимый	A	2
несогнутый	A	2
несолнечный	A	2
неспокойный	A	2
нестерпимый	A	2
несуществующий	A	2
нетвёрдость	S	2
нетерпеливый	A	2
нетрудно	ADV	2
неуважение	S	2
неуверенный	A	2
неудовольствие	S	2
неуничтожимый	A	2
неуплата	S	2
неуравновешенность	S	2
неурезанный	A	2
неустойчивый	A	2
неустранимый	A	2
неучтивый	A	2
нехороший	A	2
нечестно	ADV	2
неясно	ADV	2
низвержение	S	2
низко	ADV	2
низкорослый	A	2
низость	S	2
никак	ADV	2
никакой	A	2
нимфа	S	2
нипа	S	2
нирвикальпа	S	2
ничтожно	ADV	2
нишадка	S	2
нищенка	S	2
нищета	S	2
ножницы	S	2
ножной	A	2
носок	S	2
нощно	ADV	2
нравственный	A	2
обвинение	S	2
обводить	V	2
обволакивающий	A	2
обдуманный	A	2
обезвредить	V	2
обезглавить	V	2
обезьяний	A	2
обернуться	V	2
обидеть	V	2
обильно	ADV	2
обладательница	S	2
облекать	V	2
облизываться	V	2
обманный	A	2
обморок	S	2
обнаруживаться	V	2
обнаружить	V	2
обновить	V	2
ободрать	V	2
оборачиваться	V	2
обосновываться	V	2
обрабатывать	V	2
обуревать	V	2
обхождение	S	2
объезжать	V	2
объектность	S	2
объявление	S	2
обыкновение	S	2
обязательно	ADV	2
овевать	V	2
огласиться	V	2
оглушительный	A	2
оглядываться	V	2
оглянуться	V	2
огнеподобный	A	2
оградить	V	2
ограниченность	S	2
огурец	S	2
одарять	V	2
одарённый	V	2
одеваться	V	2
одерживать	V	2
одеяло	S	2
одиночка	S	2
одноконный	A	2
однокопытное	S	2
однонаправить	V	2
однородность	S	2
одолимый	A	2
оживление	S	2
оживлённый	A	2
ожог	S	2
озарение	S	2
означать	V	2
оказываться	V	2
окликнуть	V	2
окольный	A	2
окончательный	A	2
окончить	V	2
окраина	S	2
окраска	S	2
окрестность	S	2
окровавленный	A	2
округлиться	V	2
округлобедрый	A	2
олений	A	2
олицетворять	V	2
опереться	V	2
оплодотворитель	S	2
опознавательный	A	2
опознать	V	2
опозорить	V	2
опор	S	2
опорный	A	2
опоясывать	V	2
определённо	ADV	2
определённый	V	2
опровергаться	V	2
опрокидывать	V	2
опрокинуть	V	2
опустеть	V	2
опустошить	V	2
опушка	S	2
орлиный	A	2
осквернитель	S	2
ослабевать	V	2
ослиный	A	2
осматривать	V	2
осмелиться	V	2
осмеять	V	2
особенный	A	2
осознаваться	V	2
остаточный	A	2
остерегаться	V	2
осторожный	A	2
острозубый	A	2
отбить	V	2
отброс	S	2
отважно	ADV	2
отвезти	V	2
отвержение	S	2
отверзать	V	2
ответственность	S	2
отвислый	A	2
отвиснуть	V	2
отвлечённость	S	2
отвоевать	V	2
отвратиться	V	2
отдача	S	2
отделать	V	2
отделение	S	2
отделять	V	2
отеческий	A	2
отказывать	V	2
откликнуться	V	2
отклониться	V	2
отлучка	S	2
отмель	S	2
отменно	ADV	2
отмерить	V	2
отметина	S	2
отмечать	V	2
отмщение	S	2
отныне	ADV	2
оторвать	V	2
отослать	V	2
отпадать	V	2
отпираться	V	2
отрава	S	2
отравитель	S	2
отражённый	A	2
отрицаться	V	2
отрывать	V	2
оттого	ADV	2
отшельнический	A	2
отяготить	V	2
охра	S	2
охраняться	V	2
оценить	V	2
оценщик	S	2
оцепенение	S	2
оцепенеть	V	2
ошибаться	V	2
ощущаться	V	2
пава	S	2
павлиний	A	2
пакаяджный	A	2
палаш	S	2
палиджак	S	2
палочка	S	2
пальмовый	A	2
палящий	A	2
панас	S	2
пандит	S	2
панический	A	2
парень	S	2
парнородить	V	2
патока	S	2
паук	S	2
пахлава	S	2
пачкать	V	2
пенистый	A	2
пенька	S	2
первичный	A	2
первозданный	A	2
первоначальный	A	2
первопричина	S	2
первородство	S	2
первоэлемент	S	2
переварить	V	2
перевоплощение	S	2
перевязать	V	2
передаваться	V	2
передок	S	2
переезжать	V	2
переживание	S	2
пережитое	S	2
перекличка	S	2
перелёт	S	2
перемалывать	V	2
перемещаться	V	2
перемещение	S	2
перен	S	2
переносный	A	2
переодетый	A	2
перепел	S	2
переплыть	V	2
переправляться	V	2
перепёлка	S	2
перерастать	V	2
перерыв	S	2
переставать	V	2
переступать	V	2
переступить	V	2
перечисление	S	2
песнопение	S	2
пестик	S	2
пестролистый	A	2
пестрорукий	A	2
печень	S	2
пешком	ADV	2
пинг	S	2
пиппасть	V	2
плакша	S	2
пламень	S	2
план	S	2
пластинка	S	2
пленительный	A	2
пленять	V	2
плодоносный	A	2
плодотворный	A	2
плоскость	S	2
площадь	S	2
пнуть	V	2
по-прежнему	ADV	2
побиться	V	2
побледнеть	V	2
побороть	V	2
побужденный	A	2
повернуться	V	2
повеситься	V	2
повиноваться	V	2
повреждать	V	2
повтор	S	2
повторить	V	2
погасить	V	2
погибший	A	2
поглядеть	V	2
погоня	S	2
подавать	V	2
податливый	A	2
податься	V	2
подбрасывать	V	2
подвести	V	2
подводный	A	2
подвязать	V	2
подготовить	V	2
поджигатель	S	2
подкрепитель	S	2
подлежать	V	2
подмышка	S	2
поднесение	S	2
поднимание	S	2
подогнать	V	2
подпрыгивать	V	2
подрагивать	V	2
подразумеваться	V	2
подружка	S	2
подступить	V	2
подступиться	V	2
подход	S	2
подчинение	S	2
подчиняться	V	2
подъять	V	2
подымать	V	2
подыматься	V	2
поесть	V	2
пожалеть	V	2
пожалование	S	2
пожелание	S	2
пожинать	V	2
позабыть	V	2
позванивать	V	2
позвоночник	S	2
позвякивать	V	2
познаваться	V	2
покататься	V	2
поклясться	V	2
покойный	A	2
покорно	ADV	2
покорность	S	2
покрываться	V	2
покушаться	V	2
полемика	S	2
политься	V	2
полниться	V	2
половинный	A	2
половодье	S	2
получаться	V	2
полчище	S	2
полый	A	2
полыхать	V	2
пользование	S	2
помиловать	V	2
поминутно	ADV	2
помолвить	V	2
помочиться	V	2
помрачать	V	2
помутиться	V	2
помчать	V	2
помышление	S	2
поодаль	ADV	2
поощрить	V	2
поперечно-полосатый	A	2
попортить	V	2
попробовать	V	2
порицаться	V	2
порождение	S	2
порочить	V	2
порочность	S	2
порошок	S	2
порывистый	A	2
поселяться	V	2
посеребрённый	A	2
послед	S	2
последовательный	A	2
послушно	ADV	2
посольский	A	2
поспешность	S	2
посторонний	A	2
постройка	S	2
постромка	S	2
поступить	V	2
потакать	V	2
потемнеть	V	2
поторопить	V	2
потрудиться	V	2
потупить	V	2
потчевать	V	2
потянуться	V	2
поучение	S	2
похвальный	A	2
похититель	S	2
похлёбка	S	2
похоронный	A	2
похотливый	A	2
похоть	S	2
почечный	A	2
почувствовать	V	2
пощадить	V	2
поэзия	S	2
правнук	S	2
праздный	A	2
пракрити	S	2
праная	S	2
праныть	V	2
прастотара	S	2
прах	S	2
прашастарый	A	2
превозносить	V	2
превратить	V	2
превратность	S	2
превышать	V	2
преграждать	V	2
предавать	V	2
предатель	S	2
предательство	S	2
предводительство	S	2
предводительствовать	V	2
преддверие	S	2
предельно	ADV	2
предотвратить	V	2
предотвращать	V	2
предохранительный	A	2
предплечной	A	2
предупреждать	V	2
предусмотренный	A	2
предъ	S	2
предыдущий	A	2
презреть	V	2
преисполненный	V	2
преклонить	V	2
преклониться	V	2
преклонный	A	2
прекраснобедра	S	2
прекрасноглазый	A	2
прекраснокрылый	A	2
прекращать	V	2
прелесть	S	2
прельщать	V	2
преподать	V	2
прервать	V	2
пресекать	V	2
престол	S	2
преступить	V	2
преступник	S	2
претвёрдый	A	2
претензия	S	2
претерпевать	V	2
префикс	S	2
прибежать	V	2
приветливый	A	2
приводиться	V	2
привозить	V	2
привратница	S	2
привычка	S	2
пригонять	V	2
приготовлять	V	2
приданое	S	2
придать	V	2
прижать	V	2
призыв-состязание	S	2
призывание	S	2
прийтись	V	2
прикасаться	V	2
приключиться	V	2
прил	S	2
приложить	V	2
прильнуть	V	2
применяться	V	2
примириться	V	2
примкнуть	V	2
примчаться	V	2
приникать	V	2
принуждение	S	2
приоритетность	S	2
припас	S	2
приподнять	V	2
припомнить	V	2
приправа	S	2
присваивать	V	2
присвоить	V	2
присматривать	V	2
присоединение	S	2
приставать	V	2
притворный	A	2
приумножить	V	2
прихлебатель	S	2
причинность	S	2
причинный	A	2
причитание	S	2
пришибить	V	2
пробор	S	2
провалиться	V	2
провиниться	V	2
провозглашение	S	2
проглядеть	V	2
продлевать	V	2
продолжительность	S	2
проехать	V	2
проживать	V	2
прозрачный	A	2
прозревать	V	2
проиграть	V	2
произволение	S	2
произношение	S	2
прокалывание	S	2
проламывать	V	2
пролетать	V	2
проливный	A	2
проложить	V	2
промахнуться	V	2
промыть	V	2
проницательный	A	2
проницать	V	2
пропасть	V	2
пропоститься	V	2
прорваться	V	2
пророк	S	2
прорываться	V	2
просверлить	V	2
просветление	S	2
просвещение	S	2
прославляться	V	2
проследовать	V	2
просома	S	2
простодушие	S	2
пространный	A	2
противоборствующий	A	2
противовес	S	2
противоположность	S	2
противоядие	S	2
протяжение	S	2
процедить	V	2
процесс	S	2
прочитать	V	2
прощаться	V	2
прядь	S	2
прямолететь	V	2
прямота	S	2
псевдоаргумент	S	2
пссс	S	2
птенец	S	2
птицелов	S	2
птичка	S	2
пулинд	S	2
пунарнав	S	2
пуннагой	A	2
пупочный	A	2
пустовать	V	2
путешественник	S	2
путрия	S	2
пчелиный	A	2
пшеничный	A	2
пятицветной	A	2
равнозначный	A	2
равняться	V	2
раджание	S	2
радуга	S	2
разбиваться	V	2
разбираться	V	2
развести	V	2
разветвляться	V	2
развеять	V	2
развивать	V	2
развитой	A	2
развратница	S	2
развязать	V	2
развязывание	S	2
развязывать	V	2
развёртывать	V	2
разглашать	V	2
разговаривать	V	2
раздвигать	V	2
разделиться	V	2
раздельно	ADV	2
раздражить	V	2
разинуть	V	2
разламывать	V	2
разлететься	V	2
разлив	S	2
разливательный	A	2
разливаться	V	2
различимый	A	2
различительный	A	2
различно	ADV	2
разложиться	V	2
разместить	V	2
размозжить	V	2
размытый	A	2
разница	S	2
разносить	V	2
разноситься	V	2
разнять	V	2
разодрать	V	2
разорваться	V	2
разорение	S	2
разорять	V	2
разостлать	V	2
разрезание	S	2
разузнать	V	2
разъезжать	V	2
разъяриться	V	2
разъяснительный	A	2
разъясняться	V	2
рама	S	2
раматх	S	2
ранка	S	2
раскладывать	V	2
раскол	S	2
раскопать	V	2
раскрывать	V	2
раскрываться	V	2
раскрытие	S	2
распевать	V	2
расплыться	V	2
расплющивать	V	2
распознавать	V	2
распоряжаться	V	2
расправиться	V	2
распределять	V	2
распростереть	V	2
рассердиться	V	2
рассечение	S	2
рассеянный	A	2
рассмотрение	S	2
расспрашивать	V	2
расставить	V	2
расстелить	V	2
расступиться	V	2
растерзать	V	2
растерянность	S	2
растирание	S	2
растопить	V	2
растравлять	V	2
растрепать	V	2
растянутый	A	2
растянуться	V	2
расхождение	S	2
расчленитель	S	2
расширять	V	2
расщепить	V	2
расщеплять	V	2
ратник	S	2
ратхина	S	2
реализоваться	V	2
ревность	S	2
редакция	S	2
редиска	S	2
редко	ADV	2
режущий	A	2
резать	V	2
резчик	S	2
религиозно	ADV	2
речистый	A	2
решаться	V	2
решительно	ADV	2
реять	V	2
ристалище	S	2
ритуал	S	2
ритуальный	A	2
ровесник	S	2
ровъ	S	2
родинка	S	2
рожать	V	2
роженица	S	2
розга	S	2
розовый	A	2
рой	S	2
роковой	A	2
роса	S	2
роскошный	A	2
ростовщичество	S	2
рубашка	S	2
ругань	S	2
ругательство	S	2
руда	S	2
рудник	S	2
рукоятка	S	2
руль	S	2
рупадживой	A	2
рухнуть	V	2
ручеёк	S	2
рывок	S	2
рыло	S	2
саданва	S	2
саманадхикарание	S	2
саманьять	V	2
самодовольный	A	2
самоистязание	S	2
самообуздать	V	2
самоотверженный	A	2
самосветящийся	A	2
самостоятельный	A	2
самоцвет	S	2
санкхие	S	2
санньясин	S	2
сансарный	A	2
санскрит	S	2
санъям	S	2
саптапарный	A	2
сарай	S	2
саран	S	2
саранча	S	2
сарджака	S	2
сарива	S	2
саттво	S	2
сахакара	S	2
сахарный	A	2
сбиваться	V	2
сблизиться	V	2
сбруя	S	2
свадхиштхан	S	2
сватовство	S	2
сверлитель	S	2
свернуться	V	2
сверхчеловеческий	A	2
сверхчувственный	A	2
свершать	V	2
свершить	V	2
светло	ADV	2
светложёлтый	A	2
светлопламенный	A	2
светлячок	S	2
светозарный	A	2
светоносный	A	2
свидетельствовать	V	2
свинья	S	2
своевременно	ADV	2
своенравный	A	2
сворачивать	V	2
связный	A	2
святыня	S	2
свящий	A	2
свёртывание	S	2
сгонять	V	2
сгорать	V	2
сдавить	V	2
сдерживание	S	2
сдуть	V	2
сезамовый	A	2
сей	A	2
секрет	S	2
секта	S	2
сельдерей	S	2
семиглавый	A	2
семикратное	S	2
семичленный	A	2
серебряный	A	2
серьёзный	A	2
сеча	S	2
сжаться	V	2
сиддх	S	2
сиддхи	S	2
синхронный	A	2
скверна	S	2
скворец	S	2
складка	S	2
складывать	V	2
скользить	V	2
скорбный	A	2
скорлупа	S	2
скреп	S	2
скрести	V	2
скрестить	V	2
скрещивать	V	2
скрип	S	2
скромно	ADV	2
скрытно	ADV	2
скрыться	V	2
скряга	S	2
скупость	S	2
слабосильный	A	2
слабоумие	S	2
славиться	V	2
славословие	S	2
слагать	V	2
сладкоголосый	A	2
сладкоязычный	A	2
следование	S	2
слепец	S	2
слепнуть	V	2
слепота	S	2
слетать	V	2
слизывать	V	2
сложение	S	2
сложённый	A	2
случайный	A	2
слушаться	V	2
смена	S	2
смердеть	V	2
смертельно	ADV	2
сметь	V	2
смиловаться	V	2
смирять	V	2
смола	S	2
смотритель	S	2
смутиться	V	2
смутный	A	2
смущаться	V	2
смывать	V	2
снатака	S	2
снедать	V	2
снизойти	V	2
снисходительный	A	2
со-присутствие	S	2
собирание	S	2
соблазнитель	S	2
совершеннолетний	A	2
совокупление	S	2
согласовать	V	2
соглашаться	V	2
согнутый	A	2
содержаться	V	2
содержитъ	S	2
содрогнуться	V	2
содружество	S	2
созревать	V	2
соизволение	S	2
соитие	S	2
сократиться	V	2
сокращать	V	2
сокращаться	V	2
сокращение	S	2
сокрушаться	V	2
соломенный	A	2
сооружать	V	2
соразмерный	A	2
соревнование	S	2
сорт	S	2
сосать	V	2
соседка	S	2
соседний	A	2
соска	S	2
сосредоточенность	S	2
состариться	V	2
сосчитать	V	2
сотенная	S	2
сотенный	A	2
сотенный	S	2
сотрясение	S	2
соученик	S	2
софистика	S	2
сочетание	S	2
сочинение	S	2
сочувствие	S	2
союзничество	S	2
спадать	V	2
спелый	A	2
спешно	ADV	2
сплести	V	2
спутница	S	2
сражать	V	2
срединный	A	2
ссориться	V	2
ст	S	2
стадия	S	2
старательный	A	2
старить	V	2
старшинство	S	2
статус	S	2
статуя	S	2
стельный	A	2
стенание	S	2
степной	A	2
стерпеть	V	2
стеснённость	S	2
стихотворение	S	2
стократно	ADV	2
стоп	S	2
страдательный	A	2
страшить	V	2
стремглав	ADV	2
стремить	V	2
строитель	S	2
строить	V	2
стройность	S	2
стружка	S	2
структура	S	2
стряхивать	V	2
стряхнуть	V	2
стул	S	2
ступа	S	2
ступить	V	2
стыдливость	S	2
сувасантак	S	2
сувирак	S	2
суд	S	2
судорога	S	2
суетливый	A	2
султан	S	2
супружеский	A	2
супружество	S	2
суран	S	2
сухостой	S	2
сушить	V	2
схватываться	V	2
съехаться	V	2
сыворотка	S	2
сыграть	V	2
сын-герой	S	2
сынок	S	2
сыпать	V	2
тавтология	S	2
тагар	S	2
таиться	V	2
тайком	ADV	2
таковой	A	2
такт	S	2
талый	A	2
тамаленький	A	2
таможня	S	2
тантакриччхра	S	2
тапатие	S	2
таранта	S	2
твердить	V	2
тележка	S	2
телок	S	2
телячий	A	2
темница	S	2
теперешний	A	2
теплиться	V	2
тереться	V	2
терпимость	S	2
тесно	ADV	2
тесный	A	2
техника	S	2
тешить	V	2
тешиться	V	2
тилак	S	2
тиртхи	S	2
тихо	ADV	2
тишь	S	2
ткать	V	2
тмин	S	2
толкователь	S	2
толковать	V	2
толочь	V	2
толстый	A	2
толчок	S	2
торжество	S	2
торжествовать	V	2
торопиться	V	2
тот-то	A	2
точный	A	2
тощий	A	2
травинка	S	2
трансформация	S	2
тратить	V	2
тревожиться	V	2
трехглавый	A	2
трехгорбый	A	2
трехногий	A	2
тригарт	S	2
тритсу	S	2
триумфальный	A	2
триштубха	S	2
трогать	V	2
троица	S	2
тройка	S	2
тройственный	A	2
тропа	S	2
тропинка	S	2
трудноодолимый	A	2
трудолюбие	S	2
трусливый	A	2
тръяруно	S	2
трястись	V	2
тугрийский	A	2
туловище	S	2
туманный	A	2
тучный	A	2
тщеславный	A	2
тыквенный	A	2
тысячеглазый	A	2
тысячелетний	A	2
тысячецветный	A	2
тяжущийся	S	2
тянутый	A	2
тёмно-синий	A	2
тёплый	A	2
убежать	V	2
убеждение	S	2
убийственный	A	2
ублаготворять	V	2
ублажить	V	2
увезти	V	2
уверенный	A	2
увеселение	S	2
увечный	A	2
увечье	S	2
увить	V	2
увлажняться	V	2
увлекаться	V	2
увлечь	V	2
угадывать	V	2
углубиться	V	2
углубление	S	2
угнести	V	2
уговаривать	V	2
угодить	V	2
угол	S	2
удаление	S	2
удалить	V	2
ударение	S	2
ударять	V	2
удать	V	2
удаться	V	2
удивить	V	2
удовольство	S	2
удостоить	V	2
ужалить	V	2
уздечка	S	2
узость	S	2
узы	S	2
указ	S	2
указанный	A	2
указующий	A	2
уклон	S	2
уклонение	S	2
уклониться	V	2
украдкой	ADV	2
укрепляться	V	2
улыбнуться	V	2
умащаться	V	2
умащение	S	2
умение	S	2
уменьшить	V	2
умерщвлять	V	2
умирающий	A	2
умиротворение	S	2
умозаключение	S	2
умомъ	S	2
умчать	V	2
умчаться	V	2
умыть	V	2
унизить	V	2
упасад	S	2
упереться	V	2
упование	S	2
упоение	S	2
уполномоченный	A	2
упоминание	S	2
упорный	A	2
употребить	V	2
употребляться	V	2
упрашивать	V	2
упрямство	S	2
упущение	S	2
упырих	S	2
уравновешенность	S	2
ураганный	A	2
урок	S	2
ус	S	2
усиленный	A	2
ускоренный	A	2
усладительный	A	2
условный	A	2
усложнение	S	2
усмирять	V	2
уснуть	V	2
усомниться	V	2
успокаиваться	V	2
уставить	V	2
устало	ADV	2
устанавливаться	V	2
установка	S	2
устилать	V	2
устранитель	S	2
устраняться	V	2
устрашающий	A	2
уступить	V	2
устыдиться	V	2
усыплять	V	2
утверждать	V	2
утверждаться	V	2
утерять	V	2
утеха	S	2
утешение	S	2
утихнуть	V	2
утоление	S	2
утолить	V	2
участие	S	2
учебник	S	2
ученичество	S	2
учинить	V	2
ушастый	A	2
ушир	S	2
ущелие	S	2
ущербный	A	2
фактор	S	2
фигуральный	A	2
физический	A	2
фиксация	S	2
философия	S	2
хара	S	2
характеризоваться	V	2
харидра	S	2
харита	S	2
харитака	S	2
хвалить	V	2
хвастаться	V	2
хвастовство	S	2
хватание	S	2
хватка	S	2
хитрец	S	2
хладный	A	2
хмана	S	2
хмурить	V	2
хмуриться	V	2
хозяйственный	A	2
холм	S	2
хотеться	V	2
храбрость	S	2
хранение	S	2
хранилище	S	2
хром	S	2
царапать	V	2
цветение	S	2
целительный	A	2
ценный	A	2
центр	S	2
цепенеть	V	2
цеплять	V	2
цимбала	S	2
цыкнуть	V	2
чадолюбивый	A	2
чандал	S	2
чандать	V	2
чара	S	2
чарана	S	2
чародей	S	2
частичный	A	2
чатурмасие	S	2
чашечка	S	2
чашка	S	2
чваниться	V	2
чек	S	2
человечество	S	2
человый	A	2
челядь	S	2
черепаховый	A	2
черноволосый	A	2
чертить	V	2
чеснок	S	2
честность	S	2
честный	A	2
честь	V	2
четырехглазый	A	2
четырехрукий	A	2
четырехугольный	A	2
чистокровный	A	2
чихать	V	2
чихнуть	V	2
членопоклонник	S	2
что-л	S	2
что-то	ADV	2
чудовище	S	2
чудовищный	A	2
чудом	ADV	2
чучуп	S	2
чётки	S	2
шабар	S	2
шакть	S	2
шала	S	2
шальвийский	A	2
шарнг	S	2
шатагхнуть	V	2
шатапушп	S	2
шафрановый	A	2
шветамбар	S	2
шейка	S	2
шейный	A	2
шелковица	S	2
шерстяной	A	2
шестидесятилетний	A	2
шиншап	S	2
ширма	S	2
широкоплечий	A	2
широкошагать	V	2
шить	V	2
шлифовальщик	S	2
шлка	S	2
шность	S	2
шраддха	S	2
шрам	S	2
шуканас	S	2
шурасен	S	2
шёлк	S	2
шёпотом	ADV	2
щёлочь	S	2
экскремент	S	2
эрудиция	S	2
юга	S	2
юница	S	2
ююба	S	2
яблоня	S	2
явана	S	2
явление	S	2
яджень-яджние	S	2
яджний	A	2
яджняяджние	S	2
яджус	S	2
ядро	S	2
язва	S	2
язвительный	A	2
яичко	S	2
як	S	2
якша	S	2
якшинить	V	2
яростно	ADV	2
ясновидение	S	2
ясноликать	V	2
ёж	S	2
абхасвара	S	1
абхир	S	1
абхисар	S	1
абхисать	V	1
абхишава	S	1
абхишах	S	1
авабхритх	S	1
аваскава	S	1
авиддхи	S	1
авимудхи	S	1
авторитетность	S	1
агнидха	S	1
агнихотереть	V	1
агнихотрина	S	1
агньядхей	S	1
агуру	S	1
агхара	S	1
агхашов	S	1
адамбар	S	1
адарасрить	V	1
адвайта-веданта	S	1
аджамидх	S	1
аджей	S	1
адхак	S	1
адхака	S	1
адхияджник	S	1
азартный	A	1
аккуратно	ADV	1
акт	S	1
активно	ADV	1
акшисантарджан	S	1
алаба	S	1
аласало	S	1
алганда	S	1
аллея	S	1
аллитерация	S	1
алмазный	A	1
алойный	A	1
алчба	S	1
алчно	ADV	1
алчный	A	1
ама	S	1
амбар	S	1
амбаштх	S	1
амбаштхи	S	1
амра	S	1
анализ	S	1
анальный	A	1
анартовый	A	1
анвахарий	A	1
английский	A	1
анджалика	S	1
андхаки	A	1
андхров	S	1
аникини	S	1
антардхан	S	1
антилопий	A	1
антилоповыя	S	1
антьявасайина	S	1
анувьякхьяный	A	1
анудатта	S	1
ануштубх	S	1
ануштубхий	A	1
аорист	S	1
апамарга	S	1
апана	S	1
апариграха	S	1
апасавие	S	1
апатия	S	1
апереть	V	1
аппетитный	A	1
апсарь	S	1
ар	S	1
ара	S	1
арагарат	S	1
арай	S	1
арапать	V	1
араттами	S	1
аргументация	S	1
аргхие	S	1
аргхью	S	1
арджуня	S	1
арий	S	1
аримёд	S	1
ароматъ	S	1
арсенал	S	1
артикуляция	S	1
артхавад	S	1
артхавадать	V	1
арша	S	1
асана	S	1
аскетичный	A	1
ассимиляция	S	1
астеть	V	1
астма	S	1
астра	S	1
астра-мантра	S	1
астрология	S	1
асури	S	1
асурический	A	1
асут	S	1
асьямодак	S	1
атаковать	V	1
атикриччхра	S	1
атимуктак	S	1
атиратереть	V	1
атиратра	S	1
атиччхандас	S	1
атм	S	1
атмаруха	S	1
атомарность	S	1
атрибут	S	1
атрибутировать	V	1
атрина	S	1
атриновый	A	1
атхарва-ширас	S	1
аффикс	S	1
ахина	S	1
ахук	S	1
ахут	S	1
ахуть	V	1
ашани	S	1
ашвагандх	S	1
ашвагандхи	S	1
ашвамедх	S	1
ашвамедху	S	1
ашваттх	S	1
ашваттхи	S	1
ашваюдж	S	1
ашмак	S	1
ашмантака	S	1
ашоковый	A	1
ашунг	S	1
аюрведа	S	1
багряный	A	1
бадья	S	1
база	S	1
балак	S	1
балас	S	1
балкон	S	1
балхик	S	1
банановъ	S	1
бандхуджив	S	1
бандхуджива	S	1
бандхук	S	1
банщик	S	1
барабан-адамбару	S	1
барабан-диндима	S	1
барабан-патаха	S	1
барабанщик	S	1
барбар	S	1
бархат	S	1
бахвальство	S	1
бахишпаваман	S	1
бахлик	S	1
бахупадик	S	1
башенка	S	1
башмак	S	1
баюкать	V	1
бд	S	1
бдение	S	1
бдеть	V	1
бегун	S	1
бедность	S	1
бедный	S	1
бедствовать	V	1
безбожие	S	1
безбожник	S	1
безболезненно	ADV	1
безбоязненно	ADV	1
безвестный	A	1
безветренный	A	1
безветреный	A	1
безвкусный	A	1
безвладычный	A	1
безвозвратно	ADV	1
безвозмездно	ADV	1
безволосый	A	1
безвольный	A	1
безвредно	ADV	1
безвыходность	S	1
безглазый	A	1
безгранично	ADV	1
бездейственный	A	1
бездеятельный	A	1
бездомность	S	1
бездорожный	A	1
бездорожье	S	1
бездымно	ADV	1
бездымный	A	1
безжалостность	S	1
безжизненно	ADV	1
беззаботный	A	1
беззаветно	ADV	1
беззвучно	ADV	1
беззубый	A	1
безликий	A	1
безмолвие	S	1
безмыслие	S	1
безмятежность	S	1
безнадёжность	S	1
безнаказанный	A	1
безнравственный	A	1
безобъектный	A	1
безопасно	ADV	1
безостаточность	S	1
безотказный	A	1
безпеченъ	S	1
безпрестанный	A	1
безрассудно	ADV	1
безрассудство	S	1
безродный	A	1
безропотно	ADV	1
безсильно	ADV	1
безслава	S	1
безсмерт	S	1
безудержно	ADV	1
безумствовать	V	1
безчеловый	A	1
безчесть	V	1
беканат	S	1
белеть	V	1
белозубый	A	1
белок	S	1
белоспинный	A	1
белый-чёрный	A	1
бережно	ADV	1
беременная	S	1
берестяной	A	1
беречь	V	1
берёза	S	1
бес	S	1
бескачественность	S	1
бескоровный	A	1
бескрылый	A	1
беспамятность	S	1
бесплечего	ADV	1
бесплотный	A	1
беспокоиться	V	1
бесполезно	ADV	1
беспомощность	S	1
беспорядочно	ADV	1
беспорядочный	A	1
беспощадность	S	1
беспредельность	S	1
беспредметный	A	1
беспрепятственный	A	1
беспрерывный	A	1
беспримесный	A	1
беспричинность	S	1
бесприютный	A	1
бессветном	S	1
бессвязный	A	1
бессильно	ADV	1
бесславно	ADV	1
бессмысленно	ADV	1
бессмысленный	A	1
бессмыслица	S	1
бессовестный	A	1
бессознательный	A	1
бессолнечный	A	1
бесстрастно	ADV	1
бесстыдно	ADV	1
бесстыдство	S	1
бессубстратный	A	1
бессущностный	A	1
бессчётный	A	1
бессыновность	S	1
бестолковый	A	1
бестрепетный	A	1
бесхитростно	ADV	1
бесхитростность	S	1
бесцветно	ADV	1
бесцветный	A	1
бесцельный	A	1
бесчастность	S	1
бесчестить	V	1
бешеный	A	1
билва	S	1
биллион	S	1
бинд	S	1
битьё	S	1
благовещающий	A	1
благовидный	A	1
благовоспитанность	S	1
благоговейный	A	1
благодатнопламенный	A	1
благодать	S	1
благозвучие	S	1
благозвучный	A	1
благомыслящий	A	1
благополучно	ADV	1
благоприятствуемый	A	1
благоразумие	S	1
благоразумный	A	1
благорасположенный	A	1
благословление	S	1
блаженно	ADV	1
блаженствовать	V	1
блевать	V	1
бледнеть	V	1
бледно-красный	A	1
близорукий	A	1
близь	S	1
блуждание	S	1
бог-близнец	S	1
богато	ADV	1
боги-и-людить	V	1
боговидец	S	1
бодхисатва	S	1
божественный	S	1
божество-хранитель	S	1
божок	S	1
боковой	A	1
бол	S	1
болезнетворный	A	1
болотный	A	1
болтать	V	1
болтливость	S	1
больно	ADV	1
больша	S	1
большеберцовый	A	1
большеголовый	A	1
большинство	S	1
боров	S	1
бородатый	A	1
бородач	S	1
боязнь	S	1
боёк	S	1
браниться	V	1
братоубийственный	A	1
брахма-ракшас	S	1
брахманджать	V	1
брахмано-кшатрийский	A	1
брахманоубийца	S	1
брахману-и-кшатрия	S	1
брахмаракшаса	S	1
брахмаракшасами	ADV	1
брахмарандр	S	1
брахмариш	S	1
брахмасаттроить	V	1
брахмачарь	S	1
брахмаширас	S	1
брахмие	S	1
бренность	S	1
бренный	A	1
бренчание	S	1
бренчать	V	1
брешь	S	1
бритоголовый	A	1
брить	V	1
брихад	S	1
брихата	S	1
брихатить	V	1
брихатпхать	V	1
бровь-лиана	S	1
бродяжничество	S	1
бродячий	A	1
бросание	S	1
бросятъ	S	1
брус	S	1
брыкаться	V	1
брюхатый	A	1
брюшной	A	1
бряцать	V	1
бубенец	S	1
буддист	S	1
буддхи-йога	S	1
буйволин	A	1
буйволица	S	1
буйство	S	1
буква-матрица	S	1
буквальный	A	1
буквенность	S	1
бунтовать	V	1
бурелом	S	1
бурый	A	1
бурёнушка	S	1
бутыль	S	1
бушевание	S	1
бхадракар	S	1
бхакть	S	1
бхакть-йог	S	1
бхан	S	1
бхандир	S	1
бхаратийский	A	1
бхед-абхеда	S	1
бхригуид	S	1
бхринг	S	1
бывший	A	1
бык-бхарата	S	1
бык-дваждырожденный	S	1
бык-инд	S	1
было-и-чтый	A	1
быстренько	ADV	1
быстроконный	A	1
быстрокопытный	A	1
быстрорукий	A	1
бытие-сознание-блаженство	S	1
бытием-сознанием-блаженство	S	1
вавата	S	1
вагха	S	1
вагховый	A	1
вадав	S	1
ваджапея	S	1
ваджравалли	S	1
ваджроподобный	A	1
ваетъ	S	1
важность	S	1
ваза	S	1
вайрагие	S	1
вайшья	S	1
валакхилие	S	1
валакхильев	S	1
вамадевий	A	1
ванапрастхи	S	1
ванг	S	1
вандан	S	1
ванджулак	S	1
вандина	S	1
ваннымъ	S	1
вариант	S	1
вармаки	S	1
вармаковый	A	1
варьировать	V	1
васантить	V	1
васати	S	1
васатиец	S	1
вастрап	S	1
ватадхан	S	1
ватик	S	1
ватикрит	S	1
ватсап	S	1
вашить	V	1
вающий	A	1
ваявие	S	1
ввергать	V	1
вверху	ADV	1
ввечеру	ADV	1
вгрызаться	V	1
вдавить	V	1
вдвоём	ADV	1
вдохновительница	S	1
вдыхание	S	1
веданг-шастр	S	1
ведомо	S	1
ведро	S	1
ведро-кадка	S	1
веерообразный	A	1
вежливость	S	1
вездесущность	S	1
везение	S	1
веко	S	1
вековечный	A	1
вековой	A	1
великан	S	1
великий-великий	A	1
великодушие	S	1
великол	S	1
великомощный	A	1
великославный	A	1
великостить	V	1
великость	S	1
величество	S	1
венуп	S	1
венценосный	A	1
венчик	S	1
верблюжатина	S	1
верблюжий	A	1
верить	V	1
вериться	V	1
верующий	A	1
верховой	A	1
весло-нога	S	1
весомый	A	1
вестница	S	1
весть	S	1
весы	S	1
ветас	S	1
ветвиться	V	1
ветерок	S	1
веточка	S	1
веточка-рука	S	1
веха	S	1
вечернихъ	S	1
вещать	V	1
вещий	A	1
веяние	S	1
взад	ADV	1
взаимный	A	1
взаимодействовать	V	1
взаимоналожение	S	1
взаимоотрицание	S	1
взбаламутить	V	1
взбалтыватель	S	1
взбалтывать	V	1
взбираться	V	1
взболтать	V	1
взбушеваться	V	1
взвесить	V	1
взвешивать	V	1
взвеяться	V	1
взвиваться	V	1
взвыть	V	1
взглядомъ	S	1
взглядъ	S	1
вздрагивать	V	1
вздрогнетъ	S	1
вздутие	S	1
вздыбиться	V	1
вздыбление	S	1
взимание	S	1
взиматься	V	1
взлезать	V	1
взмахнуть	V	1
взобраться	V	1
взоръ	S	1
взращивание	S	1
взрослый	S	1
взрывать	V	1
взрыхлять	V	1
взыскать	V	1
взятка	S	1
взяточник	S	1
взяться	V	1
вибрировать	V	1
вибхидак	S	1
вибхитака	S	1
вигхас	S	1
вигхасоя	S	1
видари	S	1
видех	S	1
видимо	ADV	1
видрадхи	S	1
видрити	S	1
видти	V	1
видящий	A	1
визуальный	A	1
вика	S	1
викальпа	S	1
виканкат	S	1
викарма	S	1
викарный	A	1
викас	S	1
виклинда	S	1
вилиптить	V	1
вилохит	S	1
вимардан	S	1
вимарш	S	1
виноватый	A	1
виновный	S	1
виноград	S	1
вира	S	1
вирак	S	1
вираматсьев	S	1
вирасана	S	1
висалпак	S	1
висалпаки	ADV	1
висковъ	S	1
виснуть	V	1
висок	S	1
висячий	A	1
витастить	V	1
виться	V	1
вихо	S	1
вихрастый	A	1
вичара	S	1
вишешить	V	1
вишкандх	S	1
вишкандха	S	1
вишкандхи	S	1
вишошана	S	1
вкладывать	V	1
вкруг	ADV	1
вкусовой	A	1
влагать	V	1
влагоносный	A	1
владыка-якша	S	1
владычность	S	1
владычный	A	1
властительница	S	1
властолюбивый	A	1
влачить	V	1
влачиться	V	1
влезание	S	1
влечение-отвращение	S	1
влить	V	1
влиятельный	A	1
влюбиться	V	1
вместить	V	1
вместиться	V	1
вмешиваться	V	1
вневербальный	A	1
внемлютый	A	1
внемлющий	A	1
вносить	V	1
внутренне	ADV	1
внутрисердечный	A	1
внучка	S	1
внушительный	A	1
внятный	A	1
внять	V	1
вовлекать	V	1
вовлечь	V	1
вовсе	ADV	1
вогнать	V	1
вода-сура	S	1
водворение	S	1
водительница	S	1
водиться	V	1
водовоз	S	1
водонепроницаемый	A	1
водоросль	S	1
водочерпальный	A	1
водружение	S	1
водянистый	A	1
водяной	A	1
возбуждённость	S	1
возвеличиться	V	1
возвещаться	V	1
возвещение	S	1
возводиться	V	1
возвыситься	V	1
возвышать	V	1
возвышенный	A	1
воздание	S	1
воздвижение	S	1
воздержаться	V	1
воздыхан	S	1
воздыхание	S	1
возжигание	S	1
возжигатель	S	1
возжигать	V	1
возжигаться	V	1
воззреть	V	1
возлагать	V	1
возливать	V	1
возликовать	V	1
возлить	V	1
возмещать	V	1
вознаграждать	V	1
вознесение	S	1
возобладать	V	1
возобновить	V	1
возобновление	S	1
возомнить	V	1
возродить	V	1
возрождаться	V	1
возрождение	S	1
возрыдать	V	1
возсоздать	V	1
возстановить	V	1
воитель-герой	S	1
вой	S	1
волнахъ	S	1
волнообразный	A	1
воловий	A	1
волчий	A	1
волчок	S	1
вонзаться	V	1
вонючий	A	1
вообще	ADV	1
вооружиться	V	1
воплотиться	V	1
воплощаться	V	1
вопросить	V	1
вопрошание	S	1
вопрошать	V	1
воробьиный	A	1
воровать	V	1
ворожея	S	1
воронёный	A	1
воротить	V	1
восидти	V	1
воскресить	V	1
воспалить	V	1
воспитать	V	1
воспитывать	V	1
воспламенение	S	1
воспламенять	V	1
воспламеняться	V	1
восполнение	S	1
восполнить	V	1
восприемать	V	1
воспринимаемость	S	1
воспроизводиться	V	1
воспроизводство	S	1
воспрянуть	V	1
воссоздатель	S	1
воссоздать	V	1
восстанавливать	V	1
восстанавливаться	V	1
восстановиться	V	1
восстановление	S	1
восторжествовать	V	1
восхищать	V	1
восьмиколесный	A	1
восьмиконечный	A	1
восьмикратный	A	1
восьмилетний	A	1
восьминога	S	1
вошь	S	1
впадина	S	1
вплести	V	1
вполне	ADV	1
вправить	V	1
впредь	ADV	1
впридачу	ADV	1
впрок	ADV	1
впрячь	V	1
впрячься	V	1
вр	S	1
враг-злоумышленник	S	1
враждебно	ADV	1
вразрез	ADV	1
врасплох	ADV	1
врачебный	A	1
врачевание	S	1
вращатель	S	1
вредоносный	A	1
временами	ADV	1
времяпровождение	S	1
вритти	S	1
врих	S	1
вришниец	S	1
вришнийский	A	1
врукопашную	ADV	1
всеблагой	A	1
всебожеский	A	1
всевкушать	V	1
всевластный	A	1
всего-навсего	ADV	1
вседчудесность	S	1
всемогущественный	A	1
всеобъектный	A	1
всеопалять	V	1
всепобуждать	V	1
всепоглощающий	A	1
всепохищать	V	1
всепревосходный	A	1
всепроницать	V	1
всепрощающий	A	1
всепрощение	S	1
всесверкать	V	1
всесильный	A	1
всесозидание	S	1
всесокрушающий	A	1
всесторонний	A	1
всесущий	A	1
всеуничтожитель	S	1
всеуносить	V	1
всеядный	A	1
всеять	V	1
вскачь	ADV	1
вскипеть	V	1
всклокочить	V	1
всколебать	V	1
всколебленный	A	1
вскормить	V	1
вспахивать	V	1
вспахтать	V	1
вспашка	S	1
вспоить	V	1
вспорхнуть	V	1
вспугнуть	V	1
вспыхивание	S	1
вставить	V	1
встр	S	1
встречный	A	1
встряхивать	V	1
встряхнуть	V	1
вступаться	V	1
всякаго	S	1
всякомъ	S	1
втирание	S	1
втиснуть	V	1
втоптать	V	1
вторжение	S	1
второе	S	1
втройне	ADV	1
втягивание	S	1
втянутый	A	1
входящий	A	1
вчера	ADV	1
вшея	S	1
вшить	V	1
въяве	ADV	1
выбивать	V	1
выбить	V	1
выблевать	V	1
выборы	S	1
выбрасывать	V	1
выбросить	V	1
выведать	V	1
вывернуть	V	1
вывести	V	1
вывихнутый	A	1
выводиться	V	1
выгибаться	V	1
выговаривать	V	1
выдаваться	V	1
выдача	S	1
выделение	S	1
выделять	V	1
выдолбить	V	1
выдохнуться	V	1
выдувание	S	1
выдыхание	S	1
выжечь	V	1
выживать	V	1
выжигать	V	1
выжимальщик	S	1
выжиматься	V	1
вызволить	V	1
вызволять	V	1
выздоравливать	V	1
вызревать	V	1
вызреть	V	1
вызываться	V	1
выискивать	V	1
выкликать	V	1
выкурить	V	1
вылезти	V	1
вылететь	V	1
вылечить	V	1
выливать	V	1
вылизать	V	1
выложить	V	1
вылупиться	V	1
выматывать	V	1
вымачивать	V	1
вымолвить	V	1
вымолить	V	1
выморочный	A	1
вымысливание	S	1
вынашивание	S	1
вынашивать	V	1
выносливый	A	1
вынужденный	A	1
вынуть	V	1
выныривать	V	1
выпадаетъ	S	1
выпадение	S	1
выпалить	V	1
выпасти	V	1
выпачкать	V	1
выпилить	V	1
выписывать	V	1
выползать	V	1
выполненность	S	1
выполоскать	V	1
выпросить	V	1
выпрыгнуть	V	1
выпрямить	V	1
выпуклый	A	1
выпускание	S	1
выражаться	V	1
выразительно	ADV	1
выразить	V	1
выразиться	V	1
вырастать	V	1
выродок	S	1
вырубить	V	1
выручить	V	1
выручка	S	1
вырывание	S	1
высвечивание	S	1
высвечивать	V	1
высвечиваться	V	1
высвободить	V	1
высказывать	V	1
высказываться	V	1
выскакивать	V	1
выскальзывать	V	1
выслать	V	1
выслеживать	V	1
высматривать	V	1
высоко-высоко	ADV	1
высокородный	A	1
выстлать	V	1
выстоять	V	1
выстрелить	V	1
высунуть	V	1
высушить	V	1
вытертый	A	1
вытеснитель	S	1
вытечь	V	1
вытолкать	V	1
вытяжение	S	1
вытянуто	ADV	1
выучить	V	1
выучиться	V	1
выхватывание	S	1
выходец	S	1
вычесть	V	1
вычитать	V	1
вышвыривать	V	1
вышедш	A	1
выщипать	V	1
выявлять	V	1
выяснить	V	1
вьюткрама	S	1
вьючный	A	1
вьягхрамарь	S	1
вьядхвар	S	1
вьякарана	S	1
вьякхьяный	A	1
вьялкаша	S	1
вьян	S	1
вьяхрити	S	1
вязатель	S	1
вязать	V	1
вянуть	V	1
гавамай	S	1
гадать	V	1
гадко	ADV	1
газелий	A	1
галопом	ADV	1
галушка	S	1
галька	S	1
гангский	A	1
ганди	S	1
гандхар	S	1
гандхара	S	1
гандхарвам-и-апсарас	S	1
гандхарвать	V	1
гандхарвов-и-апсарас	S	1
гандхарвский	A	1
гандхарский	A	1
гарга	S	1
гарговый	A	1
гархапатие	S	1
гаснуть	V	1
гаяловый	A	1
гаятр	S	1
гвардия	S	1
генеалогия	S	1
героизм	S	1
герой-воин	S	1
гибельно	ADV	1
гильдия	S	1
гимн-молитва	S	1
гимнотворец	S	1
гит	S	1
гитх	S	1
гл	S	1
главенствовать	V	1
глаголь	S	1
глашатай	S	1
глоток	S	1
глухота	S	1
глушь	S	1
глянуть	V	1
гнаться	V	1
гневить	V	1
гнутый	A	1
гнушаться	V	1
гнёт	S	1
говас	S	1
година	S	1
годиться	V	1
годный	A	1
годовалый	A	1
голак	S	1
голангул	S	1
голова-олень	S	1
головка	S	1
голодание	S	1
голосомъ	S	1
голубеть	V	1
голубка	S	1
гомутрак	S	1
гонг	S	1
гонение	S	1
гонец	S	1
гончарный	A	1
гонять	V	1
гопучха	S	1
горбун	S	1
горение	S	1
горец	S	1
горизонтально	ADV	1
горизонтальный	A	1
горловой	A	1
горний	A	1
горныхъ	S	1
горожанка	S	1
горорда	S	1
гортань	S	1
горчичный	A	1
горшечник	S	1
горшок-мошонка	S	1
горячка	S	1
госава	S	1
господствовать	V	1
господствующий	A	1
гостеприимец	S	1
государственность	S	1
государственный	A	1
готовиться	V	1
готовка	S	1
гр	S	1
грабить	V	1
гравий	S	1
грантхи	S	1
грань	S	1
грация	S	1
грек	S	1
грести	V	1
греть	V	1
грешница	S	1
гриб	S	1
гримаса	S	1
гриф	S	1
гроза	S	1
грозно-доблестный	A	1
грозноотважный	A	1
громить	V	1
громкогласный	A	1
громкозвучный	A	1
громкость	S	1
громогласный	A	1
громоздиться	V	1
грубиянка	S	1
грузный	A	1
грёза	S	1
гудение	S	1
гулгул	S	1
гулкий	A	1
гульм	S	1
гулять	V	1
гунн	S	1
гусеница	S	1
густо-красный	A	1
гусь-лебедь	S	1
гхатик	S	1
давитель	S	1
давление	S	1
дадим	S	1
дакшинагнуть	V	1
дальновидный	A	1
дамбходбхавовый	A	1
дамбходбхавый	A	1
данавь	S	1
дандаковы	S	1
дарадов	A	1
дарбха	S	1
дарвать	V	1
дарик	S	1
даршапурнамас	S	1
дасамий	S	1
дательный	A	1
датьюхий	A	1
дашарх	S	1
дашонася	S	1
даятель	S	1
дваждырождить	V	1
двенадцата	S	1
двенадцатидневный	A	1
двигатель	S	1
движитель	S	1
двоичный	A	1
двоюродный	A	1
двояко	ADV	1
двуроть	V	1
двусмысленный	A	1
двуязыкий	A	1
дева-невеста	S	1
девический	A	1
девственный	A	1
деву-жемчужина	S	1
девушка-сокровище	S	1
девятивратный	A	1
девятинога	S	1
девятиугольный	A	1
деепричастие	S	1
делание	S	1
делаться	V	1
деление	S	1
деликатно	ADV	1
деликатность	S	1
деликатный	A	1
делимость	S	1
делиться	V	1
демоны-змея	S	1
денежный	A	1
деревенька	S	1
деревъ	S	1
деревья-светильник	S	1
держава	S	1
держание	S	1
держательница	S	1
дерзать	V	1
дерзновенный	A	1
дерзостно	ADV	1
десна	S	1
десятилетний	A	1
десятиликий	A	1
десятиугольный	A	1
десяток	S	1
детишки	S	1
детище	S	1
дефектный	A	1
джагат	S	1
джагать	S	1
джайнский	A	1
джалан	S	1
джалашея	S	1
джамбунада	S	1
джамбхак	S	1
джап	S	1
джарджара	S	1
джашкамад	S	1
дживака	S	1
дживандживак	S	1
дживатман	S	1
дживой	S	1
джйотиштом	S	1
джнять	V	1
джримбх	S	1
джримбха	S	1
джхалл	S	1
джьйотирас	S	1
джьйотиша	S	1
джьотиштом	S	1
диаметр	S	1
дивнобедрый	A	1
дивноглазый	A	1
диво	S	1
диковинный	A	1
дилъ	S	1
династия	S	1
диптакша	S	1
диск-оружие	S	1
диспутант	S	1
дисциплина	S	1
дифференциация	S	1
длань	S	1
длинномордый	A	1
длиннорукий	A	1
длиннохвостый	A	1
длинноязыкий	A	1
длительность	S	1
добавить	V	1
добавляться	V	1
добавочный	A	1
добраться	V	1
добровольно	ADV	1
доброд	S	1
добронравие	S	1
добронравный	A	1
добросердечие	S	1
добрый	S	1
добрыхъ	S	1
добываться	V	1
добытчица	S	1
доверительный	A	1
доверить	V	1
доводить	V	1
доволенъ	S	1
довольствоваться	V	1
довольствующий	A	1
дождить	V	1
дозволитель	S	1
дозволять	V	1
доильщик	S	1
дойти	V	1
доказательность	S	1
доказательный	A	1
дол	S	1
долгимъ	S	1
долгихъ	S	1
долгоживущий	A	1
долгожизненный	A	1
долгоокать	V	1
долгоокий	S	1
долготерпение	S	1
долженствование	S	1
долженъ	S	1
должност	S	1
должностной	A	1
должностяхъ	S	1
доливать	V	1
долой	ADV	1
долу	ADV	1
доминация	S	1
доносить	V	1
дополнять	V	1
допускать	V	1
дороговизна	S	1
дорожка	S	1
досада	S	1
досадить	V	1
досаждать	V	1
досконально	ADV	1
доставление	S	1
достигаемый	A	1
достигнулъ	S	1
достоверно	ADV	1
достоверный	A	1
достойна	S	1
доступность	S	1
досыта	ADV	1
доходчивый	A	1
доченька	S	1
дочерний	A	1
дочерь	S	1
дочерью-сокровище	S	1
дощечка	S	1
дра	S	1
драмид	S	1
древнеиндийский	A	1
дремать	V	1
дремота	S	1
дробиться	V	1
дрожание	S	1
дрот	S	1
друг-почитатель	S	1
другимъ	S	1
дружелюбие	S	1
дружина	S	1
дружно	ADV	1
дружный	A	1
дряхлеть	V	1
дуга	S	1
дукула	S	1
думаться	V	1
дуновение	S	1
дура	S	1
дурвибхаг	S	1
дурень	S	1
дурновоспитанный	A	1
дурнопахнуть	V	1
дуров	S	1
духовно	ADV	1
душея	S	1
душисто-пряный	A	1
дхавый	A	1
дханвантар	S	1
дханвантарый	A	1
дхармама	S	1
дхармамегха	S	1
дхигвана	S	1
дхигванный	A	1
дхьян	S	1
дщерь	S	1
дымка	S	1
дыра	S	1
дятел	S	1
дёргать	V	1
дёргаться	V	1
еващий	A	1
единагой	A	1
единичность	S	1
единовидный	A	1
единожды	ADV	1
единомысленный	A	1
единообразный	A	1
единственно	ADV	1
ежегодно	ADV	1
ежегодный	A	1
ежемесячно	ADV	1
ежемесячный	A	1
еженощно	ADV	1
ежесекундно	ADV	1
ежечасно	ADV	1
ездовой	A	1
жаба	S	1
жаждетъ	S	1
жалеть	V	1
жалить	V	1
жалобный	A	1
жаловать	V	1
жалостливый	A	1
жалостный	A	1
жанр	S	1
жасминовый	A	1
жать	V	1
жеагод	S	1
жевать	V	1
желаетъ	S	1
желательно	ADV	1
желаютъ	S	1
железа	S	1
желтизна	S	1
желтуха	S	1
жена-шудрянка	S	1
женить	V	1
женщин-айогавый	A	1
женщина-жемчужина	S	1
жерновой	A	1
жертвъ	S	1
жестковыйный	A	1
жестокосердие	S	1
жестокосердный	A	1
живописать	V	1
живописный	A	1
животворящий	A	1
животный	A	1
живущий	A	1
жизнедеятельность	S	1
жиреть	V	1
жирноликий	A	1
жирноспинной	A	1
жирноспинный	A	1
житейск	S	1
жительствовать	V	1
житие	S	1
жище	S	1
жмых	S	1
жребий	S	1
жрец-адхварь	S	1
жрец-адхварья	S	1
жрец-брахман	S	1
журчать	V	1
жутко	ADV	1
жёлчный	A	1
заалеть	V	1
забарабанить	V	1
забег	S	1
забеременеть	V	1
забираться	V	1
заблистать	V	1
заболеть	V	1
заботливость	S	1
заботливый	A	1
заботъ	S	1
заботящий	A	1
забрасывать	V	1
забросать	V	1
забрызгивать	V	1
забываетъ	S	1
забывчивость	S	1
забытьё	S	1
заведование	S	1
заверение	S	1
завернуть	V	1
завернуться	V	1
завершиться	V	1
завершённость	S	1
заверять	V	1
завидный	A	1
зависеться	V	1
завистливость	S	1
завладеть	V	1
завоевательница	S	1
заволноваться	V	1
заволочь	V	1
завязаться	V	1
завёртывание	S	1
завёртываться	V	1
загадка	S	1
загладить	V	1
загнить	V	1
заговаривать	V	1
заговариваться	V	1
загораться	V	1
загоститься	V	1
заготавливать	V	1
заграница	S	1
загребать	V	1
загрохотать	V	1
загрызть	V	1
загрязнение	S	1
загубить	V	1
задавание	S	1
задавить	V	1
задариватель	S	1
задевать	V	1
задержаться	V	1
задирать	V	1
задолжать	V	1
задувать	V	1
задуматься	V	1
задушевный	A	1
задёргаться	V	1
зажатость	S	1
зажигатель	S	1
зажмурить	V	1
зазвенеть	V	1
заигрывание	S	1
заигрывать	V	1
заика	S	1
заикаться	V	1
зайка	S	1
зайтись	V	1
зайчик	S	1
закабаление	S	1
заказчик	S	1
закатиться	V	1
закатный	A	1
заклание	S	1
заклеймить	V	1
заклинать	V	1
заковать	V	1
заколка	S	1
законность	S	1
закономъ	S	1
закопать	V	1
закреплять	V	1
закричать	V	1
закружиться	V	1
закутаться	V	1
заложить	V	1
зам	S	1
замазывать	V	1
заманить	V	1
замахиваться	V	1
замедление	S	1
замедлить	V	1
замена	S	1
заменяться	V	1
замертво	ADV	1
заместитель	S	1
заметно	ADV	1
замечание	S	1
замещение	S	1
замкнуть	V	1
замок	S	1
заморочить	V	1
замужество	S	1
замыкатель	S	1
замыкать	V	1
замычать	V	1
занавес	S	1
занавесить	V	1
занавеска	S	1
занести	V	1
заносчивость	S	1
заночевать	V	1
запасный	A	1
запасть	V	1
запахать	V	1
запахивать	V	1
запачкать	V	1
запевать	V	1
запеть	V	1
запирательство	S	1
запирать	V	1
заплатить	V	1
заплетаетъ	S	1
заплетать	V	1
заполнение	S	1
заполонить	V	1
запоминать	V	1
запорошить	V	1
запредельный	A	1
запрыгивать	V	1
запрягаться	V	1
запугивание	S	1
запустить	V	1
запутать	V	1
запылать	V	1
зара	S	1
зарасти	V	1
зареять	V	1
зарубить	V	1
заручиться	V	1
зарычать	V	1
засверкать	V	1
засвечивать	V	1
заседание	S	1
заселить	V	1
заслон	S	1
заслонять	V	1
заснуть	V	1
застигнуть	V	1
заступ	S	1
заступиться	V	1
заступник	S	1
застыдиться	V	1
застынуть	V	1
застыть	V	1
засуетиться	V	1
затаить	V	1
заталкивать	V	1
затвердеть	V	1
затвор	S	1
затемнить	V	1
затенить	V	1
затихать	V	1
заткнуть	V	1
затмить	V	1
затоплять	V	1
затосковать	V	1
затрата	S	1
затруднительный	A	1
затуплять	V	1
затухать	V	1
затушить	V	1
затыкание	S	1
затягивать	V	1
затянутый	A	1
затянуть	V	1
заупокойный	A	1
захотеться	V	1
зачерпывать	V	1
зачин	S	1
зашататься	V	1
зашибить	V	1
зашивать	V	1
защитница	S	1
заявление	S	1
заячий	A	1
звательный	A	1
звериный	A	1
зверски	ADV	1
зверёк	S	1
звонкоголосый	A	1
звукоподражательный	A	1
здание	S	1
земляной	A	1
земный	S	1
земныхъ	S	1
зенит	S	1
зиждиться	V	1
зимний	A	1
зимой	ADV	1
зиять	V	1
злак	S	1
злаковый	A	1
злато	S	1
златоблистать	V	1
златобородый	A	1
златобрадый	A	1
златовласый	A	1
златогубый	A	1
златокожа	S	1
златокожий	A	1
златокрылый	A	1
златокудрый	A	1
златообильный	A	1
златоокий	A	1
злить	V	1
злиться	V	1
злобно	ADV	1
злобность	S	1
злобствовать	V	1
зловоние	S	1
зловредность	S	1
зложелательство	S	1
зломысленный	A	1
злонравие	S	1
злопамятный	A	1
злоречивость	S	1
злость	S	1
злосчастие	S	1
злоупотребление	S	1
злоязычный	A	1
знакомец	S	1
знаменовать	V	1
знаменосный	A	1
значительно	ADV	1
значительный	A	1
знаютъ	S	1
знойно	ADV	1
знойный	A	1
зодиак	S	1
золотисто-жёлтый	A	1
золотить	V	1
золоторукий	A	1
зоркий	A	1
зрак	S	1
зрачок	S	1
зрелищный	A	1
зрелость	S	1
зримый	A	1
зрячий	A	1
зубастый	A	1
зуд	S	1
зычный	A	1
иглорылый	A	1
играютъ	S	1
играючи	ADV	1
игриво	ADV	1
игривость	S	1
игривый	A	1
избавитель	S	1
избегнуть	V	1
избежание	S	1
избивать	V	1
избороздить	V	1
избыть	V	1
изваять	V	1
изверг	S	1
извергаться	V	1
извести	V	1
известие	S	1
известить	V	1
извивать	V	1
извилина	S	1
изводить	V	1
извращение	S	1
изголодаться	V	1
изгонитель	S	1
изгородь	S	1
изготовитель	S	1
изжога	S	1
излагать	V	1
излагаться	V	1
излечить	V	1
излишек	S	1
излишество	S	1
излияние	S	1
излом	S	1
изломать	V	1
измена	S	1
изменяемость	S	1
измерение	S	1
измерительный	A	1
изморозь	S	1
измучить	V	1
измучиться	V	1
изначально	ADV	1
изнеженный	A	1
изнеможённый	A	1
изнывать	V	1
изобличить	V	1
изощрённый	A	1
изрекатель	S	1
изрубить	V	1
изрыгать	V	1
изрыть	V	1
изувечить	V	1
изумиться	V	1
изъявительный	A	1
изъявление	S	1
изъязвить	V	1
изысканный	A	1
изящно	ADV	1
изящный	A	1
именительный	A	1
имитация	S	1
имитировать	V	1
имманентный	A	1
императив	S	1
император	S	1
имперский	A	1
импульс	S	1
имянемъ	S	1
имярек	S	1
инвариантность	S	1
ингуд	S	1
индивид	S	1
индивидуально	ADV	1
индивидуальный	A	1
индийский	A	1
индифферентность	S	1
индрагопак	S	1
индранить	V	1
иней	S	1
инерциальный	A	1
интенсивность	S	1
интенсификация	S	1
интерес	S	1
интерпретировать	V	1
интуиция	S	1
инфинитив	S	1
инымъ	S	1
ипостась	S	1
ирномъ	S	1
искажённый	A	1
искажённый	V	1
искатель	S	1
исключительный	A	1
исковеркать	V	1
исколоть	V	1
искони	ADV	1
искоренение	S	1
искоренитель	S	1
искоренять	V	1
искорёжить	V	1
искриться	V	1
искупать	V	1
искупительный	A	1
искусать	V	1
искусность	S	1
искуш	S	1
искушать	V	1
испарять	V	1
испечься	V	1
исповедание	S	1
исподтишка	ADV	1
исполин	S	1
исполненный	A	1
исполнительница	S	1
испортиться	V	1
исправление	S	1
испуг	S	1
иссиня-чёрный	A	1
исследование	S	1
исследователь	S	1
исследуться	V	1
исступлённо	ADV	1
иссушаться	V	1
иссушение	S	1
иссушить	V	1
истаять	V	1
истлевать	V	1
истолкование	S	1
истолкователь	S	1
истолочь	V	1
истома	S	1
истончаться	V	1
исторгнуть	V	1
истощение	S	1
истощить	V	1
истратить	V	1
истребительный	A	1
истый	A	1
истязать	V	1
исходный	A	1
исхудавъ	S	1
исхудание	S	1
исцелять	V	1
исчадие	S	1
исчерпать	V	1
исчерпывать	V	1
исчерпываться	V	1
исчислять	V	1
исчисляться	V	1
ишан	S	1
ишвара-пранидхана	S	1
ишти	S	1
иштикрит	S	1
ищетъ	S	1
йога-нидра	S	1
йогинея	S	1
йогиня	S	1
йшея	S	1
кабандхи	S	1
кабаний	A	1
кабра	S	1
кавасить	V	1
каваш	S	1
кадамбой	S	1
кадать	V	1
казнить	V	1
как-то	ADV	1
какамбира	S	1
каки	S	1
какубх	S	1
какубха	S	1
какудикий	A	1
калаканджа	S	1
калаканджей	S	1
калакут	S	1
калакханджа	S	1
калам	S	1
калека	S	1
калечение	S	1
калийяк	S	1
калика	S	1
калингак	S	1
калька	S	1
кальпадрум	S	1
кальпалата	S	1
кальпасутра	S	1
кальпах	S	1
камадугха	S	1
камбала	S	1
камбодж	S	1
каменистый	A	1
камешек	S	1
канакнака	S	1
канап	S	1
канда	S	1
канджа	S	1
канкан	S	1
канкуш	S	1
кануть	V	1
канчук	S	1
капелька	S	1
капила	S	1
капиттх	S	1
капиттхи	S	1
капкан	S	1
капюшон	S	1
кара	S	1
карабканье	S	1
караванщик	S	1
каравира	S	1
карандаш	S	1
караскара	S	1
караулить	V	1
карвар	S	1
кардамон	S	1
карир	S	1
каркотак	S	1
карлица	S	1
карма-йога	S	1
кармический	A	1
карнаправаран	S	1
карум	S	1
карушить	V	1
карша	S	1
каршапаный	A	1
касарнить	V	1
касера	S	1
катить	V	1
каузатив	S	1
каузативный	A	1
качествъ	S	1
качка	S	1
кашица	S	1
кашмарь	S	1
кашмарьё	S	1
кашмир	S	1
кашмирец	S	1
кашок	S	1
каяться	V	1
квакать	V	1
кевалин	S	1
кекай	S	1
кекайя	S	1
кем-л	S	1
кетак	ADV	1
кешара	S	1
кеюр	S	1
кивок	S	1
кимидиновый	A	1
кинджи	S	1
кинжал	S	1
киннарь	S	1
киноварь	S	1
киншука	S	1
кипение	S	1
китава	S	1
кишечник	S	1
кладезь	S	1
классический	A	1
клеветник	S	1
клещ	S	1
клинковый	A	1
клинок	S	1
клубень	S	1
клубок	S	1
ключица	S	1
клясться	V	1
книжный	A	1
ковидра	S	1
коврик	S	1
когнитивный	A	1
когтеобразный	A	1
когтистый	A	1
кое-как	ADV	1
кожий	A	1
коза-овца	S	1
козлорогий	A	1
кока	S	1
коканадов	A	1
кокетство	S	1
колеблема	S	1
коленный	A	1
колесница-бык	S	1
колокольцо	S	1
колчерука	S	1
колыхание	S	1
колышащийся	A	1
колышиться	V	1
колючкорылый	A	1
ком	S	1
комар	S	1
комбинированный	A	1
комментарий	S	1
комочек	S	1
кон	S	1
конвенция	S	1
конгломерат	S	1
конецъ	S	1
конник	S	1
конница	S	1
констатация	S	1
констатировать	V	1
конституировать	V	1
конструкция	S	1
контактировать	V	1
контролироваться	V	1
контропровержение	S	1
контртезис	S	1
конфигурация	S	1
конц	S	1
концепция	S	1
кончать	V	1
конь-сокровище	S	1
конюх	S	1
копия	S	1
копулятивный	A	1
копчик	S	1
копытный	A	1
копьё-молния	S	1
корадушак	S	1
корзина-веялка	S	1
корзинка	S	1
корзинщик	S	1
коричнево-красный	A	1
кормление	S	1
кормчий	S	1
корова-зоря	S	1
король	S	1
короновать	V	1
короткорукий	A	1
косалов	S	1
косалый	A	1
косичка	S	1
косметический	A	1
косноязычный	A	1
костехранилище	S	1
костистый	A	1
косяк	S	1
котора	S	1
которымъ	S	1
которыхъ	S	1
котёнок	S	1
кофта	S	1
кошалый	A	1
кошениль	S	1
кояшти	S	1
крадучись	ADV	1
крайне	ADV	1
кракакать	V	1
кракач	S	1
красивобедрый	A	1
красивоголовый	A	1
красивооперенный	A	1
красно-жёлтый	A	1
красно-коричневый	A	1
красновато-белый	A	1
красновато-коричневый	A	1
красногривый	A	1
красногубый	S	1
красноликий	A	1
красноречивость	S	1
краснороть	V	1
красношеий	A	1
красотка	S	1
красящий	A	1
краунч	S	1
крепкорукий	A	1
крепнуть	V	1
кривизна	S	1
кривоносый	A	1
крикун	S	1
крикъ	S	1
кринка	S	1
крисар	S	1
кристаллизовать	V	1
кришнадр	S	1
крия	S	1
крия-йога	S	1
кроваво-красный	A	1
кровля	S	1
кровоточить	V	1
кромка	S	1
кромсать	V	1
кропило	S	1
крот	S	1
кротость	S	1
крохотный	A	1
крошах	S	1
крошечный	A	1
крошиться	V	1
крошка	S	1
кругоходить	V	1
крупица	S	1
круча	S	1
крысёнок	S	1
крышка	S	1
крючьмить	V	1
кувшинка	S	1
кудав	S	1
кудесник	S	1
кудить	V	1
куккура	S	1
кукование	S	1
кукундх	S	1
кукура	S	1
кукушечий	A	1
кукшило	S	1
кулата	S	1
кумбхадася	S	1
кумбхаки	A	1
кумбхик	S	1
кунда	S	1
кундаман	S	1
кундапайя	S	1
кункума	S	1
кунт	S	1
кунтал	S	1
купальня	S	1
купальщик	S	1
купать	V	1
купля-продажа	S	1
курабак	S	1
курав	S	1
курарь	S	1
курур	S	1
курчать	V	1
кусаться	V	1
кут	S	1
кутадж	S	1
кутаджи	S	1
куташалмать	V	1
кучер	S	1
кучка	S	1
куштхи	S	1
кушумбхак	S	1
кханвакх	S	1
кхандаваять	V	1
кхарджур	S	1
кхари	S	1
кхас	S	1
кхахать	V	1
кхе-чарь	S	1
кшара	S	1
кшатрийка	S	1
кширик	S	1
кширика	S	1
кширин	S	1
кшудрака	S	1
лава	S	1
лаванг	S	1
лавина	S	1
лавочник	S	1
ладить	V	1
ладиться	V	1
лазейка	S	1
лазутчик	S	1
лакать	V	1
лакомство	S	1
лакуча	S	1
лакша	S	1
лалиттх	S	1
лалиттхи	S	1
ламбар	S	1
ламъ	S	1
ланита	S	1
лапка	S	1
ласкаться	V	1
ласковость	S	1
латунь	S	1
лаять	V	1
лгун	S	1
лебеда	S	1
легенда	S	1
легендарный	A	1
легкокрылый	A	1
легконаходить	V	1
легкоходный	A	1
леденец	S	1
лениться	V	1
леность	S	1
леска	S	1
лесник	S	1
леснымъ	S	1
лесок	S	1
лесоруб	S	1
лестный	A	1
лесть	S	1
лечь	V	1
лжесвидетель	S	1
лианобровый	A	1
лианоподобный	A	1
лизнуть	V	1
лик-луна	S	1
лилей	S	1
лимон	S	1
лимонный	A	1
линг	S	1
лингам	S	1
лиственный	A	1
листок	S	1
лихо	ADV	1
лицемерно	ADV	1
лицо-лотос	S	1
личность	S	1
лишек	S	1
ловец	S	1
ловкач	S	1
ловля	S	1
ловчий	A	1
логический	A	1
логовище	S	1
лодоносный	A	1
лодх	S	1
лодчникнуть	V	1
ложе	S	1
ложнымъ	S	1
ломиться	V	1
ломкий	A	1
лопаточка	S	1
лоскут	S	1
лот	S	1
лотос-глаз	S	1
лотос-лицо	S	1
лох	S	1
лохитамукх	S	1
лужайка	S	1
лукавоокий	A	1
лукавство	S	1
лукавый	A	1
луковица	S	1
луковичный	A	1
луноликий	A	1
лучистый	A	1
лучщий	A	1
львиноподобный	A	1
львица	S	1
любезничать	V	1
любезный	A	1
любимица	S	1
любительница	S	1
любование	S	1
любознательность	S	1
любопытный	A	1
любострастие	S	1
любострастный	A	1
любя	ADV	1
людишки	S	1
лёт	S	1
маг	S	1
магазин	S	1
магха	S	1
мадать	V	1
мадрак	S	1
мадрака	S	1
мадугха	S	1
мадхавика	S	1
мадхви	S	1
мадху	S	1
мадхувридха	S	1
мадхук	S	1
мадхьямик	S	1
мадхьямика	S	1
мазание	S	1
майна	S	1
макака	S	1
маканда	S	1
макаров	S	1
малава	S	1
малавовый	A	1
малад	S	1
малатить	V	1
малимлуч	S	1
малл	S	1
малли	S	1
маллик	S	1
малодушие	S	1
малодушный	A	1
маломудрый	A	1
малоценный	A	1
малочисленный	A	1
малыш	S	1
малышка	S	1
малюсенький	A	1
мама	S	1
манас	S	1
манвантар	S	1
манвантарый	A	1
мангал	S	1
мангуст	S	1
мандат	S	1
манджир	S	1
манипадма	S	1
манипуляция	S	1
манить	V	1
манифестация	S	1
мантра-йог	S	1
марга-ширша	S	1
маргавый	A	1
маргаширша	S	1
маричип	S	1
маркатить	V	1
марутов	A	1
маслянистый	A	1
масляный	A	1
массажистка	S	1
массивный	A	1
массировать	V	1
мастеровой	A	1
мастерская	S	1
мастерство	S	1
материк	S	1
материя	S	1
матерный	A	1
матерой	A	1
матк	S	1
матка	S	1
матмат	S	1
матронимический	A	1
матсий	A	1
маттамаюрак	S	1
матхра	S	1
мах-бандх	S	1
махавидех	S	1
махать	V	1
махендра	S	1
махишак	S	1
мачеха	S	1
машака	S	1
машина	S	1
медведица	S	1
медицина	S	1
медлительность	S	1
медноцветной	A	1
медоволицый	A	1
медоносный	A	1
междоусобица	S	1
мелак	S	1
мелодично	ADV	1
мелочный	A	1
мелькать	V	1
мельница	S	1
менталитет	S	1
ментальность	S	1
меньшинство	S	1
мерзкий	A	1
мерило	S	1
мерить	V	1
мертвец	S	1
мертвечина	S	1
место-секрет	S	1
местоположение	S	1
металлический	A	1
метафорический	A	1
метнуться	V	1
метёлка	S	1
механика	S	1
меченосец	S	1
мешаться	V	1
мешашринг	S	1
мешкать	V	1
мигание	S	1
мило	ADV	1
мило-улыбаться	V	1
миловидность	S	1
милосердый	A	1
миля	S	1
мимансик	S	1
мимолётный	A	1
минерал	S	1
мирный	A	1
миробалан	S	1
миродержец	S	1
мироздание	S	1
миролюбивый	A	1
мифический	A	1
мифология	S	1
младенчество	S	1
младшинство	S	1
млеччха	S	1
млеччхамить	V	1
многа	S	1
многажды	ADV	1
многоветвистый	A	1
многоводный	A	1
многовосхвалить	V	1
многогрешный	A	1
многодетный	A	1
многодоблестный	A	1
многозначащий	A	1
многозначительно	ADV	1
многократный	A	1
многолетний	A	1
многоликий	A	1
многолюбимый	A	1
многолюдный	A	1
многолюдство	S	1
многонаправленность	S	1
многообещать	V	1
многообещающий	A	1
многообильный	A	1
многообразие	S	1
многопризвать	V	1
многоразличный	A	1
многоречивый	A	1
многорожать	V	1
многосвершать	V	1
многословие	S	1
многострадальный	A	1
многоуважаемый	A	1
многоумный	A	1
многохитрый	A	1
многоценить	V	1
многоценный	A	1
многочастно-разделить	V	1
многочисленность	S	1
многочудесный	A	1
многоэтажный	A	1
множественность	S	1
множественный	A	1
множить	V	1
мобильно	ADV	1
могильный	A	1
мода	S	1
модифицированность	S	1
модифицированный	A	1
моемъ	S	1
мозоль	S	1
моимъ	S	1
мокрота	S	1
мокша	S	1
молва	S	1
молитвенник	S	1
молитвенно	ADV	1
молитвенный	A	1
молоденький	A	1
молозиво	S	1
молоть	V	1
молчаливо	ADV	1
молчаливый	A	1
моль	S	1
монотонный	A	1
мораль	S	1
морить	V	1
мороз	S	1
морозный	A	1
морок	S	1
морщить	V	1
москит	S	1
мошка	S	1
мошкара	S	1
мошонка-горшок	S	1
мощнолукия	S	1
мощнорастить	V	1
мощнородить	V	1
мощношуметь	V	1
мститель	S	1
муджават	S	1
мудрец-бог	S	1
мудрец-дваждырожденный	S	1
мудрост	S	1
муж-властелин	S	1
мужественно	ADV	1
мужественность	S	1
мужеубийца	S	1
мужичок	S	1
музыкант	S	1
мукть	S	1
мулали	S	1
мунг	S	1
мунджа	S	1
мунджи	S	1
мунить	V	1
муравьиный	A	1
мурашка	S	1
мускул	S	1
мучатъ	S	1
мушкара	S	1
мыслимый	A	1
мытьё	S	1
мышца	S	1
мякина	S	1
мясной	A	1
мятеж	S	1
мятежность	S	1
набежать	V	1
набирать	V	1
набираться	V	1
наблюдение	S	1
набожност	S	1
набор	S	1
набрать	V	1
набросить	V	1
набухлый	A	1
наваждение	S	1
навака	S	1
навевать	V	1
наверстать	V	1
навершие	S	1
навестить	V	1
навечно	ADV	1
навещать	V	1
нависнуть	V	1
навлечь	V	1
наводнить	V	1
навострить	V	1
навязывать	V	1
нагибаться	V	1
наговаривать	V	1
наголо	ADV	1
нагота	S	1
нагревать	V	1
нагреваться	V	1
нагромоздить	V	1
нагрянуть	V	1
нагхариш	S	1
над	S	1
наданиман	S	1
надвинуться	V	1
надевать	V	1
надеждъ	S	1
наделение	S	1
наделяться	V	1
надик	S	1
надикий	A	1
надменность	S	1
надобность	S	1
надоить	V	1
надпись	S	1
надрезать	V	1
надсмотрщик	S	1
надуваться	V	1
наездник	S	1
наесться	V	1
наживка	S	1
назначение	S	1
назначеннымъ	S	1
наидоблестный	A	1
наизнанку	ADV	1
наизусть	ADV	1
наилёгкий	A	1
наименее	ADV	1
наимудрый	A	1
наитайный	A	1
наичудесный	A	1
найтись	V	1
наказ	S	1
накапливать	V	1
накапливаться	V	1
накинуть	V	1
накинуться	V	1
накипь	S	1
накладка	S	1
накопительство	S	1
накоплять	V	1
накопляться	V	1
накрасить	V	1
накрыться	V	1
нактамалак	S	1
налагать	V	1
наливаться	V	1
наливка	S	1
налик	S	1
налитой	A	1
наличествовать	V	1
намазывать	V	1
намас	S	1
намекать	V	1
намеренно	ADV	1
намерить	V	1
нанду	S	1
нандьяварт	S	1
наноситься	V	1
наотмашь	ADV	1
напакостить	V	1
напев	S	1
наперегонки	ADV	1
наперёд	ADV	1
напитать	V	1
напиться	V	1
наповал	ADV	1
напой	S	1
наполнитель	S	1
наполняться	V	1
напористый	A	1
напрягаться	V	1
напрячь	V	1
напугать-напугать	V	1
нарамедху	S	1
нарача	S	1
нарашанси	S	1
нард	S	1
наречение	S	1
нарост	S	1
нартан	S	1
наружный	A	1
наручный	A	1
нарушитель	S	1
нарыв	S	1
насадилъ	S	1
насильник	S	1
насильственный	A	1
наслышан	A	1
насмерть	ADV	1
насмешник	S	1
насмеяться	V	1
наставать	V	1
настаивать	V	1
настик	S	1
настойчивость	S	1
насторожиться	V	1
насторона	S	1
настраиваться	V	1
наступаютъ	S	1
насчитываться	V	1
наталкивать	V	1
натирать	V	1
наточить	V	1
натрое	ADV	1
натуга	S	1
нать	S	1
натягивание	S	1
натяжение	S	1
научать	V	1
научный	A	1
нахлёстывать	V	1
нахмуренный	S	1
нахождение	S	1
нацарапать	V	1
нацелить	V	1
началахъ	S	1
начальник	S	1
начинаться	V	1
начищаться	V	1
нашёптывать	V	1
наёмник	S	1
наёмный	A	1
не-артх	S	1
не-брахман	S	1
не-деятель	S	1
не-дхарма	S	1
не-дыхание	S	1
не-истина	S	1
не-колдун	S	1
не-место	S	1
не-модификация	S	1
не-познание	S	1
не-причина	S	1
не-свет	S	1
не-скупец	S	1
не-царь	S	1
неадекватный	A	1
неалчный	A	1
небесстрастный	A	1
неблаговоспитанный	A	1
неблагодетельный	A	1
неблагопристойный	A	1
неблагоразумный	A	1
неблизкий	A	1
небрежность	S	1
небрежный	A	1
невербальный	A	1
невестин	A	1
невечный	A	1
невзначай	ADV	1
невидимомъ	S	1
невидимость	S	1
невиновность	S	1
невменяемый	A	1
невнимательный	A	1
невнятный	A	1
невоздержанность	S	1
невозмутимо	ADV	1
невоплощённый	A	1
невоспитанный	A	1
невыжатый	A	1
невысказанный	A	1
невыход	S	1
нега	S	1
негодник	S	1
негодовать	V	1
негостеприимный	A	1
недалеко	ADV	1
недальновидный	A	1
недваждырожденный	A	1
недвижный	A	1
недействительный	A	1
недействующий	A	1
неделимость	S	1
недеяние	S	1
недифференцированный	A	1
недоброжелательность	S	1
недоваренный	A	1
недоверие	S	1
недоверчивый	A	1
недовольно	ADV	1
недоделать	V	1
недойный	A	1
недоказуемый	A	1
недомогание	S	1
недопустимо	ADV	1
недопустимый	A	1
недопущение	S	1
недостаточно	ADV	1
недостижный	A	1
недостойно	ADV	1
недостойнымъ	S	1
недосугомъ	S	1
недрагоценный	A	1
недремлющий	A	1
нежелательный	A	1
нежелающий	A	1
нежность	S	1
незавидный	A	1
независимъ	S	1
независимый	A	1
незагрязнённый	A	1
незажжённый	A	1
незаконно	ADV	1
незаконный	A	1
незаметный	A	1
незамутнённый	A	1
незапылённый	A	1
незлобивый	A	1
незлобливый	A	1
незнакомый	A	1
незрелость	S	1
незрелый	A	1
незримый	A	1
неизбежность	S	1
неизменяемый	A	1
неизмеренный	A	1
неизреченномъ	S	1
неимоверно	ADV	1
неисполнимый	A	1
неиспользование	S	1
неисследованный	A	1
неить	V	1
нейтральный	A	1
некомпетентность	S	1
некорректность	S	1
некрепкий	A	1
нелепый	A	1
нелюбовь	S	1
немаленький	A	1
немилость	S	1
немолодой	A	1
немолочный	A	1
немочься	V	1
немужественный	A	1
немъ	S	1
немыслящий	A	1
неназванный	A	1
ненаказуемый	A	1
ненасытить	V	1
ненасытно	ADV	1
ненасытность	S	1
ненатянутый	A	1
ненужный	A	1
необдуманный	A	1
необидный	A	1
необозначенный	A	1
необозримый	A	1
необразованность	S	1
необученный	A	1
необъятно-великий	A	1
необычайно	ADV	1
необычно	ADV	1
необязательно	ADV	1
неограниченность	S	1
неодинаковый	A	1
неодновременный	A	1
неоднозначность	S	1
неоднократно	ADV	1
неожиданный	A	1
неопалимый	A	1
неоплодотворённый	A	1
неопознанный	A	1
неопределённость	S	1
неопределённый	A	1
неопровергнутый	A	1
неопровержимый	A	1
неопытный	A	1
неосвещённый	A	1
неосмотрительность	S	1
неосмотрительный	A	1
неоспоримый	A	1
неотделимый	A	1
неотличность	S	1
неотложный	A	1
неотлучно	ADV	1
неотравленный	A	1
неотступно	ADV	1
неотступный	A	1
неоттеснить	V	1
неотъемлемый	A	1
непереваренный	A	1
неперевёрнутый	A	1
непереносимый	A	1
непобеждённый	A	1
неповторимый	A	1
непогода	S	1
непогрешимый	A	1
неподлежащий	A	1
неподражаемый	A	1
непознаваемый	A	1
непознанный	A	1
непокорный	A	1
непокорённый	A	1
неполно	ADV	1
неполнота	S	1
неполноценный	A	1
неполный	A	1
непонятливый	A	1
непорочный	A	1
непоседливость	S	1
непоследовательность	S	1
непослушание	S	1
непослушный	A	1
непостижимость	S	1
непостижимъ	S	1
непочитаемый	A	1
непр	S	1
неправдивый	A	1
неправильно	ADV	1
неправомочный	A	1
неправый	A	1
непревзносить	V	1
непредосудительный	A	1
непреклонно	ADV	1
непрекращающийся	A	1
непреодолимость	S	1
непреходящесть	S	1
непригодность	S	1
неприготовленный	A	1
неприкрашенный	A	1
неприкреплённый	A	1
неприложимый	A	1
неприметный	A	1
непримиримый	A	1
неприобретённый	A	1
непритязательность	S	1
непричинение	S	1
неприятие	S	1
неприятно	ADV	1
непробудный	A	1
непробуждённый	A	1
непроглядный	A	1
непроизводимость	S	1
непроизвольный	S	1
непроизносимый	A	1
непромокаемый	A	1
непроницаемость	S	1
непроторенный	A	1
непрочно	ADV	1
непуганый	A	1
непыльный	A	1
неравенство	S	1
неравнодушный	A	1
нераздельность	S	1
неразделённость	S	1
нераздражённый	A	1
неразличимость	S	1
неразличимый	A	1
нервный	A	1
нерефлексивный	A	1
нерефлективный	A	1
нерешительно	ADV	1
неродовитый	A	1
нерушимость	S	1
несамостоятельный	A	1
несвежий	A	1
несдержанный	A	1
несебялюбивый	A	1
несение	S	1
несказанно	ADV	1
несказанный	A	1
нескладный	A	1
нескоро	ADV	1
нескромный	A	1
нескрываемый	A	1
несломленный	A	1
неслыханный	A	1
неслышимый	A	1
несмелый	A	1
несметно	ADV	1
несожжённый	A	1
несознательный	A	1
несозревший	A	1
несолёный	A	1
несомненный	A	1
несообразный	A	1
несоответствующий	A	1
несопротивляющийся	A	1
несопряжённый	A	1
несосчитанный	A	1
несотворённый	A	1
неспособный	A	1
несравнимый	A	1
нестяжание	S	1
несущественный	A	1
несходный	A	1
несхожий	A	1
несчётный	A	1
несъедобный	A	1
нетвёрдый	A	1
нети	S	1
нетронутость	S	1
нетрудный	A	1
неуважительно	ADV	1
неувядаемый	A	1
неударяемый	A	1
неудачливый	A	1
неудачник	S	1
неудержимо	ADV	1
неудивительный	A	1
неудобный	A	1
неудовлетворённый	A	1
неузнаваемый	A	1
неуклонно	ADV	1
неуклюжий	A	1
неукоснительный	A	1
неукрашенный	A	1
неукротимый	A	1
неумелый	A	1
неумертвить	V	1
неуместный	A	1
неумиротворённый	A	1
неуничтожимость	S	1
неуничтожить	V	1
неурожай	S	1
неурочный	A	1
неуслышанный	A	1
неустранённый	A	1
неустрашимый	A	1
неусыпно	ADV	1
неусыпность	S	1
неусыпный	A	1
неутомимость	S	1
нехватка	S	1
нехотя	ADV	1
нечаянно	ADV	1
нечестивыхъ	S	1
нечесть	V	1
нечет	S	1
нечисто	ADV	1
нечистоты	S	1
нечувствительность	S	1
нечётный	A	1
нештар	S	1
неядовитый	A	1
нива	S	1
ниватакавач	S	1
нидидхьясан	S	1
нидхан	S	1
нижестоящий	A	1
низвергнуться	V	1
низойти	V	1
никхаров	S	1
никчёмный	A	1
нилаюдха	S	1
ниоткуда	ADV	1
нипур	S	1
нирало	S	1
нирвитарка	S	1
нирвичара	S	1
нисходящий	A	1
нить	V	1
нить-качество	S	1
нихсар	S	1
ничуть	V	1
нишад	S	1
нишады	S	1
нищенство	S	1
новизна	S	1
новобрачный	A	1
новопришедший	A	1
ножка	S	1
номинация	S	1
носец	S	1
носилки	S	1
носиться	V	1
носорог	S	1
ношение	S	1
нутро	S	1
нынешний	A	1
нырок	S	1
ньягродх	S	1
ньяй	S	1
ньять	V	1
нянька	S	1
нять	V	1
няясти	V	1
о-вый	A	1
обвал	S	1
обвеивать	V	1
обветшалый	A	1
обвивание	S	1
обвиваться	V	1
обвинить	V	1
обвинять	V	1
обвить	V	1
обглодать	V	1
обгрызть	V	1
обдуманно	ADV	1
обдумывание	S	1
обездвиженный	V	1
обезобразить	V	1
обезоруживать	V	1
обезьянознаменный	A	1
оберегаться	V	1
оберечь	V	1
обернуть	V	1
обеспокоенно	ADV	1
обжарить	V	1
обжечь	V	1
обжиг	S	1
обиход	S	1
обкрадывать	V	1
обладаемый	A	1
обладаетъ	S	1
облак	S	1
облаковъ	S	1
обламывать	V	1
облачение	S	1
облегчаться	V	1
облегчить	V	1
облекаться	V	1
облепить	V	1
облетать	V	1
облететь	V	1
облечение	S	1
облечь	V	1
облечься	V	1
облечённый	A	1
обливать	V	1
обливаться	V	1
облизывание	S	1
обликъ	S	1
обличать	V	1
обломок	S	1
облюбовать	V	1
обмазать	V	1
обмазывание	S	1
обманщица	S	1
обмахивать	V	1
обмахиваться	V	1
обмен	S	1
обменивать	V	1
обмениваться	V	1
обменять	V	1
обмолотить	V	1
обморочный	A	1
обмотать	V	1
обмывать	V	1
обнародовать	V	1
обновляться	V	1
обнюхать	V	1
обнюхивание	S	1
обнюхивать	V	1
обняться	V	1
обогащаться	V	1
обогнать	V	1
ободриться	V	1
ободряться	V	1
обозначаться	V	1
обольщать	V	1
обонянин	S	1
оборваться	V	1
оборона	S	1
оборонять	V	1
обороняться	V	1
оборот	S	1
обоснованный	V	1
обосноваться	V	1
обострённый	A	1
образец	S	1
образование	S	1
образоваться	V	1
образовъ	S	1
обрамить	V	1
обрбыть	V	1
обрезание	S	1
обрезать	V	1
обременить	V	1
обретаться	V	1
обривание	S	1
обрубить	V	1
обруч	S	1
обрыв	S	1
обрывать	V	1
обрызгать	V	1
обслуживание	S	1
обслуживать	V	1
обступить	V	1
обсуждать	V	1
обсуждение	S	1
обтирать	V	1
обточить	V	1
обтянутый	A	1
обтянуть	V	1
обувь	S	1
обуза	S	1
обуздалъ	S	1
обусловливать	V	1
обхаживание	S	1
обхват	S	1
обходительность	S	1
обчихать	V	1
объединяться	V	1
объедок	S	1
объективный	A	1
объемгод	S	1
обыкновенно	ADV	1
обыкновенный	A	1
обьятие	S	1
обязательный	A	1
овлад	S	1
овладевать	V	1
овощ	S	1
овчар	S	1
оглавление	S	1
оглашаться	V	1
оглохнуть	V	1
оглядеться	V	1
оглядка	S	1
огнеблистать	V	1
огневик	S	1
огнецветный	A	1
оговорить	V	1
огонёк	S	1
огорчаться	V	1
огорчение	S	1
ограждение	S	1
ограниченный	V	1
ограничить	V	1
ода	S	1
одаривать	V	1
одевание	S	1
одержимость	S	1
одеть	V	1
одеться	V	1
один-единственный	A	1
одинаковость	S	1
одинаковъ	S	1
одиноко	ADV	1
одно-единственный	A	1
одновременность	S	1
одновременный	A	1
одной-единственный	A	1
однокольный	A	1
одномужний	A	1
однонаправленность	S	1
однонога	S	1
одноногай	S	1
однослоговыя	S	1
одноцветный	A	1
одобрительный	A	1
одолить	V	1
одушевление	S	1
ожесточённый	A	1
оживать	V	1
озаботить	V	1
озадачить	V	1
озариться	V	1
озираться	V	1
ок	S	1
окаймить	V	1
оканчивать	V	1
окинуть	V	1
оклеветать	V	1
оклик	S	1
окова-петля	S	1
околдовать	V	1
околосердечный	A	1
оконечность	S	1
окончательно	ADV	1
окончиться	V	1
окраситься	V	1
окрашивать	V	1
окрашиваться	V	1
окрепнуть	V	1
округлять	V	1
окружность	S	1
окунаться	V	1
окунуться	V	1
окутаться	V	1
окутывать	V	1
олеандр	S	1
оленеокать	V	1
олениха	S	1
олицетворение	S	1
омертвить	V	1
омрачаютъ	S	1
омрачение	S	1
омрачить	V	1
омут	S	1
онеметь	V	1
оный	A	1
оныхъ	S	1
опалить	V	1
опасно-ядовитый	A	1
опережать	V	1
опериться	V	1
описалъ	S	1
описательный	A	1
оплести	V	1
оплодотворение	S	1
оплодотворять	V	1
оплодотворяться	V	1
оповестить	V	1
оповещать	V	1
опоздание	S	1
ополаскивание	S	1
ополоска	S	1
ополоснуть	V	1
оправдать	V	1
оправдывать	V	1
оправиться	V	1
опровергнуть	V	1
опрометчивый	A	1
опрыскать	V	1
опрыскивание	S	1
опухать	V	1
опухнуть	V	1
опытность	S	1
опьянелый	A	1
орбита	S	1
организм	S	1
ореховый	A	1
орлица	S	1
оросить	V	1
оружейный	A	1
осаждать	V	1
осаждаться	V	1
осведомить	V	1
освежаться	V	1
освежение	S	1
освежить	V	1
осветитель	S	1
осветиться	V	1
освещаться	V	1
освобожденъ	S	1
освящать	V	1
освящаться	V	1
освящение	S	1
оседлать	V	1
осенять	V	1
осиротеть	V	1
осиять	V	1
оскабливание	S	1
оскаливать	V	1
оскалить	V	1
оскверняться	V	1
оскопить	V	1
оскорбительно	ADV	1
оскорбительный	A	1
оскудевать	V	1
ослабить	V	1
ослабленность	S	1
ослабнуть	V	1
ослепительный	A	1
ослепнуть	V	1
ослушник	S	1
осматривание	S	1
основательно	ADV	1
основное	S	1
основной	A	1
особа	S	1
особо	ADV	1
осознавать	V	1
осознанный	V	1
осознать	V	1
осрамить	V	1
оставление	S	1
останки	S	1
осторожно	ADV	1
островерхий	A	1
остроконечный	A	1
острота	S	1
остыть	V	1
осуществимый	A	1
осуществиться	V	1
осуществляться	V	1
осчастливить	V	1
осыпаться	V	1
отбив	S	1
отбиваться	V	1
отбирание	S	1
отбрасывание	S	1
отведать	V	1
отведение	S	1
отведывать	V	1
ответчик	S	1
отвлекать	V	1
отворяться	V	1
отвратный	A	1
отвыкнувъ	S	1
отдалиться	V	1
отдалённость	S	1
отдаться	V	1
отделить	V	1
отделиться	V	1
отделяться	V	1
отделённый	V	1
отдохновение	S	1
отереть	V	1
откалываться	V	1
отклонение	S	1
отклонять	V	1
отколоть	V	1
откопать	V	1
откровенно	ADV	1
открыться	V	1
откуда-либо	ADV	1
откуда-то	ADV	1
откупиться	V	1
отлагательство	S	1
отлечь	V	1
отличимый	A	1
отличность	S	1
отложительный	A	1
отломать	V	1
отлучать	V	1
отлучаться	V	1
отлучение	S	1
отменить	V	1
отменный	A	1
отмерять	V	1
отмечаться	V	1
отмстить	V	1
отмываться	V	1
отниматься	V	1
относительный	A	1
отнощение	S	1
отодвинуться	V	1
отождествляться	V	1
отправлять	V	1
отпугивать	V	1
отработать	V	1
отравлять	V	1
отражаться	V	1
отразиться	V	1
отрасль	S	1
отрезание	S	1
отрезок	S	1
отреченный	A	1
отрешать	V	1
отрог	S	1
отрубать	V	1
отруби	S	1
отрясать	V	1
отрясти	V	1
отряхнуться	V	1
отсвечивать	V	1
отсохнуть	V	1
отстаивать	V	1
отступничество	S	1
отсылать	V	1
оттаскивать	V	1
оттеснить	V	1
отторжение	S	1
оттягивать	V	1
отчаиваться	V	1
отчаянный	A	1
отчаяться	V	1
отшлёпать	V	1
отъединить	V	1
отъезд	S	1
отъезжать	V	1
отъехать	V	1
отымённый	A	1
отыскиватель	S	1
отыскивать	V	1
отёл	S	1
оформленность	S	1
охапка	S	1
охватываться	V	1
охотник-чандал	S	1
охотно-принимать	V	1
охотный	A	1
охранение	S	1
охранительный	A	1
охряный	A	1
очаровывать	V	1
ошеломить	V	1
ошеломлять	V	1
ошибочно	ADV	1
ошибочный	A	1
ощетиниться	V	1
ощипывать	V	1
ощутимый	A	1
ощущаетъ	S	1
павамана	S	1
павильон	S	1
пагубно	ADV	1
падаль	S	1
падмак	S	1
паки	ADV	1
пал	S	1
паланка	S	1
палач	S	1
паломник	S	1
пальмообразный	A	1
памятный	A	1
памятование	S	1
пан	S	1
панава	S	1
панд	S	1
пандава	S	1
пани	S	1
пантера	S	1
панцырь	S	1
панча-суна	S	1
панчакарпат	S	1
панчалый	A	1
паралич	S	1
парамарш	S	1
парамахамс	S	1
паратангана	S	1
парашавый	A	1
парвата	S	1
парджание	S	1
паривадиня	S	1
париветтар	S	1
паривитти	S	1
паривритти	S	1
париджат	S	1
париджатый	A	1
парность	S	1
паров	S	1
паром	S	1
партия	S	1
партхи	S	1
парушака	S	1
парушить	V	1
парша	S	1
паръ	S	1
пасмурный	A	1
пассивный	A	1
пастушеский	A	1
пастушка	S	1
пастушокъ	S	1
паталый	A	1
патаччар	S	1
патаччара	S	1
паутина	S	1
пахи	S	1
пахлавовый	A	1
пахота	S	1
пахта	S	1
пашуп	S	1
паяс	S	1
певица	S	1
пелена	S	1
пеленать	V	1
первоначало	S	1
первостепенный	A	1
перебежать	V	1
перебираться	V	1
перебить	V	1
перебрасывать	V	1
перевал	S	1
переваривать	V	1
перевариться	V	1
перевернуть	V	1
перевернуться	V	1
перевод	S	1
перевоплощаться	V	1
перевёртывать	V	1
переговариваться	V	1
переговоры	S	1
перегонять	V	1
перегретый	A	1
передаваемый	A	1
передвижение	S	1
передышка	S	1
переживать	V	1
пережить	V	1
пережёвывать	V	1
перезвон	S	1
перекатываться	V	1
перекликаться	V	1
перекрытие	S	1
переломить	V	1
перелётный	A	1
переменить	V	1
перемешать	V	1
перемешаться	V	1
перемирие	S	1
перенапряжение	S	1
перенимать	V	1
переоценить	V	1
перепелый	A	1
переполнение	S	1
перерождаться	V	1
переселиться	V	1
переселяться	V	1
пересечение	S	1
пересилить	V	1
пересылать	V	1
пересыхать	V	1
переть	V	1
перехватить	V	1
переход	S	1
перечесть	V	1
перечислить	V	1
перечислять	V	1
перешагивать	V	1
перешёптывание	S	1
перикардий	S	1
пернатое	S	1
перстень	S	1
перфект	S	1
перхоть	S	1
песнопевец	S	1
пест	S	1
пестреть	V	1
пестрохвостый	A	1
песчинка	S	1
петься	V	1
печально	ADV	1
печатка	S	1
печать	S	1
печь	V	1
печься	V	1
пила	S	1
пинака	S	1
пирожное	S	1
пиршество	S	1
питримедх	S	1
питримедху	S	1
питьё	S	1
пишущий	A	1
пл	S	1
плавильщик	S	1
плавный	A	1
плакшея	S	1
пламеннагой	A	1
пламенновласый	A	1
планка	S	1
пластина	S	1
плательщик	S	1
плаха	S	1
плацента	S	1
плаша	S	1
плащ	S	1
плащъ	S	1
плеваться	V	1
плен	S	1
пленить	V	1
пленный	A	1
пленный	S	1
плескать	V	1
плетельщик	S	1
плетение	S	1
плетьмить	V	1
плечевой	A	1
плешивец	S	1
плита	S	1
плодамъ	S	1
плодовый	A	1
плодоношение	S	1
плодотворно	ADV	1
плодотворность	S	1
плодъ	S	1
плотоядный	A	1
плотск	S	1
плугоносец	S	1
плут	S	1
плутовка	S	1
плутовство	S	1
плухо	S	1
плюнуть	V	1
пляс	S	1
плясун	S	1
по-детски	ADV	1
по-иному	ADV	1
по-настоящему	ADV	1
по-разному	ADV	1
по-человечески	ADV	1
побагроветь	V	1
победительница	S	1
побеседовать	V	1
побивать	V	1
поблёклый	A	1
поборник	S	1
побранить	V	1
побудительный	A	1
побужденной	A	1
побуждить	V	1
повалить	V	1
повелительный	A	1
повергаться	V	1
поверить	V	1
повесить	V	1
повилика	S	1
повинный	A	1
повлиять	V	1
поворотный	A	1
повторяться	V	1
повязать	V	1
повязывать	V	1
поганый	A	1
погаситель	S	1
погашать	V	1
погашаться	V	1
погладить	V	1
поглощаться	V	1
погода	S	1
погра	S	1
пограничный	A	1
погреб	S	1
погребение	S	1
погрозить	V	1
подавление	S	1
подавляться	V	1
подарить	V	1
подаян	S	1
подбадривание	S	1
подбежать	V	1
подбирать	V	1
подбить	V	1
подбодрить	V	1
подвергать	V	1
подвергаться	V	1
подвергнуть	V	1
подверженность	S	1
подвесной	A	1
подвижник-ять	S	1
подвижничать	V	1
подвижнический	A	1
подвижность	S	1
подвизаться	V	1
подвинуть	V	1
подговаривать	V	1
подговор	S	1
подгонять	V	1
подготавливать	V	1
подготовка	S	1
подданый	A	1
поддаться	V	1
поддерживаться	V	1
поделить	V	1
поджигать	V	1
подзадоривать	V	1
подкатываться	V	1
подкова	S	1
подковообразный	A	1
подкрасться	V	1
подкрепить	V	1
подкрепляться	V	1
подкручивать	V	1
подкупать	V	1
подлесок	S	1
подливать	V	1
подливка	S	1
подложить	V	1
подлость	S	1
подманить	V	1
подметание	S	1
подметать	V	1
подмешивать	V	1
подмога	S	1
подмывать	V	1
подмываться	V	1
подневольный	A	1
подобрать	V	1
подогнуть	V	1
подождать	V	1
подозревать	V	1
подозрение	S	1
подорожник	S	1
подослать	V	1
подошва	S	1
подпасть	V	1
подпевать	V	1
подползти	V	1
подпорка	S	1
подпоясать	V	1
подпрыгнуть	V	1
подразделение	S	1
подразумевать	V	1
подрыть	V	1
подсказать	V	1
подставить	V	1
подставка	S	1
подстелить	V	1
подстерегать	V	1
подстрекать	V	1
подстроить	V	1
подступать	V	1
подтверждать	V	1
подтверждаться	V	1
подтверждение	S	1
подтягивать	V	1
подтягиваться	V	1
подтянутый	A	1
подумывать	V	1
подчиниться	V	1
подчистить	V	1
подъ	S	1
подъесть	V	1
подъехать	V	1
подымиться	V	1
подёргивание	S	1
поедаться	V	1
поезд	S	1
поездка	S	1
поехать	V	1
пожаловать	V	1
пожелай-дерево	S	1
пожертвование	S	1
пожизненный	A	1
пожилой	A	1
позавидовать	V	1
позвонок	S	1
позвякивание	S	1
поздравление	S	1
познавательный	A	1
познавш	S	1
поимённо	ADV	1
покарать	V	1
покачивать	V	1
поклевать	V	1
поклонник	S	1
поколебать	V	1
поколебаться	V	1
покорилъ	S	1
покориться	V	1
покоряться	V	1
покричать	V	1
покружить	V	1
покрутить	V	1
покуда	ADV	1
покупать	V	1
покупной	A	1
полагание	S	1
полгода	S	1
полезно	ADV	1
полемический	A	1
поленница	S	1
полететь	V	1
полечь	V	1
полжертва	S	1
ползун	S	1
ползучий	A	1
поливание	S	1
поливка	S	1
политический	A	1
полка	S	1
полмесяца	S	1
полно	ADV	1
полнобедрый	A	1
полнобрюхий	A	1
полноводность	S	1
полноводье	S	1
полногрудый	A	1
полномочный	A	1
половой	A	1
положиться	V	1
полосатый	A	1
полоскать	V	1
полоскаться	V	1
полпути	S	1
полсылать	V	1
полубог	S	1
полубогиня	S	1
полузакрытый	A	1
полумёртвый	A	1
полуотпрыск	S	1
полуприкрыть	V	1
полупустой	A	1
полусырой	A	1
поляна	S	1
помаслить	V	1
помахивание	S	1
поменяться	V	1
пометить	V	1
помешать	V	1
помост	S	1
помутнение	S	1
помутнеть	V	1
помёт	S	1
понапрасну	ADV	1
понедельник	S	1
понести	V	1
понизу	ADV	1
понимающий	A	1
поныне	ADV	1
понятие	S	1
поохотиться	V	1
попасться	V	1
попеременно	ADV	1
поперечина	S	1
поперечный	A	1
попирать	V	1
поплатиться	V	1
пополнение	S	1
пополнять	V	1
пополоскать	V	1
попотеть	V	1
поправимый	A	1
поправить	V	1
поправиться	V	1
попрекать	V	1
поработить	V	1
порабощать	V	1
порасти	V	1
порезать	V	1
порей	S	1
порешить	V	1
порка	S	1
порог	S	1
породистый	A	1
породитель	S	1
порознь	ADV	1
порошковый	A	1
портной	S	1
портрет	S	1
порубить	V	1
порубка	S	1
поруганный	A	1
поручать	V	1
поручитель	S	1
поручиться	V	1
порываться	V	1
пос	S	1
посвататься	V	1
посев	S	1
посессивный	A	1
поскользнуться	V	1
посланница	S	1
послужить	V	1
послушать	V	1
послушаться	V	1
посмертный	A	1
посметь	V	1
посмешище	S	1
посмеяться	V	1
пособник	S	1
посол	S	1
посольство	S	1
пососать	V	1
поспа	S	1
поспешный	A	1
посрамлять	V	1
посредница-ветер	S	1
посредствомъ	S	1
поссориться	V	1
поставляетъ	S	1
поставщик	S	1
постареть	V	1
постигаться	V	1
постпозиция	S	1
пострадать	V	1
построиться	V	1
постукивание	S	1
постыдный	A	1
посудить	V	1
посчитать	V	1
посчитаться	V	1
посыльный	A	1
посыльный-сут	S	1
посыпать	V	1
потаскуха	S	1
потенция	S	1
потереться	V	1
потерпеть	V	1
потерянный	V	1
потеха	S	1
потирать	V	1
потопить	V	1
потребовать	V	1
потребоваться	V	1
потревожить	V	1
потрястись	V	1
потусторонний	A	1
потушить	V	1
потягивать	V	1
поутихнуть	V	1
похвально	ADV	1
похлопывать	V	1
похороны	S	1
поцарапать	V	1
почесать	V	1
почесть	V	1
почин	S	1
почмокать	V	1
почтивъ	S	1
почуять	V	1
почёсывать	V	1
почёсываться	V	1
почётно	ADV	1
пошатнуться	V	1
пояснить	V	1
пра	S	1
прабабушка	S	1
прабхадрак	S	1
прабхадрака	S	1
праваргие	S	1
праваргь	S	1
правдоподобность	S	1
правдоречивать	V	1
правдоречивость	S	1
праведница	S	1
правнучка	S	1
правонарушитель	S	1
правосторонний	A	1
прадар	S	1
праджапати	S	1
праджапатие	S	1
праканкат	S	1
пракрит	S	1
пракрия	S	1
практический	A	1
прамритой	S	1
пранава	S	1
пранасамьям	S	1
прарабдх	S	1
прарабдха	S	1
прастав	S	1
прастх	S	1
прасут	S	1
пратибх	S	1
пратибха	S	1
пратихара	S	1
пратихартара	S	1
пратьяхара	S	1
прачечник	S	1
прачинавитин	S	1
пращ	S	1
пребыть	V	1
превеликий	A	1
превозвысить	V	1
превозмочь	V	1
превратно	ADV	1
превращать	V	1
превращаться	V	1
преграждение	S	1
преданно	ADV	1
преданный	A	1
предвестник	S	1
предвечный	A	1
предвидеться	V	1
предвкушать	V	1
предводительница	S	1
предгрозовой	A	1
предметамъ	S	1
предметность	S	1
предметомъ	S	1
предначертать	V	1
предоставлять	V	1
предостерегать	V	1
предостережение	S	1
предостойный	A	1
предотвратительный	A	1
предписанныхъ	S	1
предписывать	V	1
предписываться	V	1
предплечье	S	1
предполагаться	V	1
предпочитать	V	1
предпочтение	S	1
предпочтительно	ADV	1
предприимчивость	S	1
предприимчивый	A	1
предприниматься	V	1
предприятие	S	1
представать	V	1
представительный	A	1
представитъ	S	1
предубеждение	S	1
предугадать	V	1
предупредить	V	1
предупреждение	S	1
предусмотренный	V	1
предчувство	S	1
предшественник	S	1
преждевоспринять	V	1
преждевременный	A	1
преждезамеченный	A	1
прежестокий	A	1
презрительный	A	1
преимущественно	ADV	1
преисполняться	V	1
преклонение	S	1
преклоняться	V	1
прекраснобровый	A	1
прекрасноголосый	A	1
прекраснодать	V	1
прекраснозубый	A	1
прекраснокола	S	1
прекраснолика	S	1
прекраснолобый	A	1
прекрасноносый	A	1
прекраснопалый	A	1
прекрасноязыкий	A	1
прекрасноязычный	A	1
прекраспорукий	A	1
прелестноокий	A	1
прельстить	V	1
прельститься	V	1
прелюбодеяние	S	1
пренебрегаться	V	1
пренебрежительно	ADV	1
преобороть	V	1
преображение	S	1
преодол	S	1
преподносить	V	1
препона	S	1
препоручить	V	1
препроводить	V	1
прерваться	V	1
пререкание	S	1
пресветлый	A	1
пресвятой	A	1
пресекаться	V	1
пресный	A	1
преступный	A	1
претерпеть	V	1
преходящесть	S	1
прецедент	S	1
приб	S	1
прибавить	V	1
прибавлять	V	1
прибавляться	V	1
приближать	V	1
прибор	S	1
прибрать	V	1
прибрежный	A	1
прибрежныхъ	S	1
прибывать	V	1
приведение	S	1
приверженность	S	1
приветить	V	1
привечать	V	1
привидение	S	1
привождение	S	1
привольный	A	1
привратный	A	1
привходить	V	1
привязываться	V	1
пригвождать	V	1
пригибать	V	1
приглаживать	V	1
пригодность	S	1
пригодный	A	1
пригоршня	S	1
приготовитель	S	1
приготовительница	S	1
приготовляться	V	1
пригрозить	V	1
придавать	V	1
придака	S	1
придача	S	1
придворный	A	1
придирка	S	1
придраться	V	1
придумать	V	1
придумывать	V	1
приемлющий	A	1
приетанище	S	1
прижиматься	V	1
призадуматься	V	1
признаваться	V	1
признанный	A	1
признаться	V	1
призываться	V	1
прикладывать	V	1
приклонить	V	1
приключение	S	1
приковать	V	1
прикосновеньемъ	S	1
прикрепление	S	1
прикреплять	V	1
прикрепляться	V	1
прикрытие	S	1
прилегать	V	1
прилежание	S	1
прилежно	ADV	1
прилететь	V	1
прилипнуть	V	1
приличествовать	V	1
прильнувъ	S	1
примесь	S	1
приметить	V	1
примечать	V	1
примирительный	A	1
примирять	V	1
примысливание	S	1
примять	V	1
принбыть	V	1
приникнуть	V	1
приноситъ	S	1
приносящий	A	1
приношеньямъ	S	1
принт	S	1
принуждать	V	1
принцип	S	1
принюхаться	V	1
приобщить	V	1
приостановиться	V	1
приоткрывать	V	1
приписываться	V	1
припоминание	S	1
припоминать	V	1
припрячь	V	1
припудрить	V	1
приравниваться	V	1
приращение	S	1
прирождённый	A	1
приручать	V	1
присесть	V	1
прислониться	V	1
прислужница	S	1
прислушаться	V	1
прислушивание	S	1
прислушивиться	V	1
присматриваться	V	1
присоединять	V	1
присоединяться	V	1
приспешник	S	1
приспособление	S	1
пристойный	A	1
пристраститься	V	1
пристрастный	A	1
приступ	S	1
пристыдить	V	1
присущность	S	1
притащённый	A	1
притворно	ADV	1
притворяться	V	1
притеснять	V	1
притесняться	V	1
притихнуть	V	1
приток	S	1
прить	V	1
притягательный	A	1
притягиваться	V	1
притязать	V	1
притянуть	V	1
приучить	V	1
приходиться	V	1
приходятъ	S	1
прицелиться	V	1
причинение	S	1
причисляться	V	1
причудливый	A	1
пришелец	S	1
пришибать	V	1
приязнь	S	1
прияк	S	1
приял	S	1
приямедх	S	1
приянг	S	1
приятнопрохладный	A	1
приятность	S	1
приять	V	1
приёмный	A	1
пробегать	V	1
пробивать	V	1
проблематичность	S	1
пробный	A	1
пробраться	V	1
пробуравливать	V	1
проверять	V	1
провещать	V	1
провидение	S	1
провидеть	V	1
проводник	S	1
провозвестник	S	1
провозглашаться	V	1
проволока	S	1
проволочка	S	1
проворно	ADV	1
прогневить	V	1
прогуляться-развлечься	V	1
продать	V	1
проделать	V	1
продемонстрировать	V	1
продлеватель	S	1
продлитель	S	1
продлить	V	1
продлиться	V	1
продолжаться	V	1
продолжить	V	1
продольный	A	1
продувать	V	1
продукт	S	1
продумать	V	1
проективный	A	1
прожигать	V	1
прозвание	S	1
прозвучать	V	1
прозрачность	S	1
прозываться	V	1
проигрыш	S	1
производитель	S	1
производная	S	1
производство	S	1
произрастать	V	1
произходящий	A	1
происки	S	1
проистекать	V	1
происходитъ	S	1
прокалывать	V	1
пролагать	V	1
проламыватель	S	1
пролегать	V	1
пролежать	V	1
проливаться	V	1
пролом	S	1
пронзание	S	1
пронзительница	S	1
пронзительно	ADV	1
пронзительный	A	1
проникновение	S	1
проницаемый	A	1
пропеть	V	1
пропечь	V	1
проповедовать	V	1
проползать	V	1
прополоскать	V	1
прорастать	V	1
прорасти	V	1
прореха	S	1
прорицательница	S	1
проростаять	V	1
пророческий	A	1
прорыв	S	1
прорывать	V	1
прорыть	V	1
просватать	V	1
просвет	S	1
просветлённый	A	1
просвечивать	V	1
просвещать	V	1
просечь	V	1
проситель	S	1
проситъ	S	1
просиять	V	1
проскочить	V	1
прослабление	S	1
прослыть	V	1
проснуться	V	1
просо	S	1
проспать	V	1
простереть	V	1
простоволосый	A	1
простодушный	A	1
простонародье	S	1
проступать	V	1
проступить	V	1
просяной	A	1
проталкиваться	V	1
протащить	V	1
протекание	S	1
противиться	V	1
противодействовать	V	1
противоестественный	A	1
противопоставить	V	1
противор	S	1
проткнуть	V	1
проток	S	1
протягиваться	V	1
протяжённый	A	1
профессия	S	1
прохаживаться	V	1
прохладно	ADV	1
проход	S	1
проходимый	A	1
прохождение	S	1
прохожий	S	1
процессия	S	1
прочность	S	1
прошедший	A	1
прошептать	V	1
прошествие	S	1
прояснить	V	1
проясниться	V	1
проясняться	V	1
прыжок	S	1
прямодушный	A	1
прямоспинной	A	1
пряность	S	1
псевдооснование	S	1
псевдопример	S	1
псоядец	S	1
птица-шарнг	S	1
пук	S	1
пулинда	S	1
пулькаса	S	1
пунарнавой	S	1
пунашчить	S	1
пундра	S	1
пундрова	S	1
пупъ	S	1
пуран	S	1
пурашчаран	S	1
пурашчарать	V	1
пурушатва	S	1
пурьяштак	S	1
пурьяштака	S	1
пускаться	V	1
пустеть	V	1
пустошь	S	1
пустырь	S	1
путаник	S	1
путаница	S	1
путешествовать	V	1
путик	S	1
путрик	S	1
путрика	S	1
путудра	S	1
пушкарь	S	1
пуще	ADV	1
пхальгун	S	1
пхенап	S	1
пхут	S	1
пылинка	S	1
пылко	ADV	1
пытка	S	1
пыхтение	S	1
пышноволосый	A	1
пышногривый	A	1
пьянеть	V	1
пьянство	S	1
пьяный	S	1
пьяным-пьяный	A	1
пятеричность	S	1
пятиголова	S	1
пятизвёздный	A	1
пятикратный	A	1
пятилетие	S	1
пятилетний	A	1
пятиричный	A	1
пятисоставной	A	1
пятицветный	A	1
пятичастный	A	1
пятнаться	V	1
пятница	S	1
пятнышко	S	1
пятёрка	S	1
работник	S	1
равенство	S	1
равновесомый	A	1
равноденствие	S	1
равномерный	A	1
равномыслие	S	1
равносильный	A	1
равнять	V	1
рад	A	1
рада	S	1
радетель	S	1
раджа-йога	S	1
раджан	S	1
раджас	S	1
раджаякшма	S	1
раджо-гун	S	1
радушие	S	1
радушно	ADV	1
разбавить	V	1
разбазаривать	V	1
разбирательство	S	1
разбор	S	1
разброд	S	1
разбрызгать	V	1
разбухать	V	1
разбушеваться	V	1
развеваться	V	1
разведать	V	1
разверзать	V	1
разверзнуться	V	1
развернуть	V	1
развиваться	V	1
развилка	S	1
развитие	S	1
развить	V	1
развлеченъ	S	1
развлечь	V	1
развлечься	V	1
развозить	V	1
развоплощенность	S	1
развратить	V	1
развратный	A	1
развращаться	V	1
развёртывание	S	1
разгадать	V	1
разгар	S	1
разгласить	V	1
разглашаться	V	1
разглашение	S	1
разглядывать	V	1
разгна	S	1
разговорчивый	A	1
разгонять	V	1
разгорячить	V	1
разграничить	V	1
разгромить	V	1
разгрызать	V	1
разгул	S	1
разда	S	1
раздаривать	V	1
раздаться	V	1
раздвинуть	V	1
раздвоить	V	1
раздевать	V	1
разделитель	S	1
разделывание	S	1
разделыватель	S	1
разделяться	V	1
раздеться	V	1
раздражаться	V	1
раздражение	S	1
раздувание	S	1
раздумывать	V	1
раздутый	A	1
раздуть	V	1
раздуться	V	1
разжать	V	1
раззадорить	V	1
раззолотить	V	1
разлагаться	V	1
разлетаться	V	1
различныхъ	S	1
разложение	S	1
разломаться	V	1
разлучение	S	1
размазывать	V	1
размахнуться	V	1
размеренный	V	1
разметать	V	1
разметаться	V	1
размешать	V	1
размножаться	V	1
размножение	S	1
размыслить	V	1
размышленный	A	1
разнестись	V	1
разномастный	A	1
разнообразно	ADV	1
разнородный	A	1
разноцть	V	1
разныхъ	S	1
разобрать	V	1
разобщить	V	1
разогнать	V	1
разогнуть	V	1
разогревание	S	1
разойтись	V	1
разом	ADV	1
разослать	V	1
разражаться	V	1
разрастись	V	1
разрешать	V	1
разрешаться	V	1
разрубать	V	1
разрумянить	V	1
разрушительница	S	1
разрушиться	V	1
разрыть	V	1
разстаться	V	1
разумие	S	1
разумность	S	1
разумомъ	S	1
разумъ	S	1
разъединить	V	1
разъединиться	V	1
разъехаться	V	1
разъяснять	V	1
разъять	V	1
разыграться	V	1
разымета	S	1
райский	A	1
ракшасоподобный	A	1
раненый	S	1
ранимый	A	1
рановыезжать	V	1
раскаиваться	V	1
раскаленный	A	1
раскалываться	V	1
раскачать	V	1
раскачивать	V	1
раскачиваться	V	1
раскаяться	V	1
раскинуть	V	1
раскинуться	V	1
раскладывание	S	1
раскроить	V	1
раскручивать	V	1
распахнуться	V	1
распивание	S	1
расписывать	V	1
распознание	S	1
расползаться	V	1
распорядитель	S	1
распорядиться	V	1
расправа	S	1
распределенность	S	1
распределённый	A	1
распределённый	V	1
распростереться	V	1
распростирать	V	1
распря	S	1
распрямляться	V	1
распрячь	V	1
распугивать	V	1
распутница	S	1
распухать	V	1
распухнуть	V	1
рассеивание	S	1
рассеиватель	S	1
расселина	S	1
расселить	V	1
рассердить	V	1
расслабление	S	1
расслаблять	V	1
расслабляться	V	1
расспрос	S	1
расспросить	V	1
рассредоточить	V	1
рассредоточиться	V	1
расставание	S	1
расставаться	V	1
расступаться	V	1
рассудительность	S	1
рассудительный	A	1
рассудить	V	1
рассчитать	V	1
растаптывать	V	1
раствор	S	1
растворить	V	1
растворять	V	1
растеряться	V	1
растечься	V	1
растительный	A	1
растолочь	V	1
растоптать	V	1
расточительность	S	1
растрачивать	V	1
растрёпывать	V	1
растягивать	V	1
расхаживать	V	1
расхваливать	V	1
расходиться	V	1
расцвести	V	1
расцвет	S	1
расцветать	V	1
расцть	V	1
расчистить	V	1
расчёсывание	S	1
расчёсывать	V	1
расширение	S	1
расширяться	V	1
расщелина	S	1
расщепитель	S	1
расщепление	S	1
ратхином	S	1
рвануть	V	1
рваный	A	1
рдеть	V	1
ребристый	A	1
ребятня	S	1
ребячество	S	1
ревниво	ADV	1
ревнивый	A	1
ревност	S	1
регресс	S	1
регулирование	S	1
резание	S	1
резко	ADV	1
резюмировать	V	1
рей	S	1
рекомендовать	V	1
релига	S	1
ремесленница	S	1
ремесло	S	1
ремня-луч	S	1
рен	S	1
ренъ	S	1
референция	S	1
рефлексивный	A	1
рефлективный	A	1
рецитация	S	1
рецитировать	V	1
речак	S	1
речка	S	1
речушка	S	1
ржавый	A	1
рикшик	S	1
рисинк	S	1
риск	S	1
рисунок	S	1
рич	S	1
ришик	S	1
робость	S	1
ровно	ADV	1
роговой	A	1
родительный	A	1
родственница	S	1
родхинь	S	1
рождёние	S	1
рожок	S	1
роить	V	1
рокотать	V	1
ромапасть	V	1
ропанака	S	1
ропот	S	1
роптать	V	1
роспуск	S	1
рубец	S	1
рубило	S	1
рубиновый	A	1
рубль	S	1
ругатель	S	1
ругаться	V	1
рукав	S	1
рукавица	S	1
рукастый	A	1
руководитель	S	1
руководство	S	1
рукопись	S	1
рулевой	A	1
румяна	S	1
рупия	S	1
русло	S	1
ручака	S	1
рыбка	S	1
рыболов	S	1
рыжеватый	A	1
рыжеволосый	A	1
рыжеть	V	1
рыкание	S	1
рытьё	S	1
рыхлый	A	1
рябой	A	1
рябчик	S	1
рядить	V	1
ряска	S	1
рёберный	A	1
с-семя	S	1
савана-день	S	1
савитарка	S	1
савичара	S	1
саданв	S	1
садасие	S	1
садасье	S	1
садасьев	S	1
садху	S	1
садхьев	A	1
сажень	S	1
салокие	S	1
самавартать	V	1
самавешить	V	1
самапатти	S	1
саммохан	S	1
самогласный	A	1
самодостаточность	S	1
самодостигаемый	A	1
самозабвение	S	1
самозародиться	V	1
самоизлучаться	V	1
самоконтроль	S	1
самомъ	S	1
самонаблюдение	S	1
самообучение	S	1
самоопределение	S	1
самоосознавать	V	1
самоотверженно	ADV	1
самоотверженность	S	1
самоочищение	S	1
самопредание	S	1
саморазрушение	S	1
самосознание	S	1
самоуверенный	A	1
самскандх	S	1
самтапан	S	1
самхит	S	1
самьям	S	1
санака	S	1
сансарина	S	1
сансарический	A	1
сапожник	S	1
сарало	S	1
сарваджит	S	1
сарвамедх	S	1
сарвамедху	S	1
сардж	S	1
сари	S	1
сарик	S	1
сарпасие	S	1
саршти	S	1
саткарья-вад	S	1
саткарьявада	S	1
саттва	S	1
саттвический	A	1
саттвичный	A	1
саттраяный	A	1
сатьянрить	V	1
сахадевить	V	1
саюджий	A	1
сбегать	V	1
сбегаться	V	1
сбежаться	V	1
сберечь	V	1
сборник	S	1
свабхававад	S	1
свабхавый	A	1
свага	S	1
свадхьять	V	1
свалить	V	1
свалиться	V	1
свалка	S	1
сварджито	S	1
сварение	S	1
сватать	V	1
сведение	S	1
свежесбить	V	1
свежесть	S	1
свежеть	V	1
свергать	V	1
сверкнуть	V	1
сверхлёгкость	S	1
сверхтяжесть	S	1
сверхъестественный	A	1
сверчок	S	1
свершение	S	1
свершиться	V	1
свеситься	V	1
светловатый	A	1
светлоликий	A	1
светлоокрашенный	A	1
светляк	S	1
светопреставление	S	1
светоч	S	1
светский	A	1
свешиваться	V	1
свидетельский	A	1
свидетельствующий	A	1
свинина	S	1
свинцовый	A	1
свирепствовать	V	1
свисать	V	1
свистящий	A	1
свод	S	1
сводный	A	1
своевластие	S	1
своевластный	A	1
своеволие	S	1
своевольный	A	1
своекорыстие	S	1
своекорыстный	A	1
свойственно	ADV	1
сворачиваться	V	1
свояк	S	1
связанность	S	1
связуемость	S	1
связываться	V	1
святоша	S	1
святыхъ	S	1
священномъ	S	1
свёрнутый	A	1
сгибаться	V	1
сгинуть	V	1
сговор	S	1
сговориться	V	1
сгон	S	1
сгрызть	V	1
сгустить	V	1
сгущение	S	1
сдавливать	V	1
сдвинуться	V	1
сдерживаться	V	1
себялюбивый	A	1
сегмент	S	1
сегодняшний	A	1
секреция	S	1
селиться	V	1
село	S	1
сель	S	1
сельский	A	1
селянин	S	1
семенной	A	1
семечко	S	1
семивратный	A	1
семидневный	A	1
семидонный	A	1
семикольный	A	1
семикратно	ADV	1
семилистный	A	1
семиричность	S	1
семироть	V	1
семишажный	A	1
семнадцатый	A	1
семёрка	S	1
сенамукх	S	1
сено	S	1
сенямукх	S	1
сердитый	A	1
сердца	S	1
серия	S	1
серный	A	1
сетка	S	1
сечение	S	1
сеятель	S	1
сжатие	S	1
сжигание	S	1
сжимание	S	1
сиддхамить	V	1
силанджать	V	1
силахъ	S	1
силиться	V	1
сильнорукий	A	1
символ	S	1
симметричный	A	1
симть	V	1
сине-красный	A	1
синева	S	1
синоним	S	1
синхалов	S	1
сирис	S	1
сириш	S	1
сирый	A	1
сиюминутный	A	1
сказ	S	1
сказитель	S	1
скал	S	1
скамейка	S	1
скаред	S	1
скатиться	V	1
скачка	S	1
скверный	A	1
скворцовый	A	1
скворчиха	S	1
скинуть	V	1
скиталец	S	1
скиф	S	1
склад	S	1
склоняемый	A	1
скоба	S	1
скользкий	A	1
скомкать	V	1
сконструировать	V	1
скопидомство	S	1
скопить	V	1
скорбно	ADV	1
скотный	A	1
скотский	A	1
скребница	S	1
скреплять	V	1
скротум	S	1
скудеть	V	1
скула	S	1
слабовольный	A	1
славно	ADV	1
слагатель	S	1
слагаться	V	1
сладко	ADV	1
сладострастие	S	1
слаженный	A	1
сластолюбец	S	1
сластолюбивый	A	1
сласть	S	1
слезать	V	1
слетаться	V	1
слив	S	1
сливка	S	1
слившихся-с-природый	A	1
слить	V	1
слишкомъ	S	1
слово-ваджра	S	1
слово-вдохновение	S	1
словоохотливость	S	1
словопрение	S	1
сложность	S	1
слоновъ	S	1
слоноликий	A	1
слоноподобный	A	1
слонъ	S	1
слухъ	S	1
случаться	V	1
слушание	S	1
слыть	V	1
слышание	S	1
слышаться	V	1
слюна	S	1
слёзный	A	1
смежать	V	1
смежить	V	1
смежность	S	1
смениться	V	1
сменяться	V	1
смерт	S	1
смехотворно	ADV	1
смешанность	S	1
смешанный	V	1
смешивание	S	1
смешивать	V	1
смещение	S	1
сминать	V	1
смиритель	S	1
смирный	A	1
смиряться	V	1
сморщиться	V	1
смотровой	A	1
смочить	V	1
смрити	S	1
смуглянка	S	1
смущаетъ	S	1
смущение	S	1
смыслить	V	1
смягчающий	A	1
снабжать	V	1
снарядиться	V	1
снаряжать	V	1
снасть	S	1
снатаковы	S	1
снижать	V	1
сниматься	V	1
снискание	S	1
сница	S	1
сновать	V	1
сноровка	S	1
сноси	S	1
сноха	S	1
со-постижение	S	1
собакоед	S	1
собачей	S	1
собачник	S	1
собеседование	S	1
собирательница	S	1
соблаговолить	V	1
соблазниться	V	1
соблюсти	V	1
собство	S	1
совершитель	S	1
совершиться	V	1
совесть	S	1
совещание	S	1
совещательный	A	1
совещаться	V	1
совладать	V	1
совлечься	V	1
совмещение	S	1
совратить	V	1
соглас	S	1
согласенъ	S	1
согласоваться	V	1
согревать	V	1
содержатель	S	1
содержательный	A	1
содрать	V	1
содрогание	S	1
сожалеть	V	1
сожигать	V	1
сожительство	S	1
сожительствовать	V	1
создаваться	V	1
создательница	S	1
созерцан	S	1
созерцатель	S	1
созерцательность	S	1
созидание	S	1
созидатель	S	1
созидать	V	1
сознавать	V	1
сознательно	ADV	1
сознательность	S	1
созрелый	A	1
сокрыть	V	1
солдат	S	1
солнечнокожий	A	1
солнце-глаз	S	1
солнце-и-лун	S	1
солнцецветный	A	1
соловей	S	1
соломинка	S	1
сомаки	S	1
сомаковый	A	1
сомалата	S	1
сомкнуться	V	1
сомн	S	1
сомнительно	ADV	1
сомопьющий	A	1
сонливый	A	1
сообразительный	A	1
сообразный	A	1
сообразоваться	V	1
сообща	ADV	1
сообщаться	V	1
сообщник	S	1
соответственный	A	1
соотнесение	S	1
соотносительный	A	1
соотносить	V	1
соотноситься	V	1
сопля	S	1
сопоставить	V	1
соприкасаться	V	1
соприкоснуться	V	1
сопричастный	A	1
сопряженный	A	1
сор	S	1
соразмерить	V	1
сорветъ	S	1
соревноваться	V	1
сороковой	A	1
сортировать	V	1
сосание	S	1
сосватать	V	1
соседский	A	1
соседство	S	1
соскакивать	V	1
соскрести	V	1
сословие	S	1
сосок	S	1
сосредоточенно	ADV	1
сосредоточие	S	1
составиться	V	1
составляетъ	S	1
состоятельный	A	1
сострадать	V	1
сосуд-панцирь	S	1
сосунок	S	1
сосущныхъ	S	1
соткать	V	1
сотоварищ	S	1
сотовый	A	1
соты	S	1
соучастие	S	1
софистический	A	1
сохраниться	V	1
сохраняться	V	1
сочетатель	S	1
сочетать	V	1
сочувствователь	S	1
сочувствовать	V	1
союзнический	A	1
спальня	S	1
спалять	V	1
спандан	S	1
спаньё	S	1
спасительница	S	1
спастись	V	1
спецификация	S	1
специфичный	A	1
спешиться	V	1
спин	S	1
спиртное	S	1
списывание	S	1
спланировать	V	1
сплестись	V	1
сплетать	V	1
сплетение	S	1
сплотиться	V	1
сплошь	ADV	1
сполох	S	1
спонтанный	A	1
спороть	V	1
спорщик	S	1
способенъ	S	1
споспешествовать	V	1
споткнуться	V	1
справить	V	1
справиться	V	1
справлять	V	1
спрашиваться	V	1
спрыгивать	V	1
спугивать	V	1
спуск	S	1
спутать	V	1
спутаться	V	1
спхие	S	1
сравнивать	V	1
сравниваться	V	1
сравнимый	A	1
сравнительный	A	1
сравниться	V	1
срам	S	1
среда	S	1
средина	S	1
срималенький	A	1
сринджай	S	1
сринджайя	S	1
сринджая	S	1
срить	V	1
сродный	A	1
срубать	V	1
срува	S	1
срука	S	1
срывать	V	1
срываться	V	1
ссуда	S	1
ссылаться	V	1
ссылка	S	1
сталкивать	V	1
стальной	A	1
станок	S	1
старение	S	1
старуха	S	1
статуэтка	S	1
створка	S	1
стебло	S	1
стекло	S	1
стереться	V	1
стеснение	S	1
стесняться	V	1
стечься	V	1
стилище	S	1
стимул	S	1
стиральщик	S	1
стирание	S	1
стиратель	S	1
стихнуть	V	1
стихотворный	A	1
стобх	S	1
стобхамить	V	1
стовесельный	A	1
стовратный	A	1
стоглавый	A	1
стойбище	S	1
сторицей	ADV	1
сторониться	V	1
стотысячелучный	A	1
стоумный	A	1
стоцветной	A	1
стояние	S	1
стоянка	S	1
стоячий	A	1
стравливание	S	1
страдалица	S	1
страждущий	A	1
стражник	S	1
странствование	S	1
страстно	ADV	1
страстныхъ	S	1
стратегия	S	1
стрела-бритва	S	1
стрелометание	S	1
стрельба	S	1
стремительно-быстрый	A	1
стремящий	A	1
стрижка	S	1
строительство	S	1
стройно	ADV	1
строптивость	S	1
струйка	S	1
струп	S	1
студент	S	1
стучать	V	1
стхун	S	1
стхунакарн	S	1
стыдно	ADV	1
стягивание	S	1
стянуть	V	1
сублимация	S	1
субъектность	S	1
сувасант	S	1
судебный	A	1
судить	V	1
судный	A	1
судопроизводство	S	1
судорожно	ADV	1
сужать	V	1
сужденный	A	1
сузить	V	1
сукутта	S	1
сукшма-шарир	S	1
суметь	V	1
сумка	S	1
сумма	S	1
суммарно	ADV	1
суник	S	1
супостат	S	1
сураштр	S	1
сураштра	S	1
сурово	ADV	1
суровость	S	1
сурьма	S	1
сурья-лока	S	1
сурьябхедать	V	1
сустхара	S	1
сутракарина	S	1
сухм	S	1
сухорукий	A	1
суша	S	1
сушумный	A	1
сушумять	V	1
сущесство	S	1
существамъ	S	1
существахъ	S	1
существительное	S	1
схожий	A	1
схорониться	V	1
сцепиться	V	1
считаетъ	S	1
сшивать	V	1
сшить	V	1
съедение	S	1
сынишка	S	1
сыновний	A	1
сыр	S	1
сытый	A	1
сякнуть	V	1
сяц	S	1
сяцемъ	S	1
сяцъ	S	1
табличка	S	1
тагарой	S	1
тадурь	S	1
тайнородить	V	1
таккол	S	1
такман	S	1
такусенький	A	1
такшие	S	1
тал	S	1
таладжанг	S	1
таладжангховый	A	1
талант	S	1
талачара	S	1
талаш	S	1
тамалак	S	1
тамастический	A	1
тамошний	A	1
тамралипт	S	1
тамралиптак	S	1
тангалва	S	1
тангана	S	1
тангановый	A	1
танк	S	1
тантрический	A	1
танцовщик	S	1
танцующий	A	1
тапа	S	1
тара	S	1
таралов	S	1
тарелка	S	1
тарпан	S	1
тарштагха	S	1
тат	S	1
тать	V	1
таядар	S	1
тварный	A	1
тваштра	S	1
твердыня	S	1
твердь	S	1
твоимъ	S	1
творительный	A	1
творчество	S	1
творящихъ	S	1
творёный	A	1
телега	S	1
телиться	V	1
тель	S	1
теория	S	1
тепло	ADV	1
теплота	S	1
терем	S	1
терзание	S	1
термит	S	1
терпеливо	ADV	1
терпеливость	S	1
терпеться	V	1
тесание	S	1
тиара	S	1
тигр-бхарата	S	1
тигровый	A	1
тилака	S	1
тильник	S	1
тимингил	S	1
тина	S	1
тиндака	S	1
тиндук	S	1
тиниша	S	1
тиртхам	S	1
тиртхамить	V	1
тиски	S	1
титтибх	S	1
титтирийский	A	1
титхи	S	1
тканьё	S	1
тлеть	V	1
товъ	S	1
тога	S	1
толкание	S	1
толкать	V	1
толпиться	V	1
толстобрюхий	A	1
толстошеий	A	1
только-признак	S	1
только-сознание	S	1
томный	A	1
тонко	ADV	1
тонуть	V	1
топать	V	1
топик	S	1
топить	V	1
топорик	S	1
топот	S	1
торговый	A	1
торопливо	ADV	1
точильный	A	1
точность	S	1
традать	V	1
трансформироваться	V	1
трасарена	S	1
траястринша	S	1
требоваться	V	1
тревожный	A	1
треволнение	S	1
трезвение	S	1
трезво	ADV	1
трезвость	S	1
треножник	S	1
треокий	S	1
трепетный	A	1
треть	S	1
трехглазый	A	1
трехголовый	A	1
трехгунный	A	1
трехколёсный	A	1
трехместный	A	1
трехсложный	A	1
трехспинной	A	1
трехстопный	A	1
трехцветной	A	1
трехцветный	A	1
трехчастный	A	1
трехъ	S	1
трещать	V	1
трещина	S	1
тригартовый	A	1
триголовый	A	1
тридандиный	A	1
тридцатый	A	1
триединый	A	1
тризна	S	1
трикадрук	S	1
тримуртеть	V	1
тринадцативидовый	A	1
трит	S	1
триумф	S	1
триштубх	S	1
тройственность	S	1
трон-лотос	S	1
тронный	A	1
тронуть	V	1
троп	S	1
тростинка	S	1
трубчатый	A	1
трудновозбудимый	A	1
труднодостигать	V	1
труднозапрягать	V	1
труднозримый	A	1
труднонасытимый	A	1
трудноносить	V	1
трудноотразимый	A	1
труднопересекать	V	1
труднопобедить	V	1
труднораспознавать	V	1
трудносозерцать	V	1
трусость	S	1
трут	S	1
трутить	V	1
тряпьё	S	1
трясина	S	1
тряска	S	1
трясогузка	S	1
трёхгранник	S	1
трёхоковать	V	1
трёхстишие	S	1
тугоумный	A	1
тукхар	S	1
тунгак	S	1
тундикер	S	1
тупой	A	1
тускнеть	V	1
тутовый	A	1
тухнуть	V	1
тучеездить	V	1
тучность	S	1
тщательный	A	1
тысячеголовый	A	1
тысячезубый	A	1
тысячекратно	ADV	1
тысячелистый	A	1
тысячелучный	A	1
тысяченогий	A	1
тысячесложный	A	1
тысячеструйный	A	1
ть	V	1
тюрьма	S	1
тяга	S	1
тягло	S	1
тягость	S	1
тяготение	S	1
тяготеть	V	1
тяготить	V	1
тяжба	S	1
тяжеловоз	S	1
тянуть	V	1
тянущий	A	1
тётка	S	1
тёща	S	1
убедить	V	1
убедиться	V	1
убеждённость	S	1
убеждённый	A	1
убеждённый	V	1
убережение	S	1
уберечь	V	1
убирать	V	1
ублаготворение	S	1
ублаготворить	V	1
убранство	S	1
уважаться	V	1
увековечить	V	1
увернуться	V	1
увлажнить	V	1
уврачевать	V	1
увядать	V	1
увядший	A	1
увязнуть	V	1
угар	S	1
угасать	V	1
угасить	V	1
угаснуть	V	1
углублённый	A	1
угнетать	V	1
угнетённость	S	1
угода	S	1
угождённый	A	1
угольничка	S	1
уголёк	S	1
угон	S	1
угостить	V	1
уготовить	V	1
угрожаемый	A	1
угрызение	S	1
угрюмый	A	1
удаваться	V	1
удаль	S	1
удалять	V	1
удалённый	A	1
ударенный	A	1
удатта	S	1
удачный	A	1
удвоение	S	1
удгатар	S	1
удгатара	S	1
удгитхи	S	1
уддалак	S	1
уддать	V	1
уделить	V	1
удивлённый	A	1
удлиняться	V	1
удлинённый	A	1
удовлетвориться	V	1
удовлетворяться	V	1
удоволить	V	1
удостоверить	V	1
удостовериться	V	1
удочерить	V	1
удочка	S	1
удрова	S	1
уехать	V	1
уж	ADV	1
ужаснымъ	S	1
узилище	S	1
узловатый	A	1
узор	S	1
узреть	V	1
уклончиво	ADV	1
уклончивость	S	1
укор	S	1
укорененность	S	1
укоренить	V	1
украшаться	V	1
укротитель	S	1
укрощение	S	1
укус	S	1
улей	S	1
уличный	A	1
умалить	V	1
умаститься	V	1
умелость	S	1
уменьшение	S	1
уменьшиться	V	1
умеренно	ADV	1
умертвить	V	1
умертвление	S	1
умерять	V	1
умиление	S	1
умилосердиться	V	1
умилостивление	S	1
умиротворённость	S	1
умиротворённый	V	1
умножаться	V	1
умножитель	S	1
умозрительный	A	1
умственный	A	1
умудрить	V	1
умышленный	A	1
унбыть	V	1
униат	S	1
универсалия	S	1
униматься	V	1
уничтожаться	V	1
уничтожиться	V	1
унмешить	V	1
уноситель	S	1
уноситься	V	1
унывать	V	1
унять	V	1
уняться	V	1
упа	S	1
упавактар	S	1
упавший	A	1
упавьякхьяный	A	1
упадравый	A	1
упадхи	S	1
упакарман	S	1
упаквас	S	1
упахавие	S	1
упиваться	V	1
упитанный	A	1
уподобить	V	1
упоенный	A	1
упоительный	A	1
упорствовать	V	1
упорядочить	V	1
управиться	V	1
управляющаго	S	1
упражнить	V	1
упражнять	V	1
упражняться	V	1
упрекать	V	1
упрочить	V	1
упряжка-дар	S	1
упятерить	V	1
урвать	V	1
урна	S	1
уровень	S	1
урод	S	1
уродливолица	S	1
уродливолицый	A	1
уронить	V	1
урунд	S	1
урчать	V	1
усаживать	V	1
усиленно	ADV	1
усиленный	V	1
усиливатель	S	1
услаждение	S	1
условленный	A	1
услуживать	V	1
услужить	V	1
услужливость	S	1
усмехнуться	V	1
усмешка	S	1
усмирить	V	1
успевать	V	1
успеть	V	1
уставиться	V	1
установиться	V	1
устрашение	S	1
устремлять	V	1
устроение	S	1
устъ	S	1
устьевый	A	1
усыновить	V	1
утащить	V	1
утвердилъ	S	1
утвержденность	S	1
утешный	A	1
утирать	V	1
утихать	V	1
уткал	S	1
утолимъ	S	1
утолиться	V	1
утолять	V	1
утомить	V	1
утомиться	V	1
утомление	S	1
утонченность	S	1
утопить	V	1
утрачиваться	V	1
утробный	A	1
утсавасанкет	S	1
уттараяна	S	1
утёс	S	1
участый	A	1
ученический	A	1
учетвериться	V	1
учинять	V	1
учитывать	V	1
учитываться	V	1
учтивость	S	1
учёный	A	1
ушан	S	1
ушиб	S	1
ушко-лотос	S	1
ушний	A	1
ущемлять	V	1
уютный	A	1
уяснить	V	1
фазан	S	1
факт	S	1
фальшиво	ADV	1
фехтовальщик	S	1
фиксатор	S	1
фиксированность	S	1
филос	S	1
финиковый	A	1
флажок	S	1
фламинго	S	1
флегма	S	1
флейтист	S	1
фокус	S	1
фокусник	S	1
фонтан	S	1
функционирование	S	1
футляр	S	1
фырканье	S	1
хала-хала	S	1
халахать	V	1
халлис	S	1
хансакаять	V	1
характеризовать	V	1
харахун	S	1
харахуна	S	1
харидравый	A	1
хастикарный	A	1
хатх	S	1
хвастливость	S	1
хвастливый	A	1
хвастун	S	1
хвататься	V	1
хворост	S	1
хвостатый	A	1
хинди	S	1
хладнолучистый	A	1
хлебец	S	1
хлебный	A	1
хлев	S	1
хлестать	V	1
хлестнуть	V	1
хлопкоподобный	A	1
хлопотать	V	1
хлопоты	S	1
хлопчатник	S	1
хмелить	V	1
ховный	A	1
холить	V	1
холка	S	1
холодить	V	1
холодное	S	1
холоднолучевой	A	1
холостой	A	1
холощёный	A	1
хомут	S	1
хорошего-и-плохой	A	1
хорошенько	ADV	1
хостикарный	A	1
хохолок	S	1
хохотать	V	1
храбро	ADV	1
хранительница	S	1
храниться	V	1
храпение	S	1
хрипеть	V	1
хромать	V	1
хрупкий	A	1
хрустальный	A	1
хрящ	S	1
худоба	S	1
худородный	A	1
худощавость	S	1
хуление	S	1
хуновый	A	1
царапание	S	1
царапина	S	1
царапинъ	S	1
царить	V	1
царствовать	V	1
царь-сосед	S	1
царь-тигр	S	1
царёк	S	1
цветистый	A	1
цветной	A	1
цветовод	S	1
целеполагание	S	1
целомудренный	A	1
целостный	A	1
цениться	V	1
цикада	S	1
цикл	S	1
цирюльник	S	1
цитата	S	1
цитировать	V	1
цыновка	S	1
ча	S	1
чавить	V	1
чага	S	1
чадить	V	1
чай	S	1
чайка	S	1
чайтие	S	1
чакравак	S	1
чакрачара	S	1
чамара	S	1
чампак	S	1
чампака	S	1
чампаки	ADV	1
чандра-локо	S	1
чарановый	A	1
чарвака	S	1
чарваковы	S	1
чаровница	S	1
частный	A	1
частца	S	1
чат-чат	S	1
чатуштом	S	1
чахнуть	V	1
чаять	V	1
чванливый	A	1
чего-л	S	1
чедиец	S	1
человек-лев	S	1
человек-ракшас	S	1
человек-тигр	S	1
чем-л	S	1
чередование	S	1
чередоваться	V	1
чернить	V	1
черно	ADV	1
черно-красный	A	1
черноногий	A	1
черноспинной	A	1
чернотелый	A	1
черношейный	A	1
чернь	S	1
черпать	V	1
черта	S	1
черёд	S	1
чесание	S	1
чесать	V	1
ческаго	S	1
чести	V	1
чета	S	1
четверица	S	1
четверной	A	1
четвертовать	V	1
четвёрка	S	1
четырехбивневый	A	1
четырехдлать	V	1
четырехногий	A	1
четырёхугольник	S	1
чехол	S	1
чечевица	S	1
чибис	S	1
чибисовый	A	1
чипудра	S	1
чистка	S	1
чистоструйный	A	1
чистымъ	S	1
чихание	S	1
чичикуча	S	1
чнымъ	S	1
чокша	S	1
чолово	S	1
чоха	S	1
чочь	V	1
чрезвычайный	A	1
чтиться	V	1
чтойность	S	1
чтущий	A	1
чувственность	S	1
чувствительность	S	1
чудаманить	V	1
чудно	ADV	1
чудо-колесница	S	1
чудодейственный	A	1
чудотворец	S	1
чуждаться	V	1
чумиза	S	1
чуть	ADV	1
чхандака	S	1
чхандас	S	1
чёлка	S	1
чём-л	S	1
чёрствый	A	1
чётный	A	1
шакалий	A	1
шакат	S	1
шакварить	V	1
шакие	S	1
шакт	S	1
шаловливый	A	1
шалуда	S	1
шалука	S	1
шаль	S	1
шальвей	S	1
шальвеяк	S	1
шальмать	V	1
шамьяк	S	1
шана	S	1
шанаватья	S	1
шандадурва	S	1
шандиковы	S	1
шани	S	1
шарабха	S	1
шарик	S	1
шарка	S	1
шаркот	S	1
шармаковый	A	1
шатавар	S	1
шатаварить	V	1
шатарудрие	S	1
шатка	S	1
шаткарма	S	1
шаткий	A	1
шаткость	S	1
швавритти	S	1
шваданштра	S	1
швакишкиновый	A	1
швапач	S	1
шейк	S	1
шел	S	1
шепнуть	V	1
шеренга	S	1
шершавый	A	1
шествие	S	1
шествовать	V	1
шестимесячий	A	1
шестиногий	A	1
шестиспицевый	A	1
шестичастный	A	1
шестнадцатилетний	A	1
шея-раковина	S	1
шея-стебель	S	1
шилпакарика	S	1
шимбал	S	1
шимшап	S	1
шиний	S	1
шипавитнук	S	1
шипение	S	1
широкодонный	A	1
широколистный	A	1
широколистый	A	1
широкоокий	A	1
шишка	S	1
шиштов	S	1
шкатулка	S	1
шкомъ	S	1
шлакшнапарня	S	1
шлок	S	1
шлока	S	1
шмель	S	1
шнихъ	S	1
шнурок	S	1
шов	S	1
шпенёк	S	1
шпор	S	1
шравана	S	1
шраддх	S	1
шраддху	S	1
шрень	S	1
шрингатака	S	1
шрипарень	S	1
шубхакритсный	A	1
шукар	S	1
шукара	S	1
шуна-и-сирый	A	1
шундхью	S	1
шурастить	V	1
шякат	S	1
шёлковый	A	1
щастливый	A	1
щебетание	S	1
щебетать	V	1
щекотать	V	1
щель	S	1
щетинка	S	1
щипавитнук	S	1
щипец	S	1
щиток	S	1
щитоносец	S	1
эбеновый	A	1
эгида	S	1
эгоистичность	S	1
эготизм	S	1
экавинша	S	1
экаштака	S	1
эксперт	S	1
экстатический	A	1
эманация	S	1
эмблема	S	1
энергичный	A	1
эпизод	S	1
эпилептик	S	1
эрак	S	1
этимология	S	1
этомъ	S	1
эфемерный	A	1
югандхара	S	1
явановый	A	1
явка	S	1
явленный	A	1
явленный	V	1
ягие	S	1
ягодица	S	1
ягодичный	A	1
яджать	V	1
ядущемъ	S	1
ядхняяджние	S	1
язвить	V	1
языковед	S	1
яйцевидный	A	1
якриллом	S	1
яксить	V	1
якщм	S	1
ямак	S	1
ямаки	S	1
ямие	S	1
ямка	S	1
ярко-красный	A	1
ярко-лучистый	A	1
ярко-сиять	V	1
ярмо	S	1
ярус	S	1
ясноводный	A	1
ясноглазый	A	1
ястребиный	A	1
ятность	S	1
ять	S	1
ячейка	S	1
ячий	A	1
ящичек	S	1
